"20120527","5.0","Does what it needs to do.. its great","The fisheye lens is great. It does the effect like it should and its cheaper than actually buying a full out lens. i definitely recommend others to buy it.""
"20120523","5.0","Worth it","I got this for about 20 bucks after shipping, wasn't really sure what to expect. Considering the fact that in the world of photography 20 bucks is barely enough for a few rolls of name brand film; I could not be happier with this product. Obviously you should not expect the same quality optics that you might get with your stock Canon lens (watch out for lens flare and such) but don't let that scare you away. As many have said before me, because it threads onto the front of your lens it is really more like a filter. It also comes threaded to a separate macro filter which can be challenging to get the hang of, but with much practice it has really helped me understand the finer details of depth of field. The fisheye effect is a lot of fun and if your like me and must use the adapter ring you will get a black 'porthole' effect in your picture, which may not be your thing. To counteract this you could ,at the expense of much the fisheye effect, zoom in until you lose the porthole and you will end up with pleasant wide angle lens with minor fisheye distortion around the edges of the frame, which gives your work a unique flare. Lots of fun, would recommend this to any broke amateur such as I.""
"20120511","1.0","46mm Lens Thread - Beware!","This lens will not work with standard lenses as it needs a 46mm-(xx)mm adapter.I had to order another package consisting of 46 to 52mm adapter rings, which are cheaply made and contain weak thread.As a result, I want the manufacturer to improve their lenses by changing the default thread size from a 46 in to a 52, or more popularly a 58mm thread.Best,Anthony""
"20120510","4.0","Still learning.","I purchased this lens on a whim.  It was not very expensive and I was not expecting much in return, but have been pleasantly surprised.  I am still learning how to effectively use the lens and that has been a lot of fun.  Really happy that I decided to spend the money to play!""
"20120506","1.0","Not worth $20+","This lens is awful. I am appalled that I paid any more than a few bucks for it and would not recommend shelling out the money asked for it. It makes all of the photos look like there is a mist or a haze over the whole entire picture. This is my first 'macro' lens as well as my first fisheye lens and I am ever so disappointed. Apparently, I need to start saving the $1,500 Canon wants for a real one. I do know you get what you pay for but I have never been so disappointed in an off-label product as I am with this.""
"20120504","5.0","Works great with Canon T2i","Got the lens on Friday after ordering on a Tuesday, so the shipping is great. The lens works awesome too. Macro isn't so great, buy extension tubes instead.Pros:Fits canon T2iGood qualityNice fisheye effectAwesome priceno need for extra adaptercomes with caselooks nicecons:Cheaply made (what do you expect)large black barrel around each picture when at 18mm""
"20120424","4.0","Fish eye lens","Overall it's good.  Keep in mind that this is an attachment to a 58mm lens mount.  Works for what I need it for. Thanks""
"20120417","5.0","what a fun lens","This is a great little lens. I don't mind the black around the edge at all, I think its really neat. And if you zoom out you still get a bit of the effect without the black. It's good to have some creative freedom and see what kind of images you can get with this lens. Definitely a fun lens, and totally worth it.""
"20120414","1.0","fisheye lens","I would give this product -5 stars if I could.. It is actually kinda junky. It does not stay on the lens and is nearly impossible to get the fish eye effect from it. All in all very dissatisfied.I purchased this from Amazon and in no way do I hold Amazon responsible. They were as always courteous and fast. I had this product long before the due date for mailing.""
"20120412","5.0","Very High performance, Very reasonable price","Most of the fisheye lenses I have seen over the years have been much more expensive.  The lesser expensive ones were very poor performers.  I was very pleasantly suprised at this lens.  As the title suggests, 'Very High performance, Very reasonable price'.""
"20090925","1.0","Not suitable for an amateur","This lens is very poor quality, and takes poor quality photos. You don't get a wider angle, you only get the fisheye effect...which I can just as easily do in a basic photo editing program.""
"20090912","5.0","Excellent for the price","I use a fisheye occasionaly and this one fills the void. The price is right.""
"20090901","1.0","missled","this lens does not fit canon.. Im not sure how I messed that up but it isn't what I thought it was. be careful.""
"20090626","3.0","Not Great, Not Terrible","My vendor was great and very helpful but the lense itself is in fact a filter that gives the fisheye effect. On my 58mm there is a black ring around the inside edge of the fisheye effect. It isn't terrible but not quite what I wanted. But like you always hear 'you get what you paid for' so it isn't a huge disappointment. It is a fun thing to have but don't think that it will give you professional quality. Hope this helps.""
"20090415","4.0","It was interesting...","I had some extra money bought this and was surprised. It's not a horrible lens but of course it doesn't have the same quality as the more expensive ones. Bottom line. If you have some extra cash and are just wanting to learn how to use the fish-eye lens buy it, but if you know what your doing go for the more expensive one.""
"20090218","4.0","fisht eye review for canon xti","This is a great lens for and out of this world shot. You''ll amaze your clients with this one. The only thing I wasnt happy about was the macro piece on this lens. You don't get as much detail as you want but the two pieces together gives you an outstanding photo""
"20090117","1.0","wrong merchandise was mailed","I was mailed wrong merchandise. I sent it back and requested for the correct lens. They sent me the same wrong one again. I am giving up and sending the merchndise back for refund. I was very unhappy. This was a Christmas gift for my daughter and I was very disappointed. I was sent Wide Angle lens both times which is different from Fisheye lens.Please have someone to check the orders more carefully.""
"20090116","3.0","Cheap Lens that gets the job done","At first, I was skeptical about buying this lens as many of the reviews were not the most positive. But I decided that $50 bucks for a lens wasn't bad and went ahead and purchased it. The lens arrived with only one adapter (I was expecting two) but it did fit my rebel xt. In other reviews some mentioned receiving a lens cleaning kit.I didn't and was just a little bummed by this. The lens itself arrived in a gold color, directly clashing with my all black rebel.However, I realized it gets the job done (no matter what color) and I don't regret the purchase. It's a cheap lens that seems durable and gives me a nice effect. I only wish i had gotten the black lens as pictured! and i mean the lens cleaning kit wouldn't have hurt...""
"20090107","1.0","Not a real lens, its a FILTER","BEWARE!  This like so many other so called 'lenses' are not that.  they are a filter and made to fit on top of a lens.  And thus they are made to fit a certain size lens and if you dont have the right lenses, it will not work.The quality of this is soso at best, but that is normal for opteka.  When it comes to camera gear and Lens for sure, you get what you pay for!!!  If you just want to do a cheap affect, this is a fun TOY, but not if you want a quality shot.  Otherwise just take the shot with a good lens, and apply a filter and work it over in Photoshop and you will have a better quality result.""
"20081229","3.0","Flash problems?","No one else has said this, maybe I am doing something wrong, but when I take pictures with my Digital Rebel 400D with the attachment with the rebel's flash I always get a dark shadow at the bottom of the pictures.  Of course this won't happen in daylight, so no problem, but when I need just a little boost it's a problem.""
"20081130","4.0","Good so far...","So I got this lens today and I wasn't expecting much after reading some of the reviews, but I must say, it is a pretty good lens for its price. This far, I think I really got more than I paid for. I bought it for my Canon 450D (XSi) so I needed the 58mm adapter (which came with the lens, as well as a 52mm adapter) and it just screws on to the 18-55mm lens that my camera came with. It wiggles a little bit, but its not too major. The real hassle is when you take the lens off, you have to take the adapter off as well before putting the cap back on; and like others have said, the cap for the lens doesn't fit perfectly snug and will fall off if you aren't careful with it.As far as quality, it does give you half of a barrel if you zoom out all the way, but at 26mm there is no barrel and you still have the fisheye effect, not as good as when it's zoomed out all the way (18mm for me), but still noticeable. The macro works great, but I primarily got this lens for the fisheye effect and it delivers. Of course, it isn't as good as the 600$ fisheye lens, but it gets the job done, and for 40$, I don't think I can squeeze more out of this lens. Invest in it, it is worth the price, and a nice little 'add on' for your photographic needs. And like others have said, you don't have much to lose.""
"20081024","1.0","Fish Eye Lens??","I'd LOVE to be able to write a review on the pictures this lens allows me to take...but the lens didn't come with a step up/down ring for my 58mm Canon Rebel XLI camera and NO photo shops I've gone to have the size I need to fit this adaptor lens to my camera.VERY frustrating.""
"20080806","4.0","Works...","Yep, you know what they say: 'You get what you pay for'.All in all I am quite satisfied with this purchase.  Obviously you won't get the quality pics you would with a dedicated lens, but for the price, you can't go wrong.  I use it with my Canon Rebel XTi and the results are pretty good.  I use it most for landscape shots.Received the lens, adapter ring, and lens cleaning kit: what a bargain!""
"20080707","5.0","Fun Fun Fun","This product arrived exactly as it was supposed to along with a free lens cleaning kit. It screws on to the kit lens that came with my Canon Rebel XT. Images have been sharp and clear and never dissapointing.  I couldn't have asked for more in this fun little lens! Highly recommended to everyone!!!""
"20080703","3.0","Not bad but expected a little more","I purchased this lens about 1 month ago and I'm generally pleased with it.  I have a Canon Rebel XTi with a kit IS 18mm-55mm standard lens.  In a nutshell, here's what I think.The pros:- low price- lightweight- sharp image- includes lens bag- creates interesting effects- creates great macro shotsThe cons:- Compatibility with Canon 18mm-55mm IS lens.  Requires 2 'step down' rings to mate the lenses together.  As a result, this produces a porthole effect (which might be what you're looking for)- step down or up rings are NOT included with this lens- lens caps do not fit snug and always fall off.  They're pretty useless.- edge detail falls off considerably (blurry) with blue edges forming on high contrasting objects.The verdict:To achieve the desired effect (fisheye warped / wide angle shots with sharp detail on the extreme edges), this lens does not do that so I'll be looking around for a true Canon / other band fisheye lens.""
"20080616","3.0","Hmmm.","It's a little flimsy, and doesn't really fit on the rebel all that well.  With a larger lens it doesn't really have much fish eye at all.  Since it's not the right size for my lens and has to go on an adapter ring, there's a little vignetting around the edges.A friend of mine has a video camera that it fits on without the adapter ring and it looks cool for that.Overall, it does work... sort of... but I wish I had spent a little extra cash and bought something a little better.""
"20080611","1.0","Ouch!","If you are in the market for fish-eye and don't have a lot of money, PASS on it. Find something else. Terrible pin-hole pictures, NOT FULL FRAME. Adapter rings are hit and miss. Well I guess you get what you paid for.""
"20080424","5.0","Good Deal","for the money. not quite as 'macro' as I'd like but for the money I can't complain.Would buy from these people again.""
"20080424","3.0","A cheap toy, good for experimentation","Obviously the price should let you know that this isn't going to be the quality of a real fisheye/wideangle lens.  However it's great to play around with, and I have gotten some awesome images with it.  There is blurring around the edges of the photographs if you zoom all the way out for wideangle, but the macro works really well.  It's fun to have, especially for the price!""
"20080412","4.0","Great for the price, good for what it does.","This lens is a good wide-angle lens.  It's an extender on your regular SLR lens.  It gets a little annoying screwing and unscrewing the lens when you need to use it.  It's so much easier to pop a whole lens off and snap another one on.For the price though, this is a great lens.  It provides a nice wide angle shot.  The pictured look great.  When we use it, we either plan to use it a lot or screw it on when we get somewhere and then take a bunch of pictures then tuck it away.It is a good lens to have in your quiver if you don't mind all the screwing.""
"20080326","5.0","Best $31 I've ever spent","I bought this lens as a much cheaper alternative to a Canon macro and fisheye lens. I wasn't expecting much because it was so cheap, but it arrived today and I am insanely happy with it. I'll definitely be recommending this to all my friends.""
"20080326","1.0","Nice quality !  won't  fit  rebel xti !","I was impressed with the quality finish !  I searched for some instructions much to my surprize ,there was no clue  or decriptions. INCLUDED WAS A RING ADAPTER TO WHAT AVAIL? THIS LENS IS DESTINED TO BECOME A PAPER WEIGHT.""
"20080321","5.0","Great lens for the price","This is a great lens for the price. Other wide angle lenses cost a few hundred dollars. I work in real estate and need to photograph small empty rooms. Without this lens I could only capture a corner. Now I can capture the entire room. I use this lens with my Canon Rebel Xti and it takes decent pictures for what I need.""
"20080319","5.0","Great product (especially for the price!)","I just bought this lens to go with my Rebel XTi, not really knowing what to expect, and I couldn't be happier with it. It has given me some great results and everything looks so cool with it :)  It's definitely worth the money, and seller was great to work with-- even gave me some free lens cleaner. Can't beat that!""
"20080313","1.0","Are you serious?","Let me state that the only reason I gave this product 1 star is because it wouldn't let me give it none. This lens is the biggest disappointment.  I ordered with the lowest expectations possible.  And yet received something that amazed me at how poor the quality is.  This lens is useful if you plan to take a camera that takes beautiful images and convert it into a science project pin hole camera.  Do not buy this.  It's not worth the hassle of sending it back.  Plus it will show up a week late as is.  The manufacturer should be ashamed.  It is useless.""
"20080127","5.0","cool lens","this lens works great came with a little bag to keep it in...Good deal!""
"20071125","3.0","Does what it is supposed to do","This lens does what it is supposed to do - but just that. It feels flimsy, and in all honesty, I felt somewhat like I was putting a walmart sticker on a Tiffany bag when using this lens on my 30D. I decided to go with a dedicated canon fisheye lens instead. You will NOT be disappointed by the shots that you get with the lens - the fisheye effect is strong and the shots clear. You might be disappointed by the quality of the lens itself.""
"20071123","3.0","It is what it is","I use it for the fish eye when I photograph funny faces my kids make....that's all I have found use for it, but it makes them laugh and for 35 bucks it's all worth it!""
"20070611","3.0","you get what you pay for","it's a fun toy, but don't expect it'll give you amazing images. But for $40, it's a pretty fun toy to have!""
"20070607","4.0","The reason it didn't fit my camera!","I got this lens for my Canon Rebel and could not get it on to save my life. I took it to a camera shop and they thought that maybe 47th St had sent me the wrong ring adapter. When I called 47th St Photo they knew right away why I was calling! Apparently Opteka changed the threads on the end of the lens and didn't notify them so they had sent out the wrong adapters. I am sure that from now on people who buy them will get the correct one and I'm so glad it was a minor issue!I haven't taken any pictures with it yet, obviously. And I knew ahead of time that there would be the circular vignette around the pictures, I did some reading online about the different fish eye lenses before I ordered one. These reviews are great places to start, I would recommend that people read these before they actually buy the product!""
"20070602","3.0","Thought this was a full fisg eye lens...","Didn't realize I was buying a 'semi' fish eye.. as nothing in the description said so. :( was disappointed about that.  Had i known..i would have look elsewhere.But the lens is okay.. no real instructions or any information on how to use.. unclear as to what the 'hood' or whatever that thing is..does.The lens cap/cover just fits over it.. nothing too secure, so it keeps popping off.""
"20070518","4.0","Fun lens for decent price","For the price you pay for a wide angle lens, or fish eye lens - it's a decent price.  If you break it, you don't feel as bad since it doesn't cost so much.  The limitation is a black ring circle (from the lens) on a rectagular or square format (the photograph).  Don't really have issues with the quality of the photograph.  Overall, you can't really beat the price.""
"20070515","5.0","You get what you pay, even more","The lens really is a pair of two lenses. Assembled both, become a semi-fisheye/wide lens what, has that circular border (as in a common door fisheye) that gives the photo some interesting effect. Also, you can have wide angle photos just changing the focal length.The second part is a real cheap macro lens that can be detached. It has some interesting features and you can get decent pictures with almost no distance at all (though, you need some light). There's a small distortion, but it can be handled easy.It comes with a couple of adapter rings (52mm and 58mm) for different cameras. I used it with a Canon Digital Rebel XT and it really gives you the idea of a wide angle lens. It may not be as some professional lenses, but the desired effect is enough.Above all that, it's insanely cheap for a wide/macro lens. And that's a good combo for less than 40 bucks.""
"20061103","4.0","Fisheye Lens Gets The Job Done","This was great, it came with tons of lens adjuster things and the fisheye itself was flawless. I have personally seen higher quality ones where the lens distorts the image even more than this one does [in the good sort of distortion that you are going for with a fisheye] but this one gets the job done. I would buy from these people again.""
"20060926","3.0","Black Barrell if you have a 58mm","I have a canon GL2 and wanted a wide angle or fisheye. I have no real complaints about the quality of this lens, but do have a big warning. If you buy this for a 58mm camera, it comes with step up rings for you to get up to the 58mm but this creates a black barrell on the outside when you want the big wide angle shot. Though this can be a cool effect, it is probably not want you want. So be warned before buying, and get a different lens that is a true 58mm if you want to get an uncluttered fisheye effect. For the macro however since you are usually filming something way close, it isn't a problem.""
"20060821","4.0","Inexpensive and Effective","Although a fixed-focus add-on wide-angle lens will never provide the flexibility and optical quality of a camera manufacturer's own product, this is a very inexpensive, instant, useful way to extend your camera's capability. I've found this lens very useful for large group portraits and wide angle nature and garden shots.""
"20060815","3.0","You get what you pay for...kinda.","Works best as a macro lens. It does 'fisheye' but the quality is not very crisp. The lens hood is kind of useless, and the protective caps for the lens itself don't fit very snug.The biggest disappointment I had with this lens (besides the mediocre quality of the fisheye effect) is that there is NO DOCUMENTATION ANYWHERE to be found as to how to use this lens.I had to call email the seller for answers, and they said the same thing.All in all, it's a fun little lens, just don't expect much quality from it. In fact, it will 'step down' how good your camera is. In the end, the difference is about $500 bucks between this and an actual dedicated fisheye lens.""
"20060815","4.0","0.42X Wide Angle/Fisheye Len For Canon EOS Camera's","I am Ebayer seller and I have to take close-up pictures especially of jewelry and the marks on items. This len does a great job. Highly recommend and the price is right.""
"20120405","5.0","Everyone should get one!","Okay. If you ever think about getting a fish eye lens. GET THIS ONE FIRST! It is cheap yes. But don't let it fool you. I is glass and has a great ending product. I have used a $400 fish eye lens. But this one is about the same and for $20 it is so worth it. I am in college now for photography and my teacher asked me how much did I have to pay for this cause  he liked my final product.""
"20120402","5.0","Review for Fisheye lens","So far I have enjoyed this news I recently purchased. It reminds me of my toy cameras(holga) and realize not all my images are going to be perfect.""
"20120325","5.0","I'm in love!","I absolutely love this lens! Yes, reading other reviews and how others are greatly disappointed by how this lens may not be the professional grade you're looking for, yet what are you expecting from $20? The photos I take with this are the exact style of photography I'm going for. There's a small barrel around your photos and if you zoom in too far, it disappears so you'll have to step closer to the subject of your photo to take the picture. The pictures I take are similar to the ones I take with my lomography film fisheye camera, yet I'm able to save all my money taking digital fisheye photos since I won't have to spend as much on film and development!I'm no professional photographer and photography is more of a small amateur hobby of mine and this lens may be one of the greatest Amazon purchases I've made. Using my Canon Rebel T3 58mm kit lens, this lens screws right on top of my 58mm UV protector. There's even a ring that comes with it that allows me to screw it on to my 52mm film SLR. Did I mention that the brand of the fisheye is Polaroid? I was expecting some unlabeled generic lens but instead I got a well-renowned Polaroid brand fisheye! There's a small padded bag that comes with it so you are able to safely store your lens in your bag. Absolutely happy with this purchase!""
"20120313","5.0","great!","it came fast and well packed in its box. it was in great condition. i was satisfied with everything that it came with""
"20120313","5.0","Works Great","I'm using this lens to film skateboarding. It fits on my Canon T1i perfectly. The lens works and seems to be sturdy. It surpassed expectations. Excellent Product.""
"20120305","4.0","At less than $30 including shipping, it is great!!","This is a pair of two lenses, together they turn into a half fisheye-wide angle lens that has the common circular border when you zoom all the way out. It has a macro lens attachment as part of it that you can remove.  You can get nice pictures with it and it can get super close, less than an inch close, but I have not used it much yet, since I just got this about a week ago.  In the box there are also 2 adapter rings for 52mm and 58mm.  It will not have the same effect a dedicated lens can get you but it is great for those learning and people that only want this effect occasionally.  If you want a super fisheye, then you may want to get a dedicated fisheye lens with more features.  For me, at less than $30 including shipping, it is great!!""
"20120303","4.0","Not a separate lens, but gets the job done","This is listed as a fisheye lens, but it is really just an attachment that screws on to an existing lens, but it gets the job done when screwed to my kit lens.I'm not sure what the function is of the sliding end piece.  There are threads on it for another attachment or lens cap, but I don't see why it would need to slide.  Also, I am not fond if the 'lens cap' provided.  It always falls off in the bag, and it made from flimsy rubber, and with the sliding end piece I mentioned before, it can be a pain getting it to stay on.The macro function is cool, and although I still prefer my 50mm macro for close-ups, it has a neat way to show a wide angle with a close focal point.  Not sure if this feature is available or works as well on cheaper attachments.One other thing to consider is that since this attaches to the end of an existing lens, it might be hard to pack in your camera bag as it is NOT convenient to screw/unscrew for each use.""
"20120303","5.0","YAY!","My order for this lens was supposed to arrive on the 5th of March, but came yesterday, the 2nd. It's arrival was a surprise and so was the package. Comes with everything you need, including a nice big lens cap to fit over the fisheye. I haven't really messed with the macro much, but the lens feels sturdy and reliable. I hope to be using it for a long time :))""
"20120228","5.0","excellent Fish Eye Lens for Canon EOS 2iT","I believe that Digi Acc is a good company, because even though there was a problem with my shipment due to a mistaken UPS delivery, the Digi Acc customer service department took care of the issue promptly and effectively, and I received the product I purchased in excellent condition. This is one of a kind item, the Fish Eye Lens for Canon Rebel EOS 2iT, a wonderful photographic tool in spite of its low price. I am very please with the produc,t and my Digi Acc transaction experience. I definitely think that I will do business with this merchant again without hesitation next time I need it. ATV.""
"20120217","3.0","fish eye lens","wish there were some instructions.  seems to work, it arrived in different mailings from all other parts but ok good day""
"20120216","5.0","Great lens","I have just opened this item. At first glance I can say that the wide angle part of the item fits right onto my 58mm lens, the glass is clear and clean, and the build seems very solid. I'm having trouble getting enough light inside to focus with it, but I'll try again tomorrow in the daylight.In other news, I had a question about the macro feature of this lens and contacted the seller, who was very helpful and assisted me with the proper use of the lens. I would recommend people get this.""
"20120210","5.0","Totally worth it.","When I bought this, i didnt expect it to work for the price i got it at, but right when i put it on and tested it out i was AMAZED about how well the pictures turned out, wish i could show you some but i dont know how! Buy this product its great.""
"20120206","4.0","i liked it","if you dont have money to buy original fish eye-wide angle-lens then this is a great choice.i do recommend it for new photographer not pro ones""
"20120203","1.0","Is NOT for use with Canon Cameras","Absolutely does NOT work on any form of Canon DSLR camera.  I have 2 different Canons and this isn't even close to fitting it.  Not to mention the fact that it's not so much a lens as a poorly made filter.  AVOID!""
"20120130","1.0","dont buy this piece of  /&%$","Please, do yourself a favor and dont waste your money n this piece of /&%$�'blurry images, this is not a 'fisheye'regret the day I decided to buy this cheap pair of black sand lens.0 sharpness""
"20120130","5.0","Awesome product!","This is an awesome product!  You can take a picture of a room and get the whole room in the picture.  I am in the process of remodling my house and I want before and after pictures so this lens will let me take a picture of the whole room instead of taking 4 pictures from every corner and trying to get a feel of what it looked like before and after with just a little piece of the room in every picture.  The only downfall is around the outside of the picture, it will look a little curved.  It's a small price to pay for being able to get the whole room in the picture!  It's a must for realiters!  I have looked at pictures of rooms on their websites and got discuraged because you can't really tell what the room looks like because you can only see a small piece of it.  I stronly recommend this product!""
"20120126","5.0","Ignore bad reviews. This lens is WONDERFUL.","I just received this this morning, and I've already killed my battery on my Canon using it. It's super cheap, and it's WONDERFUL. The fisheye was more noticeable than I expected, and the macro is GORGEOUS. I highly recommend this lens.""
"20120123","4.0","Great purchase","The lens works extremely well, exactly how you think a fisheye lens will take pictures, is exactly how the pictures come out. The only reason why I gave it a 4 star is that you have to have the lens at the minimum zoom, for instance the 18mm zoom on a 18-50 canons lens, in which I have a canon rebel t3i. But I have done everything from record video to do a complete photoshoot with the lens on, and the pictures came out magnificent.  Like I said earlier though, the only downside is that you cannot zoom with the lens on, you have to stay at the least zoom while using the lens. But overall great product.""
"20120122","1.0","Didn't work","My camera was listed as one of the camera that the lens would work for and that turned out to be a BIG LIE. Had to send it back (which was very easy). Not worth the time.""
"20120116","4.0","Great lens!","I am absolutely in love with this lens!  I own a Canon Rebel T3, and it fits perfectly.  At first, I was unsure on how to attach the lens, but the lens just screws onto the lens the camera comes with.  The only downside with the lens is there is a very small black rim around the shot; with most fisheyes you wouldn't see such a thing, but it is barely noticeable.  And when the flash is on, the lens will create a shadow in front of the subject.  But overall, the lens is great, the shots I have taken look incredible, and the macro feature is brilliant! :)""
"20120116","5.0","Great Item for price!","I purchased this lense attachment for my husband for Christmas, and he was very happy with it.  For around 20 bucks, he was able to take pictures of the whole room, in one shot.  I know there are $700 lenses out there, but that was definetly not in the budget this year.  I was worried that it would be junky, but we were pleasantly surprised by the quality.""
"20120115","4.0","For the price, this is a sweet deal","My father bought this for me for Christmas to go on my Canon Rebel T3. I've used it quite a bit and I can say I'm impressed! Normally with a macro or fish-eye you can pay hundred of dollars. My dad and I researched together and decided to try this one out, I mean, the price is pretty great. So I've been using this on my Rebel and I love it. It is easy to use, you just screw it on to the end of whatever lense is on your camera (I attached it to the 18-55mm lense that came with my Rebel). With this added weight, it does make the camera a bit heavy on that end but I didn't see a problem with it really, just thought it should be mentioned. When completely zoomed out, you get the fish-eye effect. You can zoom it a tad more and still get the effect but you cannot completely zoom in and still achieve the desired fish-eye. When using this, you're usually pretty close to whatever you are taking a picture of so that shouldn't really be a problem either. The effect is great and I like how it added a little bit of variety to my photography. I also used the macro by itself and it does a fine job.My only problem I found is that when using this I get my own shadow in the picture 80% of the time. I tried the fish-eye out in various settings (well-lit inside, dimly lit inside, natural light) and normally got this. However, I haven't tried it out outside during daytime or anything like that so, I might just have chosen so poor places to use it. Again, just thought I should share. Overall, this was packaged nicely, came in a nice bag, and gets the job done. I don't think you can find a better price around.""
"20120113","5.0","Great Lens","Great for the price. I'm new to different types of filters or lens alterations and I was unaware this would not work well with the basic 18-55mm lens that came with my canon (the attachment was a bit heavy and when pointed at the sky it would unzoom, Also you lose most of the fisheye effect when you zoom in). The macro is needed to attach the lens to my canon. Its a great start to fish eye's but just know that it works better with a taller flash and a specific mm lens.Buy this fisheye. It makes for tasty pictures.""
"20120106","1.0","Poor quality, not an actual lens","This item is just a piece of glass that fits over SOME lenses (in the front). Others, even with the adapter rings, this product will not work with. The quality of the images is poor, with soft blurring and the autofocus has a hard time working properly on the lens these 'filters' are attached to. I wouldn't recommend these. You can crop and adjust for macro with a telephoto lens you already own and add a 'fisheye' look in photoshop. If you really want a fisheye view, the best choice is to buy a generic fisheye lens that actually fits on the camera. This is NOT a lens and shouldn't be labeled as such.""
"20120105","5.0","great for wide angels","this is really good for wide angels. i can set on the couch and take a picture of the whole room i have not got to take alot of pictures with this yet due to weather. it is very heavy metal and goes on the end of your 55 lense. dont for get to un screw the wring on the end. it took me a while to figure that out i thought it would not fit at first.""
"20120104","3.0","Not specifically for Canon Rebel","The lens filter that arrived was a Polaroid brand. I'm sure that it would function as described, but unfortunately my boyfriend, for whom I bought the filter already had one of those.  We were hoping for one specifically for Canon and we therefore disappointed that it was just another Polaroid brand.  The description is not as thorough as it should be and is misleading.""
"20120101","4.0","good for beginner","fits great on my esi rebel  works best at  50 setting  or your going to get the bubble ring if zoomed  to much worked great to get the paris france eiffel tower shot  top to bottom while standing directly under  great for the shots of the banquet hall for our daughters wedding  definatly not high end  but definatly cheap deal for good quality  only 4 stars as it did not come in black it is silver ???  would recomend to any one who just wants to play around  definatly not acceptable for professional even if just starting up  fun lens great price!!great seller fast shipping good packaging""
"20111229","4.0","Better than expected!","I ordered this fisheye for my Canon Rebel t2i as somewhat of an experimental lens. I had just purchased my camera, so I wanted something cheap to start out with before I made a big investment. I was expecting a cheap lens with a decent effect, but when it came, I was pleasantly surprised. As others have said, it IS a Polaroid lens, which was fine by me because Polaroid makes great products. It is a high definition lens, so the picture looks great. It attached right onto my 18-55mm lens, and takes incredible photos for the price. I can even screw the fisheye lens onto my polarizing filter. Overall, I'm really surprised with the good quality of the lens, and it's perfect for a beginning photographer, or someone looking to give fisheye photography a try.""
"20111229","4.0","Lens Compatibility","I originally put this on my Christmas list as a way to avoid spending the money to buy a dedicated fisheye lens. As I am coming to realize, I will eventually have to invest the money in a better lens. However, this is filling the purpose I intended. I mounted it to my 18-55mm IS Canon 3.5-5.6 and have had great experiences.When I first mounted the lens and took pictures I noticed I got sharp clear images. The fisheye effect gave me a better than advertised field of view, and the picture quality suffered little. Using a little common sense I was able to adjust for exposure settings. One thing I did notice however was the rear cap will not fit with the 52mm adapter. So every time you will have to remove the 52mm adapter if you use it for say the Canon 'nifty-fifty' 50mm f/1.8 lens. Makes things a pain during stowing and quick switching the lenses.One problem I found was mounting to the 55-250 IS Canon lens. The lens would not adjust to the wide angle adapter, and it would not auto focus. When I tried to use manual focus I still had issues, but the compatibility said the 55-250 would work with the adapter. I have gotten some great landscape shots using both the 18-55IS and the 50mm lens and this adapter, and have tested the Macro capabilities with our Christmas Puppy, and I have no complaints about either.The body of the adaptor is very well made, and feels sturdy. The threads were a little tight, but after mounting and removing it a couple of times the grooves wore in well. I had to purchase a filter for the front glass, and so far it has no effect on picture quality. Overall I am very happy. As expected it is not on par with a dedicated Macro or wide angle lens, but is a cheap and dirty alternative to spending a small fortune as a hobbyist. Professionals however, will most likely want to invest in dedicated lenses.""
"20111229","4.0","Fun","I got this lens the other day as a gift and I can say it is fun. A little to get used to but seems to work well overall. I'd recommend it simply because of the price.""
"20111228","4.0","An excellent add-on product","I received this fisheye lens for Christmas, and I am immensely pleased with it.  It is easy to use, and it works (as expected) seamlessly with my Rebel T1i camera.  I was able to take pictures at a Christmas party that would have been impossible without this lens, and the quality of the pictures was fine.""
"20111227","4.0","Box says Polaroid, should fit Canon lens","The box says Polaroid--don't be alarmed, it should fit your Canon.This 'adapter' does not screw on to the body of the camera, it will screw on to the end of your lens. Your Canon lens must have treads on the front of the lens in order to attach the fisheye lens. It should fit onto your kit lens (18-55mm). Doesn't fit my fixed lens (no treads).It will not feel totally secure by nature of the Polaroid lens--it's nowhere near as sturdy as a Canon lens, so don't expect that with the price you're paying.If you're a casual photographer, this is a fun alternative to an expensive fisheye or macro lens. It gets the job done. However, I'm not a fan of the black ring that will form on the border; gets old fast.Professional photographers will not find this equipment to be up to par and should consider investing into a Canon lens.Be careful when removing the lens from your camera, or you may only unscrew part of the lens (which is actually two pieces).""
"20111225","2.0","Save your money","I'm not sure why I bought a fish eye lens, but I thought I would use it for the macro function.  Mistake: the pictures are so fuzzy I would not waste the ink and paper to print them.  I tried to sharpen them but that just made them noisier. The edges are so blurry that one would hope a viewer would think you meant to do that.  Anyway, the macro function could (and was) better replaced by my 18-55 lens.  I have put it back in the box to store it high out of sight.  I guess this just proves you get what you pay for.""
"20111223","5.0","wow","This was shipped the next day in great condition! My sister in law just got a new camera and i know she will love her lense! Thank you! :)""
"20111220","4.0","Fisheye lens Screws onto existing lens, not camera body","It works just fine, nicely packaged with padded drawstring bag. This lens only mounts onto your existing 18/55 mm lens, NOT onto the camera body itself. Once I realized that I was able to take to really cool shots. Good wide angle fisheye lens for the price.""
"20111214","4.0","Use your brain","This is supposed to screw on top of your 52mm or 58mm lens that you already have people! Quit saying it doesn't fit your canon, geeze for the price what did you expect? An actual full wide angle fish eye lens? C'mon if you said yes then you need to stop photographing........""
"20111209","2.0","did not work","I picked out two wide angle lenses for my wife's birthday for her Canon Eos 1000D XL SLR camera! The Digital 0.45X Professional Wide Angle Lens 58 MM with Macro High Definition and the 0.42X FISHEYE LENS W/ MACRO FOR CANON EOS DIGITAL REBEL [Camera]? Both came up as lenses for her camera but neither actually fit onto the Canon's connector?""
"20111203","5.0","Yes, it's made by Polaroid but it DOES fit my Canon Rebel t2i","I admit, when I read the reviews before adding this to my wish list, I didn't drill down to the more recent ones and was thus, freaked out when I saw the word 'Polaroid' on the box.  But since it was in my possession, I decided to at least see if I could figure something out before sending it back.  Well, low and behold the device does indeed fit on my Canon EOS Rebel t2i.  I had initially attempted to 'screw' it directly on to the body, but without threading, that obviously wasn't happening.  Then I had my a-ha moment.  Screw it on the END of a 18-55mm lens on the camera and TA-DA!  It's only been a couple hours that I've had it but the range of emotion from fear to delight felt compelling enough reason to post immediately. Especially since I came here looking for answers and I saw others in very recent days with the same initial shock and fear as me.  I hope for all of our sake, as Amazon shoppers and photography buffs, that the device is workable.  Now, let the fun begin - my annual 'ugliest ornament' collection is about to get a whole new perspective photo shoot.""
"20111129","1.0","Wrong order sent!","I really wish people would take the time to look at what they send. I got the wrong order and wanted so badly to use the fisheye lens. I got one for Polaroid. The only problem is that it does not fit with my Canon, which the seller said it would be sending but did not.""
"20111125","4.0","Great Item for the money!","I teach photography to at a highschool in an afterschool program and we don't have big budgets to buy equipment, this lens is a lot of fun even though I bought it for myself, I bring to the school and for so little money this product is excellent, it fits a Canon and a Nikon and it's a great value and the students are having a blast with it. Thanks for the great service!""
"20111123","1.0","YOUR KIDDING ME RIGHT?","WHY DOES IT SAY CANON REBEL IN THE LISTING TITLE IF IT DOES NOT FIT ONE?!IF YOUR CAMERA WORKS WITH  A THREADED LENS THEN THIS IS FOR YOU...NOT FOR A CANON REBEL.THIS IS FALSE ADVERTISEMENT.""
"20111119","4.0","great deal for the price","it may not be the best fish eye lens out there but for 21$ its worth it. you could be paying 250$ or more for something else to do the same job this lens does.""
"20111115","4.0","Great deal at this low price","This is a great deal if you are looking for a wider angle and low price.Have distortion on the edge of the shots but can be usefull depending on what you are planning to use it for.""
"20111104","1.0","Embarrassingly poor description","The lens itself might be worth something, but I am unable to test, because of the RIDICULOUS DESCRIPTION.Here are some facts a prospective buyer might want to know:1. This is a Polaroid lens.  It comes in a Polaroid box, includes a nice Polaroid padded pouch, and has POLAROID stamped all over the lens.2. Satisfactory build quality, especially for a $20 item.3. The lens itself fits 58mm threads.  It comes with a stepdown adapter to 52mm.But I CAN'T USE IT, because it DOESN'T FIT MY CAMERA. Are you listening Amazon?  Even though it was in the search results for '46mm wide angle lens', it doesn't fit (obviously).  And nowhere in the description does it say what size threads it DOES fit.""
"20111025","5.0","Great!!","Love this product!! took it to a laser concert and got some great shots, great price and definitely worth it! Know that when the lens is zoomed all the way out you will get a black outline around the circle (fisheye part) and the more you zoom in, the picture will have less of a fish eye effect. About halfway zoomed in will result in a medium fisheye effect with no black box.""
"20111024","5.0","Superb Lens!","I was leery about buying this after I read some negative reviews, but I'm a professional photographer and have been wanting a fisheye lens for a while, but was worried that I wouldn't actually like the 'fisheye' effect and I didn't want to spend several hundred dollars on a Canon Fisheye Lens before I knew for sure.For this price, I figured even if it didn't work it'd be worth a shot. I just recieved my lens today and I'm incredibly impressed. Both the construction of the lens (it's heavy and has metal components) and quality of the images the lens captures are very impressive. Before you buy this, you need to realize that it is not a lens that will fit directly on your camera--it attaches to lenses you already have. I put it on my 50mm 1.2 and my 18-55mm. The fisheye effect is most prominent when zoomed out a bit, but the quality of this lens is GREAT and I'd say if you're wanting to try a fisheye, before you drop several hundred dollars, you might want to try this lens--you will not be disappointed!""
"20111007","1.0","Not for Canon!","This lens does not work with ANY Canon cameras! I bought this thinking it was such a great deal only to find out does not have Canon's signature EF mount, there fore will not attach. It is an old fashion screw on lens. Do not buy it is a waste of time and money.""
"20111002","5.0","Love it","I really love this lens, it works perfectly for my canon rebel T3! thanks for selling this product. if you are thinking about purchasing a fisheye lens, buy this one!""
"20110930","5.0","I like it.","I just received my 2 lenses today (second one is a gift, don't say anything) and tried one out. Works great, I took some quick images with my T2i of the clouds, my motorcycle and a tree that fell in the hurricane. It will do exactly what I bought it for, and that is Astro Photography of the milky way. In fact, it is the cheapest AP item I have! How do I add a pic? Link only? [...]I reduced the image size to 1200x800""
"20110923","5.0","Excellent lens for the price.","At this price, this lens really is great. The shots are of decent quality and it gives you the ability to take those wide angle shots. Getting really great artistic shots is harder, but it's great for events, such as family outings, charity events, etc. Only thing that bothered me was a loose piece around the front of the lens, but that may have happened during shipment; doesn't effect the quality of the photos though. I should also note that when taking pictures of closer objects, you don't quite get that rounded effect that is characteristic of fisheye lenses, though shots from farther back turn out fine. All in all, it's a great lens for only around 25 bucks. A great starter for photographers that don't yet have the money to invest in really high quality lenses.""
"20110918","4.0","Like others said you get what you pay for, this is not a bad thing","We like it so far, Just wanted a lens to have in the bag if we needed one that could do this, just wish it did not say Polaroid all over it. We have a T3 Rebel.""
"20110910","1.0","Lens does not fit my canon at all!","Reading the reviews I thought this would be a good lens. Well it does not fit my canon at all what so ever. I am very disappointed that the descriptions say that it fits canon cameras. It seems like a nice lens but that's just the cosmetic view of it. Shipping was rather slow as well.  I will be returning the product they should fix their description as the product is very misleading.""
"20110902","3.0","Product adequate...sellers not recommended.","I was not happy with the sellers of this product. They offered a lens for a Cannon and sent me a Polaroid. When I asked them about it...their response was., 'We did not state it would be a Cannon lens'. Bull doo doo! The title was Canona EOS Rebel! However....it was cheap and the product did work.""
"20110831","4.0","Fun","I don't write reviews but I figured I would write on this because of the mixed reviews.I have a Canon T2i (550D) and bought this lens adapter just for fun. The box contains one fisheye/wide lens with case and caps, 2 adapter rings, and instructions. This product is supposed to be screwed onto the front of your existing lens, not to replace it. I used the 58 mm adapter ring to fit the fisheye lens to the front of my 18-55 kit lens. yay have fun with fisheye/wide angle! awesome for video.Here is where to find the macro lens.  So the fisheye lens is attached to your lens but the fisheye lens itself unscrews into 2 parts.  The main part of the fisheye lens actually unscrews from the ring that is screwed into the adapter ring.  That is the Macro lens. use manual focus and get close.The second adapter ring lets me put this fisheye lens on my 50mm 1.8 or any lens with the same diameter. It looked like crap to me so i keep it on my sigma 28-70 2.8 and make up for my 1.7 crop sensor.To me this is TOTALLY worth it because i can be creative and have fun without having to buy an expensive lens.  I hope this helps someone""
"20110813","5.0","Very Nice","I use it on my Canon Rebel XT, and it looks great. Slap on a adapter ring they provide in the box and screw the fisheye in ! There is a barrel, but if you zoom, it goes away. Definitely worth the price, it's really fun to mess with.""
"20110810","3.0","Does the job, but....","This takes fisheye and wide angle pictures but not professional quality.  It's fun to play with, but the images are slightly blurry.""
"20110705","5.0","Cheapest Best Fisheye Lens Ever!","Great lens! It works perfectly without the adapter. It screws right on to the standard T3i and T1i lenses I have, All you have to do is just zoom in a little bit to get rid of the circular border around the rim. Also, the further you zoom in the less fisheye the image becomes, so you can pretty much determine how much fish eye you want by zooming in more or less. The only weird thing about the lens is that there is a little guard around the edge of the lens that is free moving, it doesn't effect anything but you can move it and twist it. But all in all its a great lens.""
"20110702","2.0","CHEEP","First of all what I received is not what is depicted nor the quality it claims. product seams to only work with a specific lens ( not sure which one) 58mm attachment threading will ruin threading on lens. (posb fact. defect) buy a real fish eye you will be much more happier with your photo's""
"20110609","4.0","Nice for this price","The lens is great to start experimenting with a fisheye lens. It's nothing professional but does it's job for hobby photographers.It attaches easily to my Canon EOS Rebel xsi. It's relatively heavy but does no harm to the original lens. I haven't figured out the Macro Lens part jet, but I am satisfied  with this product.""
"20110607","4.0","Perfect Beginner","It's great for taking fish eye photos. While it's kind of blurry around the edges it still takes some sweet pictures and does some amazing Macro photography as well. I'm EXTREMELY happy with the price of this product and the quality of pictures I get with it! I'll try to remember to post some pictures I've taken with it later.""
"20110506","5.0","Your crazy if you don't spend $31","So first of all i have a Canon Rebel XS with the Stock 18-55mm lens.  I wanted a fish eye and they are all crazy exspencive.  My buddy also said i will use it like 6 times and never use it again.  So i'm like alright, i ordered this on Tuesday, used the $5 shipping and it is here today (friday).I have no idea how people cant get this to work.  It screws onto the front of your lens..... you don't even need an adapter if your using what i have.  When i took it out of the box it was set up for 58mm which is the size of a stock lens.Lets hit on the quality issue...  Its solid as crap!  its got some weight to it yes, but nothing like what was said on the 1 star reviews.  The only thing i can think of would be the ring on the front of the fish eye, it wobbles, and its there so you can screw a hood or a uv filter on the front of it.What surprised me was its made by polariod.  It doesn't say that in the description but it sure is.Over all would i recommend this, yep!  your crazy to spend $500 on a lens you may or may not use a lot.  I take pictures of slammed cars, this will be fun.  Oh and if you read all the reviews like i do, this DID NOT ruin my Christmas! :-D""
"20110503","1.0","The put wrong info in the description","I quote the description saying '67MM Front Lens' which is completely NOT TRUE. This thing doesn't fit my 60D. Oh well, it was a cheap attempt anyways.""
"20110501","5.0","worth the money","works great on my rebel T1i.  it's a lot of fun, and easy to use.  i have no problems with picture quality, mabye i would if i had a thousand dollar lens to compare it to, but i don't so it's great in my book.""
"20110330","1.0","not compatible","You said the lens is compatible with canon eos digital rebel, but it is not, which means I have to turn this item back. You wasted my time and money""
"20110308","5.0","Good Lens","Once I was able to attach the lens to my camera I found it to be a great lens for the money.  I want to thank the support team that helped me.""
"20110228","1.0","piece of junk","doesn't fit a canon t1i and comes with an adapter ring that doesn't fit. the whole thing is a waste of money, the only thing some what useful is the bag and even that is junk quality. wouldn't waste my money to send it back, description is wrong, lens is junk and a waste of time look else where.""
"20110221","4.0","simple &nice  but heavy  for the  origenal canon lens","thank yoy amazaonit is  a very simple  filter  to be added in the front of  origenal 18-58 canon lensbut  unfortunately  it  leads to a heavy complex  lensresults  of  images  are  nice  but  so sharp""
"20110207","5.0","Can't beat the price !","I read just about all the reviews on this item, good and bad. For around $28.00, I figured that I couldn't lose much if it was crap. The lens attach real tight, didn't have to use the adapter ring that was included with it. There's a big difference when it's attached to my 50mm lens, but when it's fully open, it look like your looking out of a porthole. That could still make some good effects. The image quality is more than I expected. It's not a true fisheye, but it's about $475.00 cheaper than a dedicated Canon fisheye which is way out of my budget for now. Good little gadget to carry around in your gear bag.""
"20110129","5.0","great but a little bulky","it works great, however it doesnt bulge the image as much as i thought it would. nonetheless i would recommend, especially for the price. because it is fisheye it's a little bigger at the bottom so i cannot use flash- a longer open shutter compensates though. it can get a full room at 5ft away from a wall, which is awesome""
"20101225","5.0","This fits the canon digital rebal, fisheye lens for canon eos digital","Read alot of reports that this will not fit the canon EOS rebal..... It does, you must screw it on to your 58mm or your 52mm lense and then bam, your off and running, most people think you take all your lenses off and it attaches to the main body, not true for this lense.Once on your auto foucus lense will adjust this bad boy really nice, you can take a picture so close to things the detail will blow your mind once you look at the picture you took. For the price this is an awesome buy,""
"20101129","4.0","Good for the cash","for the price and the product, love it. just getting into taking better pictures, and i really enjoy using the fisheye.""
"20100909","5.0","great for the money","great choice if you are looking to save FITS REBELS! the adapter ring is in the box! i thought it didnt but THERE IS A ADAPTER! PROMISE.. great overall effect worth the 40""
"20100906","4.0","Just what you expect","Good lens for what you pay. My only complaint would be that the macro images are pretty blurry for the most part, but I purchased this just for playing around, so for the price, I'm definitely satisfied.""
"20100819","5.0","No complains","I am having lots of fun with this lens. It only took three to deliver WoW!""
"20100504","5.0","Fun!","I am very happy with this product! So inexpensive, I really wasn't expecting all that much. It has proven to be a very fun addition to my camera! Fit on my stock lens for my Canon Rebel without the adapter rings. Even fit on my friends Samsung without the adapter rings, which surprised me!I think it's worth the money! fun fun fun""
"20100224","4.0","good for the price","product works - good value for the price - does not come with directions to mount on camera, but company was helpful on the phone""
"20100116","1.0","DOES NOT FIT A CANON XTI!!!","This may be a good lens, however I wouldnt know since it does not fit a canon kit lens or 50mm lens as stated IN THE TITLE!! It is very misleading that it specifically says it will fits canons. Buyers BEWARE. Amazon would not let me return this gift since it was purchased from a seller. Very unhappy. It wasnt even the one pictured, as the lens I recieved was a brassy color, not black like the pic. I cant belive that a seller would mislead customers like that.""
"20100109","4.0","Does the job, mostly","This product is a pretty good bang for your buck. I don't regret this purchase however there are some slight downfalls if you can deal with them, then give this lens a shot. Overall the quality is quite standard, it comes with a rubber cap on one side and a hard plastic cap on the other. Be careful when attaching this to your camera as to not cross-thread it, if you do that well then you've just rendered your new lens useless.One thing I noticed about this lens when shooting is even when it's zoomed to the farthest back you can go (used with a canon rebel xti) there isn't a complete circle, there is a kind of circle with two flat sides on the top and bottom. Either way it looks quite good.""
"20091227","1.0","DOES NOT FIT CANON REBEL!!","This totally DOES NOT fit a Canon Rebel T1i.  I should have read ALL of the reviews before adding this to my wish list.  Now I have to figure out how to return it....""
"20091223","1.0","This lens has ruined my Christmas.","This lens was suppose to fit a Canon Rebel. It does not! When I took it to a camera store they said there aren't any adapters even made for it to fit a Rebel. This was to be my 16 year old daughter's big Christmas present. I am so disappointed in Amazon. This is the second time Amazon has let me down.""
