"20120528","5.0","This is a great lens...","I shoot with three lens in my bag, 10>20mm Sigma, 18>70mm Nikkor and 70>300mm Sigma which covers 10>300mm, all I need. I love my Sigma 70>300, it's very light, durable, a macro w/acceptable limitations and sharp as a tack and any zoom range I select. I have owned this lens for about 6 years, it has never failed me and I have never been disappointed with its results. It's a winner...b""
"20120313","1.0","Not recommended","Okay, it`s cheap. Okay, it has a huge zoom. But it is incredibly, unbelievably slow. Wouldn`t find focus in loooong seconds. Keeps rotating back and forth. Very annoying. Picture quality is waaay below what you would expect from a Nikon lens. Plastic. Very plastic. Wobbly. Awful. Not recommended at all, no matter what you would like to use it for.""
"20120209","2.0","70 - 300 Nikon zoom","I did not care for theNikon 70-300mm f/4-5.6G AF Nikkor SLR Camera Lens. The focus ring was at the end of the lens and didn't make for easy focusing with a moving subject. I returned it and got the Nikon 55 - 300 DX zoom lens. Although it cost a bit more, it was absolutely worth the price, no question. I LOVE the new lens.  The return was hassle free and I received very good service from both providers.""
"20111114","5.0","Great lens","In regards to odrering this lens, I was more than satified with the entire experience! The lens is of great quality and the shipping experience was stress-free! Love this product""
"20110731","5.0","My first lens","Im using this lens first time in DSLR in my life, its i feel like i m a pro photographer.Because of its size and the image quality. Lenses are perfect.its also captures long range pictures in sharp images.And its also much cheaper than any other large lens.""
"20110720","5.0","Nikon 70-300mm Nikkor SLR Camera Lens","The Nikon Nikkor Lens I received came New very quickly. I am very pleased with the service I was provided.  The Lens is very good for being one of the more cheaper 70-300mm lenses that Nikkor provides.  The only thing to remember when purchasing this lens is whether or not you want to be able to focus your lens automatically.  The lens is all manual which can be somewhat problematic if you want a clear picture very quickly.  For the price it's worth it without the Automatic focus.""
"20110620","3.0","Good lens But......","I bought this len for the auto focus. I have a nikon D60, and it wont auto focus. A friend has a D90 and he tried it on his and it worked! But wont work on the D60. So If you have a higher end Nikon it may work for you but if your like me and bought an entry level camera dont buy for the auto focus feature.""
"20110520","4.0","AAA Delivery is fast.","if you want to learn manual focus? this is the lens you need. and its less expensive too! None the  less this a good quality lens. i recommend this to all starters.""
"20110502","4.0","Great Lens!","Love this Lens Just wish I had payed the extra for the stabilizer in it. Other than that I highly recommend it.""
"20110421","5.0","GREAT LENS!!!","I have a Nikon D3000 and I am still learning everyday. This is my 3rd Nikon lens. This lens is manual focus for my camera (reach I was needing to get better at). I wanted something that will allow me to take pictures of objects far from me. This lens works perfect for me and it worked in my price range.""
"20060709","4.0","Great zoom lens for the average user","Premium Nikkor optics in a budget priced lens make this one a winner. Having a polycarbonate body, the lens doesn't feel as solid as the old metal framed ones some of us had gotten used to, but for the price difference, it's fully acceptable. If you're used to lenses with a aperature ring then it might take some time to get used to the lack of one on this lens. The quality optics really show with this lens, with no real noticable distrtion or vignetting. What is noticable is the zoom tends to creep when when the camera is pointed nearly straight up or down. This is unacceptable if you want to use the lens for long exposures as the zoom creep will be noticable on the final image, and that's the only reason I'm knocking this lens' rating down to 4 stars for my review. Overall, this is a fine lens for the average photographer on a budget.""
"20060709","5.0","The bargain basement of telephoto!","I've never quite understood what the obsession is with long range telephoto lenses; practically every camera seems to advertise '10X' or '12x' zoom, and that's before the digital 'zoom' of 440X or some other insane figure.  Wildlife photographers, sports enthusiasts, and secret agents may have a use for a 565X zoom, but I've realized most of my shooting is done under 100mm, and a lot of it near the wide end.So when I went shopping for a zoom lens I wasn't wanting to spend a lot of money.  This is a fairly slow lens, both in focusing and apeture.  Many telephoto zooms cover 18-200mm, and it's just not possible to build a lens that covers the whole range without some distortion and other problems.  By lopping off the 18-69mm range this lens takes care of that.If you're wanting to do a handheld shot at 300MM of the spaceships at Area 51 you'll be disappointed, as will someone trying to capture fast moving sports.  But if you shoot from a tripod or some other type of rest this lens can get very good results, and you can't complain about the price.""
"20060625","5.0","Great Lens for the Price","I found mine on clearance at a local Wal-Mart for 84.00. Could not pass it up. The lens is light, seems well made, and gives an awesome range when used with my D50. I could not ask for more. Coupled with my 18-200 Tamron (27-300 on the D50) and this Nikon going 105-450, who needs more. Try it....you'll like it.""
"20060614","4.0","Definitely worth $150!","I bought the D50 with the 2 kit lenses (18-55 and 55-200).  At the beach shooting surfers I came up a bit short.  Photographing birds I came up short.  Even photographing sunsets was a bit wimpy.  So I knew I needed just a bit more 'firepower.'So I did some research, including Amazon, and thought I'd give the 70-300G a try.  I bought it from a local dealer in case I needed to return it.  The first day was rainy, so the lens was shooting at f/4-5.6 and I wasn't impressed.  But the next day I headed out to a local bird santuary, and wow!  The extra power of a 300 makes a bit difference.The reviews here are right on.  If you need a low light lens, this isn't it.  But if you're willing to live with a setting of f11 for the 300mm setting, the quality is superb.  To be honest Nikon probably shouldn't even call this an f4-5.6, but a f5.6-f8 lens, and the settings shouldn't allow any larger openings (I usually set my camera in aperature priroty at f11 when I put the lens on).  It is also very slow to focus in low light situations, if at all (the worst I've found is fireworks); in those cases I usually focus manually.For me, a 300mm lens is a drastic improvement over a 200mm.  If you find yourself usually shooting in daylight, this lens will do it for you.  You'll be impressed by the power.  Like another reviewer said, everyone with a D50 or D70 should own one.  In fact I would recommend it over the 55-200mm.  If you need to shoot in low light situations and you need the whole 300mm, you'll need to spend a lot more.UPDATE: I've been using the lens for a couple of years now, and am generally still happy with it.  I am still sold on the extra power.  However, the lens was never as crisp as I would like.  I don't know if I got a lemon, or the lens is nust naturally a bit soft.  Since that time I have upgraded to the 18-200 which I keep on the camera ALL the time (no dust).  I have found the 18-200 to be crisp.  And the VR on the 18-200 is very nice.""
"20060516","5.0","Excellent lens at affordable price","The lens is made in China, but who cares if the pictures are excellent!  I took it to my trip to Europe and used it exntensively. Never failed and very nice resolution. Is it noisy ? I do not know nor care.I recommend it 100%""
"20060514","5.0","Every D50/D70 Owner Needs One","This is an essential tool for every D-SLR owner, especially you newbies.  You experienced shooters already know what I mean.I sat here at my Powerbook and did a ton of research on a lot of lenses before choosing the Nikon 70-300 lens.  I chose it because it gives great performance.I've had it for a week, shot a ton of test shots under various light conditions, and I am thoroughly satisfied with this lens.  It's everything a good 70-300 lens should be.  Great for action shots, protraits with short depth of field, and sports.It needs lots of light for the autofocus to work properly with a bottom f-stop of f/4 and f/5.6 at full zoom.  It loves lots of light.  It loves to work outside.I have a 28-80 lens, and this 70-300.  I'm set!!!  Ready for anything that comes my way.""
"20060322","4.0","Great Nikkor Optics For the Price!","This lens is a steal at this price.  I have had mine for more than a week now and I can honestly say that it has exceeded my expectations.For only $140 I have a decent zoom lens for my D50.  I love this product.Now, while the lens is great, it does have some problems.  It is loud, heavy and slow to focus.  This is not an ED (extra low dispersion) lens so some of your pictures may not be as sharp as they would be with your top-end kit lens.  However, again, look at that price!  Worth every penny in my humble opinion.""
"20060224","5.0","nikkor slr 70-300 lens","I found this lens to be excellant for my use. It is esay to install and use on my nikon camera. I am very pleased with the lens. Plus it was an excellant price thru amazon.""
"20051227","3.0","300mm at an affordable price","The 70-300 G is definitely one of the least expensive lenses to get you to 300 mm, but there are some tradeoffs with the low price tag.  I've found my lens to be pretty soft throughout the zoom range (mine is soft even stopped down) and relatively slow to focus (D70).  The lens performs best in well lit environments and is capable of taking high quality pictures, but may require more post processing and effort than faster lenses to achieve these results.I bought the lens mainly to get the zoom range at an affordable price, but plan to replace it in the near future (probably will sell the lens).  The build quality isn't the best, but it is still pretty durable.  Recommended for beginning photographers or photographers on a budget (like myself), but others may be left wanting more.  Still, it is sold at a great price.""
"20051028","5.0","High Quality & easy to use","I have used this lens for one year now and it has performed flawlessly.  I have probably used it for 4-5k shots of my over 13,000 shots in my Nikon D70.  It is lightweight and easy to wear on the camera for hours and hours without fatigue.  I would agree with other reviewers that low light scenarios require more time to focus.  This lense is great for portraits of active children.  You can sit back and wait for good shots and then get a fast closeup with this lens.  I have also used it at football games and gotten some great action shots.  Although it is not silent when focusing, I don't notice it nor do any subjects usually hear it.  The sound can be useful as you mini-depress the shutter so you know if the lens is getting ready if you happen to be looking away from the viewfinder.  For the money, it works fantastically.I also use a polarizer filter on this lens and would recommend the same to you.New Jan 06Just added the SB-600 Nikon flash and it helps with this lens considerably.  It really helps a lot and I would recommend it too.""
"20051024","5.0","great addition to the d70s kit","This lens was the perfect add on for the d70s kit.  I got this for my girlfriend for a birthday present, and she has loved her camera even more since receiving it.  It has allowed her to take several shots that were impossible without a zoom (animals, etc) and allows her to take people photos without being distracting to the subject.  It has a really low weight (slightly less than the dx non-telephoto lens that comes with the D70s) and is well designed for quick focus.  One thing to note about this lens - it does not use the same size lens cap that the dx lens does - just thought that was odd.  This is definitely not the best telephoto lens on the market, but its got to be the best for price to performance ratio.  Do not buy a d70, d70s, or d50 without one!Now if I could just find a good CHEAP wide angle for a nikon d-slr I'd be all set for Christmas.""
"20050808","5.0","GREAT lens for the novice user (I have D50, the digital SLR)","For the money, this lens is a GREAT deal in my opinion.  I have taken some unbelievable photos with this camera, ranging from animals to motocross.  Many of the photos look like they are magazine quality.  If you aren't used to a pro-quality lens (which I am not), you'll think this lens is the greatest thing since sliced bread.  In my amateur opinon, it seems to focus quickly (of course that depends on whether the item is close-up, lighting etc; can range from instant to a couple of seconds ... if you are trying to capture a fast-moving object, I DO recommend that you already have the focus in the approximate focus range, and then the lens will focus in about a 1/10th of a second).  So don't take a picture of a flower that is 5 feet away, and expect to instantly snap a picture of an Indy car flying by 50 feet away at 200MPH ... be ready for the Indy car, focus on the track before the car comes by, and you'll probably get an awesome shot!I'm not saying that every single shot turns out great - when zoomed to the max (especially if the conditions are cloudy or dark), a good number of my action shots were somewhat blurry.  Since I have the new Nikon D50 (digital SLR), if I snap 5 pictures and 3 of them are blurry I can instantly delete them (or delete them when I get home).  But if I had a film camera, I might not be quite as happy if I had to pay for developing some blurry pictures.The actual zoom level is very good - I don't know the exact magnification level, but it is as much as you could want if you don't have the camera mounted on a tripod.  The construction seems very sturdy and 'professional' looking - included is a nice 'hood' that goes over the end of the lens, and makes you feel like a pro!If you are professional wildlife photographer, and are seeking out the perfect photo of the extremely rare and endangered African-duckbilled-yellow-breasted-warbler, then pay $1,000 for a true pro-quality lens that can stabilize images, etc.  But if you are a weekend-warrior photographer who wants to be able to capture some pro-quality shots (but your income doesn't depend on it) at a fraction of the price, then this is THE lens for your Nikon camera.""
"20050418","5.0","amazing lens","at almost 1/2 mile from my house I shot a ski trail and the mogules are visible.""
"20050406","4.0","Great lens for the price, wish it was a little brighter tho","I love this lens coupled with my Nikon D70. It provides TONS of zoom for you to take pictures of things from far away. The only issue I have with it is that it's f/4 minimum, which means if you're using it to take pictures at indoor sports arenas or anything like that, you have to push the iso up to 1600 to get any good action shots... which makes the pictures quite grany.""
"20050207","4.0","Good second D-70 lens","First, the negatives:1. It's not an ED Nikkor.2. It's not terribly fastThe pluses:1. It's the perfect compliment to the stock 18-70mm zoom2. It's really cheap.This lens will not resolve as many lines, or deliver as much contrast as a kilobuck Nikkor zoom. But it will deliver surprisingly good results in a 6 Mpixel D-70. Between this lens and the 18-70 supplied with the D-70, you'll be set until you decide you must have that exotic 12mm or 600m/2.8.""
"20050127","5.0","The best value for the money","I have had this len for about six months now, and with my D70, it can produce fantastic portraits.""
"20050105","4.0","Good lens for this price","Weighing in at about 15 oz., this Nikkor AF zoom lens is a lot of bang for the buck.  The zoom range is 70-300mm; if you use a Nikon digital SLR like my D70, the effective range is 106-456mm due to the 1.5x crop factor.  300mm or 450mm, this is a very powerful zoom lens for relatively little money.The maximum aperture of the lens is f4 at 70mm and one stop slower at f5.6 at 300mm.  These are of course slower than more expensive Nikkor's which can go to f2.8, but for that you'd be shelling out many times more money.  For most outdoor daylight photos as well as well-lit portraits, this lens does the job.  At f5.6 and 300mm, you'll get a nice shallow depth of field that will give you that 'professional' portrait you've been looking for.  Just make sure you use a tripod.This Nikkor sports excellent optics (despite not being an ED -- see below), and is a full auto-focus lens when mounted on Nikon SLRs that can do AF on G-type lenses.  To switch into manual focus on one of these cameras, be sure to set the focus switch on the camera body to M (manual) first, before engaging the focus ring.  Because this is *not* an AF-S (S for silence) lens, it does not have the 'ultrasonic' built-in motor and is completely driven by the camera, that's why you want to set the focus mode switch on the camera to M before turning the focus ring.Because this is not an AF-S lens, it's noisy when hunting for focus.  Being an economics lens, it focuses pretty fast when there's plenty of light, but in low light situations, it can 'hunt' for focus for a long time.  In fact, where there's little light, you'll need to half-press the shutter button several times before the lens autofocuses properly; and don't be surprised if you have to switch to manual focus.  (Just remember to set the camera's focus mode to M!)Other features missing from this low-priced lens are a macro mode and low-dispersion (called ED by Nikon).  Of course, it doesn't have vibration reduction, either.Oh, if you have a digital SLR, you'll get an additional benefit of using a non-DX lens on a d-SLR: because only the central part of the image from the lens actually hits the sensor, you won't have to worry about aberrations that affect the edges, esp. when using low-cost lenses.  From corner to corner, side to side, your picture will be sharp.In short, for a little over $100 you are getting a genuine Nikon-designed (but made in China) lens with excellent optics, a long zoom range, fast autofocusing in bright light, and relative light weight but solid construction.  On the other hand, the low, low price means you won't get macro, ED, ultrasonic focusing mechanism, or the very best optics that much more expensive Nikkor lenses have.If you have enough money, I recommend getting a high-quality zoom lens that covers the wideangle to telephoto focal lengths.  My favorite is the compact and lightweight Tamron 28-300mm Di XR LD lens sold here on Amazon (although you do give up aperture speed).""
"20041201","4.0","Good for everything but low light.","I agree with the other reviews here, for the money it is a bargain.  I just want to caution again anyone that expects to capture clear shots in a low-light setting with this lens. As you might expect, that would be difficult with a 'slow' lens. The auto focus has trouble in low light and motion, such as at a football game in the evening, for example, will of course blur. A sports lens it is not but then that is where you need the really expensive fast lense.In all other ways, I find the lens excellent. Nor do I have a problem with the manual focus as others here have mentioned. Maybe I have not been spoiled by a much better manual focus, I find it adequate. This is a fun lens.  You can expect to see things with your camera that you won't be able to see with your naked eye.""
"20040906","4.0","Great optics for a low price","First off, let me tell you that this lens only works fully with the latest Nikon SLRs because it has no aperture ring to set f/stops. You must do that electronically using a D100, D2H, D70, N80, N75, F5 or F100. However, Nikon does provide a nice compatibility chart telling you how to use this lens on older Nikon cameras. So you can use this lens on S and P modes with the N90s, N8008s, N 6000, and N4004. This backward compatibility of lenses and bodies is one of the strongest points of the Nikon system. Even a 24 year old lens can be used with a new Digital SLR, to some extent.The lens is very light for it's zoom range. It has a reasonably substantial feel, unlike some of the Sigma lenses I've used. It's made of polycarbonate, which is the same stuff the F117 Stealth fighter is made from.If you shoot lots of portraits, this is the lens to get. The telephoto allows you to throw the background out of focus with relative ease. The lens has a 9 bladed iris, so out of focus elements are rendered in very subtle and beautiful forms. The Japanese call this 'Bokeh' and much has been written about it. It's very nice that the Nikon engineers took this aesthetic principal into account when designing this economy lens. Once again, Nikon proves to be a design driven company.The zoom ring has a nice feel with good manual dampening. Zooming is precise with no 'slop' or wobble. Manual focus is about average for a lens of this caliber. It's possible, but no great joy. Since I'm used to the silky feel of Nikon's old AIS  lenses, I doubt anything could rate higher. Autofocus for this lens is much better, and seems to be quick and precise. About the only time it balked was when shooting delicate cloudscapes. This is common for AF lenses and simply requires you to quickly disengage the AF on your camera body and rack the lens to 'Infinity' setting.My D70 DSLR made this lens handy to grip and insanely light. The great thing about using this lens on a DSLR is that you end up with a 450mm zoom lens! great for bringing in distant objects. Watch out when shooting against strong backlight, however. This lens seemed to have more than a little 'Purple fringing'. Shots done in normal lighting conditions exhibit zero fringing, and superb sharpeness. So that's the good news.Overall this lens is a great bargain and worthy of the Nikkor name. Don't let the low price fool you. Although it's not a Nikkor 80-200 f/2.8 by any means, this lens is highly capable and a great second lens for your D70 Digital SLR or N series 35mm SLR. Nikon USA offers a 5 year warranty FREE if you mail the registration postcard in within 10 days of purchase. So be sure to get that in the mailbox right after buying!""
"20031217","5.0","Nikon's 70-300mm G Zoom","This lens is much better than the 28-80 standard zoom that nikon bundles in its kits. The image is very faithful and sharp, and aberrations are non-visible. Despite it being such a powerful zoom, it is surprisingly light, silent and fast. The zoom ring has a substantial grip while the improved focussing ring has a crisp feel about it. However, manual focus is not as smooth as the zoom. The quick and precise Autofocus more than makes up for it, however.It would be unfair if nothing was said about the looks. The lens with its stylish grip, barrel and hood is 200% guaranteed to attract rave admirations and, of course, a lot of envy.Overall, a good buy and great value for money!""
"20110418","5.0",""The Thing"","This will be a VERY unusual kind of review...unusual for me, anyway!I call this lens, with both affection and some precision, 'The Thing'. To put that in some kind of context, I refer you to the following 'memorable quote' from indy movie producer Quentin Tarantino's 2007 film 'Death Proof', specifically the scene where the three hot girls, Arlene, Shanna, and Radio DJ 'Jungle Julia', are discussing Arlenes recent date:Jungle Julia: Okay, we're pretty clear on what it is you didn't do. How bout' enlightening us on what it is you did do?Arlene: Nothing to write home about. We just made out on the couch for about twenty minutes.Shanna: Dressed, half dressed, or naked?Arlene: Dressed! I said we made out. We didn't do 'the thing'.Jungle Julia: Excuse me for living, but what is 'the thing'?Arlene: You know, it's everything but.Shanna: They call that 'the thing'?Arlene: I call it 'the thing'.Shanna: Do guys like 'the thing'?Arlene: They like it better than no thing.Witty dialog, you say, but what relevance to a Nikon Zoom lens?Ok...it's an FX  (full frame) 70-300mm F4/5.6 Nikon Autofocus zoom lens from the '35mm film camera' days and therefore will only autofocus on Nikon DSLRs that have their own built in auto-focus drive motor. Although it is of fairly sophisticated and complex design, none of its THIRTEEN multi-coated elements are ED glass, and therefore no 'shiny gold on black' badge anywhere in evidence; just flat, matte' light gray print, instead. In fact, it is one of the least flashy products ever to wear the Nikon name! And while it has a focus distance scale, it has NO focus point mark or DOF scales; it's symmetry is not even broken by an auto/manual focus switch on the side! When the variator (zoom control) is turned, the front element does not rotate...however, when the lens is focused, the front element DOES turn!Color and clarity are frankly amazing and it's quite sharp throughout its range; surprisingly so for it's $150 price. In fact, it's almost as sharp as the present day AF-S 70-300 VR. ALMOST, but not quite, and then only on a DX body, but it's bokeh is actually better! And unlike the $600 AF-S 70-300mm VR, it doesn't rattle when you shake it!It has no VR mechanism and as I mentioned, no internal focus motor, but then, it's pretty light weight and quite well balanced on a D90 body, so it is very easy to hand-hold at lower shutter speeds. It may not get many covetous stares from other shooters...but it probably won't attract any of the 'wrong kind of attention', either. To be perfectly honest, with its lens shade attached, it doesn't look at all out-of-place on a D80, D90, or a D7000, but it just might on a D3.In the right hands, this lens will produce simply stunning images; sharp and clear with very good color and contrast...but you have to know what you're doing. I dare say that the 'point and shoot' crowd would be very disappointed, but 'Gray Barrel Nikkor Lens' aficionados will probably be more than a little bit irritated to learn this lens costs only $150!I call this lens 'The Thing'...because I like it better than no thing...about A MILLION TIMES better than no thing!The Thing...get it now?Did I mention it's also half a 'stop' FASTER at the wide end of the zoom than the $600 VR lens!! Yep, that's right...F4 at 70mm! HA!""
"20110401","3.0","lens not right,still amazon made it right.","ordered the 70-300 af lens. it arrived quickly with no hassle. One problem though my amazon search was for 70-300 auto focus for d-60 nikon upon recieving the lens found that the d-60 was one of the models it does not auto focus with. Still I recieved a credit with plusdig ( the vendor) and was able to order the correct one. So, short delay but all in all recieved a good lens at a good price and original lens was also great but will not auto focus with certain models. Next time I will do a little more research as far as compatability with my certain model. still love amazon and will contiue to shop here.""
"20110330","4.0","Nice super xoom lens","After much online research, I came across this Nikon 70-300mm SLR camera lens as an alternative to my original 18-55mm camera lens that came with the camera.  So far I-ve gotten great quality close-up shots of far objects and I couldnt wish for anything less for the price.  The lens does not have auto-focus which makes it more complicated to manually focus on an object.  I guess it makes it difficult without a tripod but I am no professional photographer so I am learning in process until I master some of the basics.  I wish the lens would have come with a little carrying case though but for the price, I guess it was fare.""
"20110321","3.0","300 zoom lens","Nikon 300 Zoom lens. A really great lens and an even more great price....$125.00 the kicker....didn't read anywhere in the description that it would not auto focus with my 3000D Nikon camera...that is a problem..I have to manually focus. But...I've decided to keep the lens due to the ability of use for my particular needs of shooting Christian artists concerts and the price.""
"20110226","1.0","Beware","Beware  - this seller does not accept returns - you can get this lens cheaper from other sellers anyway.""
"20110128","5.0","Nikon 70-300mm lens","This is a great lens. It is not VR, but I wanted the manual lens so that I can adjust the settings as I wish. Can't wait to get out and take some really great pictures with it.""
"20110118","4.0","Great Lens Nikon Quality!","Great lens for the price--can't be beat. Produces nice images, crisp and clear. Again, can't be beat for the price.As one reviewer pointed out, this lens does not have it's own focus ring, and AF (Auto Focus) works with most newer Nikons, but not with some of the older. (For example, does not AF (and hence, does not work) with my D40, but is compatible and works with my D90)To be to-the-point, the negatives on this lens is that it is slow to focus and a bit noisy (sound, not image quality). Other than that, it takes beautiful pictures...and did I mention that for the price, it can't be beat???I definitely recommend it and would buy it again. I love having it in my bag for those longer distanced shots.""
"20101231","5.0","Great lens for the price","Quite often people dismiss cheap lenses (under $200). While there are certainly bad lenses in this price range, there are often lenses that are surprisingly good. Many of these are Nikon's cheaper consumer lenses.I bought this lens for use on my Nikon D700 and D40 until I get around to buy a nicer telephoto, which would cost significantly more. I wasn't expecting a whole lot, but I have been pleasantly surprised with the quality of the pictures for the price. The sharpness and colors are significantly better than another Cheap lens at 70-210mm (can't remember the brand, it was an off-brand).There are a few drawbacks to this lens, of course. This lens does auto-focus on cameras with AF and G capability, but must be manually focused on cameras that do not. This includes some other 35mm SLRs as well as Nikon's newer consumer SLRs that don't contain a focusing motor. These cameras would include the D40, D40x, D60, D3000, D3100, and D5000. I own a D40 and can use this lens on it, but have to focus manually. You also can't adjust the aperture on old manual-focus cameras.There is also no image stabilization, therefore to take consistent sharp images in low light you need to use a fast shutter speed, which may not always be easy to do. This isn't the fastest lens either, starting at f/4 at 70mm and f/5.6 at 300mm. Because of both of these omissions this lens works best in good light unless you have a camera that performs well at higher-ISO settings or you have a flash that can compensate.I've also noticed that the autofocus is a bit slow, as well as loud. It's not as bad when the focus adjustments are small however, making it usually fine for tracking moving subjects, it just becomes inconvenient if for example you are tracking a soccer player and at some point accidently focus on the background and have to go back.The final drawback I noticed is there seems to be a little bit of distortion and softness as you reach 300, but it's acceptable considering the price of this lens.Overall this is a great deal. There are some conveniences and frills that are left out, as mentioned above, but considering this is only $130 I feel you can't go wrong. If you don't have a telephoto for your Nikon and considering this because you don't want to spend $500+, buy this. It's worlds better than nothing. Just keep in mind that the autofocus will not work if you have a D40/40x/60/3000/3100/5000.""
"20101126","4.0","GOOD LENS","Great price. Bought a mono pod for the camera because I had some camera shake and hope it will relieve the shake.""
"20101112","4.0","An Excellant Buy for Any Camera, AF or NOT!","Though this product does not offer the autofocus option it will for other Nikor enabled cameras such as the D300, D500, D2000, D3000 and D5000 cameras, it is still an excellent buy.  Originally even I thought it would allow for Autofocus for the D3000 SLR digital camera I have, but even without that it's still quite useful and just worth the effort.  Offers range settings for distance and when coupled with range-finding tools in the D3000 still will give you excellent focusing adjustability in manual mode.  Clear as a bell lens means excellent photography at any magnification and distances from 7 feet to 30 feet at close range, and very clear shooting for further distances.This product was purchased from this seller.  Seller shipped very quickly, and packaged this product very well.  Clear invoicing with product.  Product shipped new, in the box.  On a scale of 1 to 10 in satisfaction, this gets a 10.  Very pleased with service.""
"20101110","5.0","a super value","I am a hobbyist, and wanted a far reaching lens for taking pictures of hawks.  This lens is PERFECT for what I want it for.  Is the lens itself perfect...of course not.  It's got a plastic mount, feels fairly cheap etc.  But, look at the price!  You get what you pay for, and for barely over $100 (I got an import version from B&H to save even more money), this is fantastic.  If you NEED more light, or if the pictures you're taking are important, then maybe you should be looking at more costly lenses.  I suggest using a tripod at longer lengths, of course.  It really is a great value, depending on what you're needing the lens for.""
"20101105","5.0","WOW!","Excelent quality  for the price , it does what it suppose to do .. it does require a lot of light but you can compensate... i am glad i bought this!!!""
"20101028","1.0","THIS is NOT a AF lens","I ordered this lens as any normal customer would. Read the fine print and thought man this is a GREAT deal. I received the lens prior to the estimated date. But when I went to use it, it was MANUAL focus, not AUTO focus as the seller is telling everyone. DO NOT BUY FROM THIS SELLER!!!!!""
"20101010","5.0","Fantastic product","Love this product!  I use it all the time.  The lense is a great product for a great price!!""
"20101004","4.0","No AF function on Nikon D40","I bought this lens but never stated that does not work on AF on the Nikon D40X. It said it was a full AF lens. Anyway is so cheap that you can livew with that. Otherwise, is a good buy for the price. Tamron is offering a full workinf AF lens with the same speed, so you might consider it instead.""
"20100820","2.0","Nikon 70-300mm f/4-5.6G AF Nikkor SLR Camera Lens DOES NOT WORK on D5000","I bought it because it was less expensive than others.Unfortunately, the auto focus does not work on D5000 whichis highly annoying since the advertised product name includes AFin it.Also the image shown is not what was shipped.It has an extra 2 inch rotating black sleeve on the end of it.""
"20100818","1.0","Nikons Top Worst Lens!","I am very surprised that Nikon produce such a poor quality Chinese made lens. This lens will only damage Nikon's good name for quality optics. The only thing going for it is the low weight. As for optical quality I would like to give it a minus rating due to the awful very poor optics. You don't even get what you pay for! Avoid at all costs!""
"20100726","3.0","Lens works great.. just not with my camera.","picture quality was great, I wouldn't expect anything less from Nikon, however I sold it almost as soon as I got it because it did not auto focus with my D5000. Seller was awesome though.. he was willing to go against his own return policy for me if I hadn't resold it my self. Would definitely do business with again.""
"20100702","5.0","Great Lens for the Price.","This is a good lens for the price.  Great for outdoor photography.  Using on a Nikon D50.""
"20100624","5.0","Compatibility","Please note this lens Auto Focus system is not compatible with NIKON D40, NIKON D60, NIKON D3000, and Nikon D5000.This lens will fit above models, the focus system will only work manually.This lens is Compatible with NIKON D50, NIKON D70, NIKON D80, NIKON D90, NIKON D200, NIKON D300, N90s, N8008s,N6000, and N4004. The Auto focus system will work on those models.""
"20100620","4.0","Few Compromises","The Nikkor 70-300mm f/4-5.6G lens is a very capable performer, given the price point and focal reach of the lens. Yes, it is a plastic lens, and, yes, it is a cheap lens. However, this lens is nothing to scoff at; it can take really sharp pictures when stopped down. The real trick to getting this zoom to do the shots that you want it to, is with either stabilization (meaning tripod, monopod, etc.) or lighting (if your subject is well lit, you are good to go).Truth is, I don't often shoot at the long end of this range, so I don't wind up using this lens all that often. But, its reach has got me out of some jams, and it is the perfect walking around lens for the zoo and such. Plus, the fact that it is all plastic means that it is super lightweight, and really, for under $200, it truly has no true peers.""
"20100617","5.0","Compatibility,","Please note this lens AutoFocus system is not compatible with NIKON D40, NIKON D60, NIKON D3000, and Nikon D5000.This lens will fit above models, the focus system will only work manually.This lens is Compatible with NIKON D50,  NIKON D70,  NIKON D80, NIKON D90,  NIKON D200,  NIKON D300. The Autofocus system will work on those models.""
"20100608","4.0","Great lense","For the price, how can you beat this lens?  And the weight is awesome for shooting freehand or carrying all day in a bag as well!  I take little league baseball pictures and have no problem getting 1/1600-2000 sec. shots just before dusk, which is more than ample.  I would not recommend it for night games.  The 300 zoom (450 in reality) is great in theory.  I do find that the picture deteriorates in focus nearer to 300 mm (which is common on cheaper lenses), the only reason I did not give it 5 stars.  Up to 200 mm however, it is crisp and clear so I just tend to stay in that range for more important pictures.  At 300 it is not all that bad either (much better than a crop!), so that option remains available!!If you are on a rather tight budget (who is not these days?), take midlevel pictures, and need a telephoto lens to carry around:  BUY THIS ONE.  I was pleasantly surprised!!  Measuring satisfaction vs. dollars, this was a great find!!""
"20100507","3.0","slow, soft and cheaply made","Tried this lens, but it was soft to the point of being out of focus, felt flimsy (very light plastic), and even in the brightest outdoor setting agonizingly slow to focus on my D90.  Often, the AF overfocused and went back to blurry, or refused to focus at all!I expected to like this Nikon lens more than this, and am now looking for a Sigma or Tamron (where I'll get the macro feature as well, and for the same price).One good thing about this lens (if you don't mind a supersoft image) is it is EXTREMELY lightweight, which is very enjoyable.""
"20100414","5.0","Perfectly good on my D90","I don't think I need to repeat the great reviews on this item but I can tell you that it works very well with my D90. The auto focus is pretty fast even at low light unlike some of the comments I saw. The auto focus Nikon body has a male drive pin that engages to the female pin on the lens ring and the focus locks it plenty fast for most applications. You need to make sure that you engage the auto focus switch next to the lens lock button on front of the D90 body. Switch it off for manual focus otherwise you will not be able to move the focus ring. Being able to use this motor-less lens was one of the main reasons why I purchased the D90 because it just saved me $500-%600 getting this lens. I am sure a $700 lens will be faster but since I don't use this lens much it suits my need quite well. Just took a photos of a duck zoomed in all the way and compared it with my $350 18-105 Nikor zoom, the difference is day and night due to the optical zoom of course. Now, I can take photos of birds. Can't see any reason to spend $700 for a dozen photos a year which is what my usage rate is. The lens has no VR so I braced myself and took a photo of a duck and the result is stunning. I compared the same photo with a friend's with the 18-200 and I must say the result is better on the 70-300mm since it is really a 450mm optical zoom. Not really a fair comparison since it is twice the zoom but now I can clearly see no reason to get the 18-200. My 18-105 with the 70-300 give me the complete range coverage I need. I don't make a living with photography and I can't really tell the difference between photos taken with this lens and a $700 lens unless I put them side by side. If there is a difference, you would have to use a magnifying glass I am sure. The photos are just great already. I would not buy this lens if I have a D40 because it will not work with auto focus. There is a Sigma lens for $50 more if you have the D40, not sure the result you will get with that lens. I have an old Sigma lens which is just horrible but this was purchased 15 years ago, I think a lot has changed since. If you have the D90 or any focus motor body Nikon camera and want to save big money, you will be very pleased that you get this one.""
"20100412","5.0","Amazing pics","I had been wavering between the 200mm and the 300mm both with the VR.  I really wanted a longer zoom, since I will be using this for sports mostly but couldn't afford the $500.  I got lucky and found this lens and was shocked at the $140 price tag.  Seemed too good to be true.  I went to the spring practice at the FSU stadium and unfortunately found myself in the nosebleeds.  I was actually looking in my lens the whole time because I could see so much better in this lens.  I had no problems focusing at the full length at all.  If I had been closer to the field, I would have taken some amazing pics.  I took pics of people far away in the stands though and was shocked at how good and how sharp the pics were.  It's a great lens and I'm a very picky person!  Works great with my D-90!""
"20100403","3.0","Buyer Beware","I neglected to read the reviews so hopefully this will stop someone else from making the same mistake I did.  Auto-focus is NOT an option with the D40, D40x, and several other common models, something I think the description neglects to mention.That said, it's still a very good lens.""
"20100330","4.0","good people","I ordered this not know it was not the correct lens for my camera just a simple mis read on my part they were very nice i was able to return it with no problem an looked to see if they had the correct lens in stock they were not able to find the one i needed but i was happy with this vendor.""
"20100221","5.0","Great product","This is a great lense- I really didn't know much about lenses when I purchased it but learned a few things just by playing with this one. If you are looking for a lense that zooms AND has a wide angle then you might want to keep looking. This has an AWESOME zoom but is not very widescreen (when I shoot objects, I have to stand really far back to capture it- not very suitable for standard shots- in the future, I will try to get an all in one lense- 18-300 would be great if they even make them!)""
"20091125","4.0","Worth the money","This is the cheapest Nikkor zoom lens that will get you to 300mm, so is the build quality. The lens feel little cheaper next to my 18-105VR ED lens.I have shot the Moon with this lens. It came out good with all the fine details of the moon.But the lens is very slow to focus. I used this lens in an air show. It took lot of time to focus the fast moving jets.You would need a tripod if you are zooming all the way and the lighting is not enough. Even on cloudy day light, pictures came out blurry when completely zoomed in. I think this will be the issue with all zoom lens without VR.Auto Focusing is noisy but I can live that.But its definitely worth every single penny if you can't afford its expensive clone VR.You will not be disappointed. Picture quality is very good.By the way, I have Nikon D90. I don't have any issues using this lens.I'm completely satisfied with the lens despite some shortcomings.""
"20091111","5.0","Satisfied customer","this lens is not VR, but for the price, the quality is awesome. I'm an ameture just getting started and this has really made a difference in my pictures.""
"20091107","4.0","Nikkor Telephoto on a Budget for Nikon D90","I have a Nikon D90 kit with the 18-105 VR lens, and I wanted more telephoto reach for the kids' sports games etc.  I found this 70-300 non-VR lens for one hundred twenty five dollars at Adorama dot com, shipping included, and received it two days later--wow.  My impression is that it is definitely a budget lens but it does a pretty good job for the price.  It appears to be well-constructed and it is fairly light weight as the overall construction is  made of nicely molded composite-type plastic, so it is not flimsy.  The lens comes with a hood and the telephoto adjustment action of the barrel is just as smooth as my kit lens. This lens does not have its own built-in autofocus motor, nor an aperature adjustment ring. However, the D90 does have its own AF motor, which handles the auto focus and aperature just fine, it is pretty fast and accurate.  If your camera is the D5000/3000 or D40/60 which do not have an AF motor, I would recommend you avoid this lens unless you have a lot of time ad skill to manual focus your shots.  The lens is definitely much softer than my kit VR lens, and definitely not tack-sharp, especially at 200 to 300 mm range, and it needs bright sunshine outside to operate well.  It's really not an indoor-use lens unless you have a high ISO and some serious flash capability.  Even though this lens lacks the vibration reduction (VR) feature, it is possible to hand-hold it and get some really good shots even at the far end of the range.  However, a tripod or even a monopod provide much better stability for fast action shots.  I also added a Tiffen 62mm polarizing filter on this lens and that seems to make the colors better but doesn't help the sharpness, so I would still recommend using a filter with this lens.  Overall, I would say that this lens will scratch your itch if you just want really good far reach, but you're willing to sacrafice the extra tack-sharpness of the five hundred plus dollar VR Nikkor lens.""
"20091105","2.0","Not fully functional with Digital SLR cameras","This lens is described in the product description as an auto-focus that will work on digital SLR cameras.  While the lens is technically an 'auto-focus lens' it is misleading.  If you have a digital SLR camera youR lens has a switch on the side that allows the camera to focus the lens when you press the photo button.  This lens does not do that.  On a digital SLR camera it is just a manual focus lens.  I called the seller and they wanted to argue that the lens was auto-focus but did agree to allow me to return the lens.  So while the lens was new and the size specified, my complaint is that the description misleads you into thinking that this is a fully autofocus lens compatible and fully functional on digital SLR cameras such as my Nikon D40 it is not.""
"20090912","4.0","Nikon 70-300mm AF non VR","It is a very wonderful lens. I wanted to get the 70-300mm VR but after purchasing this one, I will say I am satisfied and will not be getting the other one. I take so many great pictures with it on my Nikon D5000. I would recommend it to everyone shooting outdoors. It is not the best lens for indoor pictures. The zoom works so well.""
"20090906","5.0","Nikon 70-300mm f/4-5.6G AF Nikkor SLR Camera Lens","I purchased this lens on 06/26/2009 and received very quickly and from the moment I started using it, it has become one of my favorite lenses. It seems to be very fast and the pictures look great.I have used it for sporting events, weddings and a few beach photos. Its a great lens but the only thing about it is you have to slide the barrel back and forth to change the focal length, but other that I love it.""
"20090623","5.0","Nice Lens","I've used this lens for a week with my D90. I shoot wildlife and nature. Autofocus is fast and solid. Focus ring is smooth, zoom ring has one snug spot. At this length I'm not worried if flash works at all. I have uploaded several pictures that out of the camera could not be improved!""
"20090530","5.0","Inexpensive quality lens","this is an inexpensive and quality zoom lens. It is amazing to me that I ordered it and the following day it arrived. This lens does need a fair amount of light but it was bought for outdoors shooting. A good product.""
"20090330","5.0","Camera Lens - Wonderful :)","I really really loved this lens. It works perfectly with my camera and has allowed me to take AWESOME pictures. Thank you very much for providing such a wonderful camera lens. Might I add, the delivery was quick and the price...very affordable.""
"20090323","4.0","D90 owners look here . . .","Lots of useful things have been said about this lens by other reviewers, so I'm only filling folks in on the question that some other D90 owners are, no doubt, asking. Can I use this lens with my D90?This lens does, repeat, DOES work on the D90. Happy news for folks on a budget (or for whom the D90 purchase blew their budget (wink)).I used this lens to photograph my son's Pinewood Derby at the local mall the other night.  On my D90, the autofocus is responsive, exposures are correct, sharpness is okay--certainly good enough for family photos, soccer games, and the like. The manual focus ring is located at the _front_ of the lens, which takes a bit of getting used to. There is no Auto/manual focus selector on the lens, so to focus manually (such as when using the video mode of the D90), you must select 'manual focus' on the camera body. Easy enough to do.For a bit more information, Howard Creech has an excellent review of this lens on epinions.I'm more than happy with this lens. I may step up to better glass at some point, but for my regular, everyday uses, this lens is an unbeatable bargain.My review:5 stars - very nice lens for the priceminus 1 star - not as sharp as some other similar zooms by Nikon--------4 stars""
"20090305","2.0","Good lens but not work well on Nikon D60","On the Nikon D60, this lens has no AF if that is what you are looking for.  I returned mine for the Nikon 55-200mm which also has the VR, and I'm looking forward to using as soon as it arrives.""
"20090130","2.0","You get what you paid","These are my first Telephoto lens, I don't like  optical quality of pictures are not sharp, with some cromatical aberration and it's noisy. Good autofocus. I think is better to save more money and get another like 70-300 VR.I like  to take pictures of birds and animals, but the pictures are not sharp, maybe to other needs but not mine.It could be that mine are defective.Second Revision:Now I'm using a Monopod I get Better results, My pictures still look a litle blurry at 300mm, I'm taking pictures at 270mm  with very nice results .""
"20090123","3.0","good product","My son is taking photography at school.  This was a great addition to his camera of choice.  It was well worth the money for the quality it provides.""
"20090118","5.0","awsome","The product is super good, looks and works awesome, was a birthday present for my son who loves photography, he was very happy with the  surprise, and the price was very reasonable!!!!! Totally recommended.""
"20090110","5.0","Very good companion for a D50","For the price, ($138 including shipping from BuyAccesories) this lens is hard to beat. Works very well with the D50. On overcast days at 200 - 300mm a monopod or tripod give the best results. Other reviewers have mentioned the bokeh quality of this lens and I agree, very appealing. Auto focus can be a little noisy and may tend to hunt before locking in. Manual focus and zoom operation is very smooth and feels right.""
"20090109","5.0","Very nice zoom lens, not for low light or dark indoor though","First, I'm giving this 70-300mm lens a 5 stars rating partly because the price is inexpensive (which is good in my opinion). Usually you get what you paid for, however in this case you get much more than what you paid for.If your primary objective is to take pictures in low light situation such as wedding and concert, then get the 80-200mm f/2.8 or the 70-200mm VR f/2.8 instead.Get this lens by any means unless you already have those alternative and more expensive zoom lenses that I mentioned above.Pros:1. Inexpensive2. You can get up close and personal (300mm which is equivalent to 450mm if you attach it to a DSLR)3. Very sharp and fast in bright light situation (outdoor etc), though it gets a bit softer as you get closer to the 300mm4. Very light5. Bokeh is suprisingly good6. Great for portraitCons:1. Plasticy build and looks cheap (but I don't think you should care on this)2. Very bad on low light situation especially if the object is moving/sports photography, but still works fine for long exposure with tripod like photographing fireworks or night light building/city/car lights.3. Focus seems to be slower on low light situation (focus hunting a bit more)Bottom line: this lens loves a lot of light.If you give this lens a lot of light, it will take good care of you.Last but not least, after you get this lens, go and buy the nikon 50mm f/1.8 AF-D prime lens for $100 or less (equivalent of 75mm if used with DSLR which is very good for portrait and semi-zoom). This is a very fast lens and works extremly well in low light situation even without using flash. This lens will complement your 70-300mm lens very very well.Happy photographing!Sidarta Tanu""
"20081212","4.0","300mm lens","I received the lens very quickly, which was greatly appreciated.  I have used it several times on my Nikon D90 camera, and it really reaches out there and gets excellent closeups.  Is very easy to use, works seamlessly with my camera, exactly as I'd hoped.  A lot of product for the money, and a very satisfied customer.""
"20081005","5.0","Wonderful value of a lens on my D700","I bought this lens about 3 years ago and used it on my D200 for a long time, and now on my D700. It's sharp. It's light. It's a lens that, if I drop it, I'll live.This lens is sharp. It's light. It's reliable. I've made several 24' x 36' enlargements from it and they are fine.True, it still does not focus as snappy quick as an AFS lens, but then, it's many hundreds of dollars cheaper! And it focuses fast enough for 90% of us. It's not a VR lens, but, while VR lets you use slower shutter speeds, it doesn't hold your subject still.But the comments that it is rather slow in dim light are fair, and I've been saving for the 70-200 2.8 zoom. It is not a fast lens. If you're on a lower model Nikon camera, you won't be using it inside without a flash. (The higher ISO's of an FX sensor -- D3/D700 -- really help it out in this regard.)It really is an amazing bargain lens.(NOTE: As this is NOT AFS, it will not autofocus on several lower models that require AFS to autofocus.)""
"20080930","5.0","Nikon 70-300 Lens","This is a light weight lens that is easy to use and gives great results. I also have a Nikor 70-300 D that is supposed to be far superior to the G lens (and costs a lot more) but I tested this one against the D and found the difference to be so slight that only the 'most high pros' would care.Considering the weight difference, I know I will use this one most of the time and probably sell my D lens. I was able to take hand held (no tripod) shots at 300mm with only a brace and got perfect results.""
"20080830","4.0","Great Lens","This product was in perfect shape. The only reason I didn't give it a 5 was because the only way I can use it on my Nikkon D40 is on manual. It's my fault really. It is a great lens for manual use.""
"20080820","5.0","Awesome Lens and Awesome Service.","I have ordered the Nikon 70-300MM AF Nikkor SLR Camera Lens from 'Gigabargain.' I have emailed him asking if I could get my order before Sunday. * Ordered on the 16th, Saturday. * He/She replied with no problem. I received it (Lens) about 2 Hours ago. * Wed. 20th *. Yay. :]This lens is GREAT. Not heavy. It's a tad slow when it tries to Auto Focus, but that doesn't matter to me because I use manual focus anyways.Great price for this too.""
"20080818","4.0","best bang for the buck","Would love to have purchased a similar lens for 5x the price of this lens but not right now.For the price this is hard to beat. I wanted a 'long' lens to take bird pictures and the occasional distant animal/sunset/silhouette shot that I happen onto now and then.If you use a tripod (or a beanbag over a car window)and keep the settings on f8 or even better at f11, the pictures are remarkably sharp.The auto focus seems to hunt a bit but is better than I expected considering the bargain basement cost for the lens.An interesting note is that it appears the lens is often sold used for at or above the cost of a new lens.""
"20080713","4.0","Good lens for the money","Got this lens for pics I plan on taking of my kids and vacation.PLEASE BE AWARE that you need a AF-S for automatic focus on a Nikon D40.This lens does focus well,just not what I expected.""
"20080407","5.0","Muy bueno!","Les recomiendo absolutamente este producto. A pesar de no ser autofoco, vale la pena ya que su precio es la mitad y enfocar es realmente f&aacute;cil, requiere un poco de pr&aacute;ctica y listo. El despacho funcion&oacute; muy bien y el servicio exlcente.""
"20080114","5.0","Nikon lens review","Product was what it said it was and was delivered very fast and at a very good price.""
"20080112","4.0","Worth every penny","I bought this lens to try on my New Nikon D200, even though it is not a fast lens for indoor photography. I solved the problems by using my SB 800 flash with diffuser and bounce to ceiling, far close up shot of people up to 20-30 ft away is tack sharp with barely no shadows. Outside is a different story it is very sharp between 100 to 400 ISO and quick to focus, the motor sound don't bother me. I shot a lot of macro and potrait with this lens. I will continue to use this until I can save for Nikon 70-200 F/2.8 VR ($1,800 plus tax plus add $450.00 for 2x converter. Taken to this lens pinted to 8 X 10 is excellent. By taking landscapes shot tripod mount and use a cord trigger will result in very sharp picture that can be enlarge poster size 20 X 30 inches. I printed some shot on my canon printer ($500.00) 13 X 19 inches the quality is Gallery quality. To make it short, I recommend this lens. you have to realized bokeh or blurring the background is how you select the lens opening (Apertures or F stop). Burst shot is not a problem on my D200 with this lens.For the price what are you waiting for? As long as you know its limitation. I luv the very light weight. I have tried the 70-200 F/2.8 VR mounted on my Nikon D200 with Battery Grip in our local camera shop, I don't know if you can bear the weight to walk around with it.""
"20071227","3.0","It's cheap at least","Pros:Cheap cheap cheapLightweightSmooth in manual focusCons:SLOW Autofocus (body driven, rather than internal)High f/stopsNon-ED glassVery soft...sharpness and contrast leave alot to be desired.  The 18-70 kit lens from my D70S is sharper and has higher contrast (thanks to the ED glass)Overall, you get what you pay for.  If you're looking for a lens for wildlife photography where you need to get the shot the first time and have it be nice and sharp in all conditions, look elsewhere.  For posed portraits under good/controlled lighting, this will be a low-cost alternative to a nicer lens.""
"20071109","4.0","You don't NEED an expensive DX or DX VR zoom lens to get great action shots.","This SLR Zoom lens came with my Nikon D80 package. It's a lens that I actually had and was using on my N65 for years, but I sold that one when I sold my N65. Now that I'm using it again, but on my D80 I'm absolutely amazed by what it allows me to capture. I can shoot sports during the day or at well lit night venue from as far away as 40 yards and get results that are magazine worthy. It freezes action and focuses so fast that it makes shooting sports effortless. It's very light and quiet too. I'm sure the modern DX VR version is better, but it's also 7x the price. Unless you're a pro, just get this lens and call it a day. I guarantee you'll have some great shots of your kid's soccer games to frame and cherish forever.""
"20070825","5.0","Great lens for the price","This lens far exceeded my expectations.  I was a bit worried reading some less-than stellar comments online, especially about build quality, but decided to take a chance.  I wouldn't call this lens pro-quality by any streach of the imagination but for the casual user or moderate use pro-sumer, I would highly recommend this bargain of a lens.  It's ideal to get up and close to the action and fairly light to hold; this make it easier to hold and compose longer without your arms getting tired.  I use this lens with a F100 and focus is much faster than expected.  It has a tendency to 'hunt' more as you zoom in, but not so much when it is zoomed out.  It is D compatible to communicate distance information for matrix metering and flash use, there seems to be some confusion about this online...  In short, great lens and a fantastic value.  Enjoy.""
"20070725","4.0","Great Value for the Money","I purchased this zoom lens for outdoor daytime sports, and it has done a very good job considering the low price.  This is a very light lens, with no VR, so when zoomed in you'll notice quite a bit of camera shake.  This is easily solved by either using a monopod, tripod or some other type of stabization if you want to get sharper pictures.The lens does indeed get softer in the 200-300mm range, but a little sharpening in PS usually does the trick.  Since the maximum aperture is f/4, don't expect your subjects to pop much from the lack of bokeh.  Then again, I didn't expect much bokeh in a $140 lens, so this wasn't a surprise to me.I know this review sounds more like a two star review, but keep in mind that you're getting a 300mm telephoto lens for less than $150.  The 'pro' lenses in this zoom category cost ten times as much, and that's way too much for amateur photography, IMO.  For the price, this is a good value and a great way to get close to the action without emptying your wallet.""
"20070704","4.0","Nikon 70-300","I bought a Nikon D-200 with an 18-70mm kit lens.  I wanted to get closer to the action so picked up this lens after some reviews.  It's really a great close up lens, but at the full 300mm it is REALLY hard to hold it steady without a tripod.  And I have to say, that when I want a close up shot, the 70-300 is on my camera, and when I want to shoot a bird, the wide angle is on the camera.  Now I keep thinking that the 18-200 VR lens would have been a pretty good choice afterall.""
"20070508","4.0","Good Value","For the price you will not find a better lens.  It takes great outdoor shots in bright sunny days.  Not so great indoors, but still very good.""
"20070502","5.0","Excellent item and great price","Well made Nikkor Lens - great value and it takes magnificent photos.""
"20070405","4.0","Can't beat the price","I'm a beginner who still wanted the longer reach that this lens offered. The difference between this and a 70-200mm lens was amazing, especially when the effective zoom is equivalent to more than a 300mm -- more like 450mm, I'm told. By only complaint was the length of time it took Amazon to get this product to me. It arrived at my house while I was on vacation, getting by with a 70-200mm lens and cursing my bad fortune.""
"20070401","4.0","a good value","Not a pro, but this was a really good value for me.""
"20070330","4.0","Great lense for the Price.","As others have mentioned, the autofocus is a little slow and sometimes won't focus at all in really low light. But you should be manual focusing anyways. Other than that this is a great lense, especially for less than 200 dollars. I've used it for photographing motocross and surfing so far. The 300mm is good for getting close up with the surfers while standing on the beach. The colors are crisp and this lense seems to be a little sharper than the 28-80mm Nikkor that came with my D50.""
"20070320","1.0","Great Product, Poor service from Amazon","The only reason I am giving this 1 start is becuase of Amazon's poor service, otherwise I would give 5 stars for the product.  I placed this order more than 30 days ago.  Amazon still has not shipped the item so I cancelled my order and placed it with J&R.  If Amazon did not have the item in stock, they should have stated on their web site or at least communicated with me that there will be a delay in Shipping.""
"20070216","4.0","Nikon Nikkor 70 - 300 mm f/4-5.6G AF Lens","The only two drawbacks to this lens are that it requires a huge amount of light to take quality photographs and it is relatively slow to autofocus, especially where there is not adequate light.  Aside from this it is a good but not great lens.  It is probably worth the money that it cost, however, I believe that a better lens would be the 70 - 300 MM VR which costs about 4X the price of this lens.""
"20070212","5.0","One of Nikon's greatest bargains","This lens is one of Nikon's 'best bang for your buck' products.  It's a very good telephoto zoom, unbeatable for the price, and most amateur photographers will find it quite satisfactory for their needs.  Would I like to have a $5000 telephoto?  Would I like to have VR?  Sure, but this is the best way there is to get a very nice piece of long Nikkor glass on a tight budget.D40 owners, forget it, this is not an AF-S lens.""
"20070128","5.0","Nikon Lens 70-300","I am very pleased with how quickly I received the order and with the product. I used this Lens while attending a Seminar a few days after receiving it and was very pleased with the quality of the pictures.""
"20070125","5.0","Nikon 70-300 zoom lens with Nikon D40","I just recently got a Nikon D40 for christmas, and i wanted to get a nice zoom lens that would suit my needs, as well as be really inexpensive, and i think this lens fits that to a 't'.  contrary to popular belief, this af-g lens does work with the new nikon d40, the only thing is that it does not autofocus. which isnt a big deal really.  I rated this lens as a 5 because it takes amazing pictures.  I love it. you really cant beat this lens for the price.""
"20070119","5.0","Nikon 70-300mm SLR Camera Lens","The lens was just what I wanted it was awesome, Shipping was extremely fast and this was ordered 1 week before Christmas I had the lens 3 days after I placed my order. Thanks.""
"20070116","4.0","Great Lens","The lense does everything it was advertised to do and at a reasonable price.""
"20070105","3.0","Nikon name at Wal Mart Price","Agree with fascination with this price point for a Nikon lense, and difficulties in marginal light situations.  You do have to wonder at the optical quality when a teleconverter costs twice as much!  Bought it to use with my D50 at my son's soccor games and for wildlife, and have been very pleased with advantage over 200mm on my other telephoto for this purpose.  In daylight, it is plenty fast enough to hand hold, and inconspicuously compact at that.  At this price, it is hard to pass up as long as you are clear about what you are getting.  Family use--great.  Pro--no way.  A fine match for the D50.""
"20061001","5.0","Great Value - FYI","This lens is worth the few bucks it costs - no question about it - but it's true that it performs poorly in low light situations but for what it is supposed to do - it is a great value for a Nikon telephoto -  I give it two thumbs up.  There are many good tech specific reviews of this lens already posted here from those of us who use this lens and most of what was said,  I agreed with.  So the main reason I wanted to post my review was to give other future buyers of this lens a FYI.  This very same lens is included in the 'Nikon Zoom 300 SLR Digital Camera Accessory Kit 9983' -- which is what I purchased through Amazon.  AND, if you can believe it, it costs about the same and you get more for your money.  [a good nikon camera bag, an extended warranty for your camera as well as for the lens..]  Anyway, I wouldn't have found this had another Nikon enthusiast not told me about it.  So I wanted to pass on this tip -- in case anybody was interested in a few extra accessories with this lens.  Hope the info helps.  Yes, good lens and also the kit I mentioned is a fantastic buy.""
"20060904","5.0","Very nice zoom lens, not for low light or dark indoor though","First, I'm giving this 70-300mm lens a 5 stars rating partly because the price is inexpensive (which is good in my opinion). Usually you get what you paid for, however in this case you get much more than what you paid for.If your primary objective is to take pictures in low light situation such as wedding and concert, then get the 80-200mm f/2.8 or the 70-200mm VR f/2.8 instead.Get this lens by any means unless you already have those alternative and more expensive zoom lenses that I mentioned above.Pros:1. Inexpensive2. You can get up close and personal (300mm which is equivalent to 450mm if you attach it to a DSLR)3. Very sharp and fast in bright light situation (outdoor etc), though it gets a bit softer as you get closer to the 300mm4. Very light5. Bokeh is suprisingly good6. Great for portraitCons:1. Plasticy build and looks cheap (but I don't think you should care on this)2. Very bad on low light situation especially if the object is moving/sports photography, but still works fine for long exposure with tripod like photographing fireworks or night light building/city/car lights.3. Focus seems to be slower on low light situation (focus hunting a bit more)Bottom line: this lens loves a lot of light.If you give this lens a lot of light, it will take good care of you.Last but not least, after you get this lens, go and buy the nikon 50mm f/1.8 AF-D prime lens for $100 or less (equivalent of 75mm if used with DSLR which is very good for portrait and semi-zoom). This is a very fast lens and works extremly well in low light situation even without using flash. This lens will complement your 70-300mm lens very very well.Happy photographing!Sidarta Tanu""
"20060814","5.0","Great quality at a low price!!!","I am very impressed with this lens!! I was hesitant about buying this 'G' lens because of the low price so I read tons of reviews before deciding to take a chance. Even with the low price, after I ordered it I was hoping I hadn't made a mistake but I've taken about 1,000 photos with it so far and I couldn't be happier with it!You can read other reviews here for technical details so I won't go into that, but if you're a casual photographer like me and don't have hundreds or over a thousand dollars to spend, plus you don't want to lug around a long, heavy lens, this is the lens for you!!I'm using it on a D50 and have only used it outdoors so far and the photos are very sharp. Of course, as with any long zoom lens, you have to steady it well or use a tripod. I've taken photos of plants, hummingbirds, loons, sunsets, etc. and I'm in love with the long reach, too.Bottom line - if you want an inexpensive, lightweight, long zoom lens that takes excellent photos, buy this one!!!""
"20060812","5.0","Can't beat the value","Very light too. Perfect handheld. Beautiful pictures with my D50. Highly recommended.""
"20060809","4.0","Great lens, great price","I love the zoom feature on this lens.  It's great for taking pictures of my kids from some distance.  I'm back in SLR photography after a 12 year absence.  I'm looking forward to learning how to take pictures again.  This is a very good lens at an unbelieveable price.  It's not the fastest but should be fine for most photographers.""
"20060807","5.0","Great value for the amateur and semi-professional","So you are looking for a good lens?  You want something that will take great pictures, but you don't want to spend hundreds or thousands of dollars?  Well this is the lens for you!  I have used several 70-200, 70-255 and 70-300 mm lenses in stores which considering them and the answer is simple:  You can't beat a Nikkor lens.This lens has excellent clarity and optics.  I am the director of the Nicholas Copernicus Observatory at the University of Miami and I have extensive expierence in optics.  I can tell you, without a doubt, that you wont find a better lens than this for twice the price.  I have only bought Nikon cameras and lenses, but I get plenty of chances to use other ones at the observatory as different people bring their equipment to learn how to use it better.  No matter how many cameras I use, I still recommend Nikon above all else.I presently use this lens with a Nikon D70s camera.There is a more expensive version available, the Nikon 70-300mm f/4-5.6D AF Nikkor SLR Camera Lens, which has superior optics.  I highly recomend that lens if you are a professional who needs perfect clarity on sunny days for nature photography at the 300mm length.  If you are an amateur or even a semi-professional, if you use this in lower light, or if you are using the shorter length most of the time, save the $200 price difference and save it toward another lens!""
"20060727","5.0","can't beat it for the money","i simply can't imagine you could get more bang for your buck than with this lens.  since purchasing it i've used it for everything from nature photography, portraits to candids from a distance.  it's a solid lens all around (though i am still very much an amatuer--so there's my disclaimer).  the complaints i've read on some sites about the lens having problems focusing in moderate to low light have not been an issue for me.  attached to my D50, this lens is quick and quiet in its focusing ability, even in relatively low light.  the fact that it throws the background out of focus so easily is WONDERFUL for portraits, so if that's the kind of photography you're into i'd highly recommend this lens.  with the crop factor you get on a DSLR it really ends up being much more than just a 300mm lens, too.  nice bonus.  And i've found that if the light is sufficient you can get pretty sharp pictures even zoomed out well past 200mm.  again, for the money i paid (about $100), i have a hard time imagining that this thing can be beat.""
