"20120609","4.0","Cap not the same as original","I foolishly assumed this cap would be OEM based on the Canon label and packaging photo. It seems a decent quality replacement but not identical to the Canon cap I lost. Frustrated because the Canon website offers an authentic cap for same price but I purchased here because the shipping seemed more fair. The cap fits my lens but seems just a bit 'off' compared to original. I wouldn't return because it suits it's purpose but I do feel duped.On a plus, the transaction was smooth and the vendor shipped very quickly!""
"20120518","5.0","Perfect Fit","Fits perfectly on my Canon t3i! I was weary of the poor reviews given to the cheaper generic lens caps, so even though this one cost more, it's great and I didn't have to worry about returns.""
"20120331","4.0","Good purchase","This product met my expectations. Was a good replacement for our lost Lens cap. It is a perfect fit. Worth the money spent.""
"20120128","4.0","Almost the same as original Canon cap, but waaaaaaay overpriced","I lost my lens cap, and ordered this as a replacement. Its not oem, but is pretty much the same. Its also overpriced for a piece of plastic, especially since its not oem. Otherwise it works great.""
"20120125","5.0","Also fits Canon Rebel 18-55mm","Like everyone else, I lost my lens cap, but it was for a 18-55mm, not a 58mm.  I searched Amazon for a replacement cap for the 18-55mm lens and couldn't find a suitable one.  Then I read the reviews here and found one reference to this one fitting my lens, so I ordered it, figuring there wouldn't be much lost if it didn't fit.NOTE: the lens DOES fit, no problem, and is as advertised with 'Canon' on the front.""
"20120125","5.0","Just what you'd expect.","Yep, it's a Canon lens cap all right.  Not much to review really, except that it came quickly and was packed well and was exactly what I wanted.  And of course, that I found the original 'lost' lens cap in a matter of days after getting this one.  That's okay - now I have a spare.""
"20120101","5.0","Canon 50 mm Lens Cap","Not too much you can you say about a lens cap except it works and looks like the original.  Yes, I would recommend this product. As usual, Amazon was prompt.""
"20111129","5.0","Canon EOS Rebel T3i - Same cap that come with the default lens","We have a Canon EOS Rebel T3i and bought it with the default lens that comes with it. We also bought another lens for basic zooming capability.  We lost one of the caps.  Came on here and decided to buy two of these caps.  It was great because these caps were exactly the same as the one we lost.  We still had one cap to compare with and it really cool to have a spare now.""
"20111127","5.0","Exactly like the original","I picked up two of these because I had lost my original cover while shooting.  Of course right after they showed up the original re-appeared.  :-)  These are original Canon and are exactly like the ones that came with the camera.  Not much else you can say about them.""
"20111020","3.0","Why 3 stars?","It's pretty overpriced for a piece of plastic.  But if you like your Canon products to match, then this is the way to go.  Just don't lose anymore caps b/c it adds up.""
"20110831","5.0","Works well and helps me out a lot after losing my old ones. Thanks!","The item is great. I haven't bought anything but books on here and these camera snap on lens caps help so much and were practically brand new. I'm very pleased with my purchase and the condition it was in. Now I'm not worried about scratching up the actual lens. Thanks!""
"20110830","5.0","almost like the original","this lens cap is almost like my original cap. At first, i could not tell the difference. Fits perfectly on both my 18-55mm and my 70-300mm.This cap also fits well even with the filters on.bottom line, it is way cheaper than what canon sells. so why buy a $20 cap when you can have this which is almost identical as the original cap?I would not hesitate recommending this to anyone who needs a replacement lens cap for the canon 58mm lenses.""
"20110824","5.0","Just like the original!","Get as a back up or if you've lost yours. I bought two because I lost the one the camera came with all to fast.""
"20110812","5.0","Greeat product, Great seller","I purchased this lens cap as a replacement for my T1i.  Its not the exact same construction as the original, but fits and operates perfectly fine.""
"20110728","5.0","Cap fits!","Not much to say. Cap fits on my 58mm filter threaded lenses and on the filters themselves. Including Hoya HD filter and B+W UV filters.""
"20110531","5.0","Lens cap","This lens cap fits perfectly on my digital rebel and is a Canon lens cap.  I have absolutely no complaints.""
"20110521","5.0","Much needed accessory!","Item was exactly as described.I had lost my previous one & needed another to replace it...& this one fit just right!Works like a charm.""
"20110502","4.0","OEM Lens cap as advertised.","This is exactly what I needed.  It is the OEM lens cap for my Canon Rebel XTi.  It actually appears to stay on better than the original.  I would have given it an extra star if the good people at Canon would create a tether to attach to the camera body. The after market tethers have mixed reviews -- so I am not sure I will be buying one of those. I will try my best to hang on to this one.""
"20110427","5.0","Fits Canon T2i","I received this lens cap as a replacement for a T2i cap that was lost.  I mainly wanted to write this review to let potential customers it fits the T2i perfectly.  The cap is an Original Canon Product and fits great.  The price took the sting off of the original loss.""
"20110416","5.0","Just like the original.","This cap is just like the original cap that I lost.  It may be made from a different country but the cap looks exactly like the original one that came with the camera.  I am happy with the purchase.""
"20110401","5.0","Fits EF-S 18-55mm Lens for Canon Rebel xsi","Fits perfectly on the EF-S 18-55mm lens that came with my Canon Rebel xsi. Looks exactly like picture. No complaints.""
"20110317","4.0","What you see is what you get","An excellent bargain item, meeting the function as well as being reasonably priced; not to mention exactly what you see is what you get.""
"20110305","4.0","Great replacement.","Just like the original. get it. However mine said Ultrasonic, which is not shown in the picture. Lame but oh well.""
"20100209","3.0","Inferior Quality Replacement/Very Good Vendor Follow-Up!!","Lens caps were not OEM,although Amazon display implies that they were. Although they do fit the lens, they are even more easily dislodged than the already substandard OEM E85 lens caps, which is a low hurdle indeed! Only positive comment is that the replacement price better matches the poor quality of the replacement compared to the(Canon's) very over-priced originals (by a factor of 2.5X) Even with care bordering on the paranoid , I have managed to have 3 caps lost with only weekend usage over an 8 month period.(And, that refers to the original poorly designed Canon caps. Don't expect much protection from these replacements either)FOLLOW-UP: I was immediately contacted by the vendor( fivestarexperience) after this negative review with an offered postage-paid refund for the items if returned , or simple credit for order minus S/H. This is a very inexpensive product, not worth the trouble to do either.  But the offer did change my opinion/estimation of the vendor! Thank You.! I'd recommend the vendor and would use again. My review of all E58 lens caps and pricing is rather 'glum', however.This is a complex evaluation that mixes both product quality as advertised and vendor...so draw your own conclusion: Product - , Vendor ++ .""
"20100120","5.0","Perfect","I keep losing my lens caps and bought 2 of these - they are exactly the same as my original lens cap that came with my Canon Rebel. I'm very happy with this purchase and I'm sure I will be buying more of these.""
"20091013","5.0","works great","I bought this for my canon 50mm f/1.8. I know the 50mm actually has a 52mm lens cap...but I goofed once and bought a 58mm filter. instead of returning the filter, i bought a step-up ring so I could use it. However, now the 52mm cap wouldn't fit...so I bought this 58mm cap, and everything works great.""
"20090607","5.0","making things right","I ordered the wrong size lens.  All about electric made everything right.  Thank You and I would purchase from you again.""
"20090419","5.0","Canon Cap","This purchase was just a Canon 58mm lens cap. It works fine and as usual, Amazon has been easy to deal with.""
"20080108","5.0","Received quickly","It's just a camera lens cap...so it was what I expected.  I received it quickly witout any issues.""
"20071017","5.0","Same as original","Received a little later than expected but still fairly timely. Like 10 days. Cover looks and fits the same as original. Wish it had a string loop to attach to camera to prevent further loss.""
"20070513","1.0","NO con la PRO 1","Tengo la Canon Powershot Pro 1 de 8mp, buscando en Amazon un Lens Cap, me dio este modelo, lo mando a buscar y NO LE SIRVE a la PRO 1. Fue dinero Perdido, poco pero perdido.""
