"20120503","4.0","Canon Lens Caps","These lens caps were all that I expected, they fit well, and looked good.Losing a lens cap is rather easy to do.  These caps filled the bill.""
"20120330","5.0","Simple and right","Only a lens cover so nothing much to rave or complain about. It snaps into place easily and stays on well on my Canon 18-55mm lens. Never had an issue with the cover popping off by itself, so in that regard it does its job.""
"20120128","5.0","Another happy Canon camera owner!","Thanks to all the other reviews here, I knew this was going to work for my two lenses for which I had lost two lens caps.  I ordered two.  They came quick as lightning.  And voila!  I was back in the protecting my lens when not in use business.  I have the Canon EOS Rebel T2i and the lenses in question are the EFS 18-55 mm and the EFS 55-250 mm.""
"20120111","5.0","Works for my Canon 18-55mm lens (basic t3i kit lens)","I purchased the 18-55mm lens off of a guy on craiglist for dirt cheap, and of course he did not provide the lens cap.  I was a bit skeptical after reading reviews of it not staying on.  In the end I got it, FITS PERFECT. 5/5""
"20111229","5.0","It FITS!!!","This product fits my Canon T2i stock lens just fine (that's the standard lens that came with the camera in the store). A friend borrowed the camera and lost the original cap. This is a very affordable replacement that is perfectly compatible with the 58mm-lens opening.The little quick-release clips (as pictured on the left and right of the lens cap) work great... just like the original cap worked.""
"20111205","4.0","It fits","The lens cap fits my kit lens perfectly. Minus one star because it cost ~$10 but still better than nothing.""
"20111126","5.0","fits just right  good match !","Just the right size and match for my original equipment...does the job it is supposed to do...would buy again. would buy again.""
"20111031","5.0","thanks","the item i ordered came so quickly.... thank you sooo much for sending it so fast.. it was also very well packaged.. thank you very much. It was great doing business with you""
"20110925","5.0","Perfect and great price!","Fast service and great price!I was very happy with the product.So cheap, I bought 2 , in-case if I lose it again.Thanks!""
"20070405","5.0","Worth the money.","a bit expensive for a plastic cap, but much better than the one that is OEM with the S3 IS.  I'm glad I bought it. And if I lose it, I would buy it again.""
"20070310","5.0","It's a well made lens cap,  What you would expect from Canon","It does the job.  You may be able to find cheaper ones but take it from me, that's not always the best way to go.  I bought a $3 cap previously and it was cheaply made.  The threads were messed up on it and it didn't attach to the threads on my adapter well at all.  It did not stay on to good which, unless I'm mistaken, is the entire purpose for a lens cap.  This cap is NOT a replacement for the slip on cap that comes with the S2/S3 cameras.  It is made for use with an adapter and UV/filter lens.""
"20070118","5.0","Lens Cap, cover","This is just a lens cap. Canon branded. But it does fit the haze filter when attached to the Canon branded lens adapter.""
"20070116","5.0","Great cap.","I got this for my Powershot A610 because I got the 58mm lens adapter for it and needed a lens cap for protection.""
"20070115","1.0","Canon Lens Cap  E-58U","Advoid this Cap as it dose not Fit on the Lens of  the Canon Powershot S3 IS.""
"20070113","3.0","Not a replacement for Canon S2 IS","I have the Canon S2 IS.  I bought this as a replacement for the orignal lens cap that falls off constantly.  This cap does not fit.  It can only be used with the optional filters.""
"20070106","3.0","Good Product","Lens cap doesn't fit on standard lens, only on the adapter, but that's great when using filters.  The standard cover doesn't fit on the adapter sleeve, so if you leave the sleeve installed, it is mandatory for covering the lens.  Great price on the cap.  Would like to have some means to restrain the cap when removed, but that's a function of the Canon design, not the merchant.""
"20070105","3.0","Black as night","I picked three stars because you can find 58mm non-canon lense caps for less money elsewhere.  It's a pretty simplistic device, go cheep, nobody will care if it says Canon or not.I don't entirely know what else to say.  It's a lense cap.  When I put it on my camera, dust stays off the lense and the pictures are black as night.""
"20070104","3.0","Lens Cap","It's a lens cap - what more is there to say - it fits over the lens and does its job of protecting the lens' surface.""
"20070104","5.0","Does the job","This is a nifty snap on cap for the lens adapter.  That way you don't have to ever take your adapter off.  You can protect your lens with it on.""
"20070104","3.0","Lens cap","Its a lens cap - it works.  It fits the lens adapter barrel, not the wider lens hood. I dont use the lens hood anyway, it blocks the popup flash on the camera. I keep the barrel adapter - with a uv filter and this lens cap - on the camera all the time.""
"20061118","5.0","lens cap","Well, it's Canon, so there is no doubt about the quality. The only downside -- because it doesn't have a string the cap is very easy to misplace. Always put it in your pocket everytime you remove it from the camera to shoot pictures.""
"20061110","3.0","binocular lens caps","A great binocular ( 18x50 IS). I would either have these be included with the purchase or even better, have objective and eyeiece caps that are flip open and attached to the binocular body. For the price of the binoculare they could really do this small security improvement.""
"20060829","5.0","but but but....","I have the lens, I have the cap....and its been so long since I bought both that I don't remember if the cap came with the lens or not.  SURELY it does !!!!!!!  I do love my add on lenses but I will have to say that now that I've added all these other toys (macro, wide angle, telephoto, filters) I now realize I shouldve gotten a SLR digital and held out for true lenses instead of the conversion option.  I love my S2IS but just think how nice a real camera would be !!!!!!  sigh....""
"20060719","4.0","Almost perfect but...","Good quality, and perfect attach, but no cord to avoid loose it.Incredible that Canon forget it!!!So... remember to put it inside your pocket when you use your camera.""
"20060628","4.0","Functional","Lost your old SLR lens cap?  This is what you are looking for.""
"20060223","4.0","Quality is good, as it is from Canon","It's good as my title says, however, I found one con about it is there is no place I can put a string on it so that I have to put it in my pocket when I take it off.""
"20060220","4.0","What camera does this cap go with?","I got this lens cap when I ordered a close-up lens for my camera, a PowerShot S1 IS, because it was recommended as something people who ordered that part would also order.  I, therefore, assumed that it went with the same camera, or with the lens/adapter I was ordering.  However, it does not appear to fit either the camera itself or any of the attachments, so I now wish that I had done some more research to determine whether it would actually fit my equipment.""
"20051215","4.0","Need to replace your lens cap?","I'd be stating the obvious and preaching to the choir if I said that care of lenses for SLR cameras required a decent lens cap.  This one snaps into 58mm threads on the end of many lenses (Canon and otherwise), so just be sure to confirm that that it's the proper size for your lens.""
"20110925","5.0","Bertha","The product arrived just in time and in perfect conditions I commend you for your excellent service and for this reason I recommend buying from this site""
"20110808","5.0","great customer service","I purchased this as a replacement cap for my Canon Powershot Pro1 camera.  Unfortunately, it was completely the wrong size.  Don't know why I had just assumed this would fit my tiny lens.  Upon contacting the seller about their return policy due to the wrong size, they asked which size I needed. They told me they would send the correct size and to just keep the other one.  And I received it a few days later.  Thanks for your great service!""
"20110724","5.0","Fits like a dream","Works great, clips in easy and stays attached. The only reason I had to replace my old Canon lens cap was because my old one was tragically lost.""
"20110724","5.0","Perfect Replacement","This cap fits my Canon (T3i) just as well as the original.I was concerned after reading some earlier reviews about the cap being easy to knock off...but for me, it's a very snug fit and will do the job it was designed to do.I think I'm going to get a back-up now for the next time I find a way to lose my cap...""
"20110712","1.0","Lens cap was incorrectly advertized.","I typed in for a Cannon Powershot 10is lens cap and found a couple of items. When it arrived it would not fit. Amazon sent me to the shipper and he clearly stated it wouldn't fit. Since Amazon advertized it, they would not do anything, not even remove it from that search so that the next poor sucker wouldn't spend money on something that doesn't fit. My advise is to go to another site and deal with people who stand behind their products and not try to slide responsibilities to another.""
"20110616","5.0","Great Replacement","I lost the lens cap to my canon 28-105mm and bought this as a replacement. It is exactly what I needed, and cheaper than anywhere else I looked. Highly recommended!""
"20110616","4.0","Not a match","So others don't make the same mistake I did: This does not fit the EF 50mm f/1.8 II Canon lens.""
"20110606","5.0","Issue Resolved","Its a used knock off non-canon cap. They advertize that the cap is genuine Canon. Its not a biggie for me but its just false advertisement.Update: Received a call from some gentleman called Steve and his eagerness to resolve the issue was great. He told me that the caps come in different types and he would send me another one (the one that is advertised on their link)""
"20110605","5.0","Lens Cap Review","Okay, it's just a lens cap, but it does the trick.  It caps the lens.  I couldn't be more completely satisfied.""
"20110525","5.0","If just sitting there was cause for reward?","Yes it's the real deal, yes it just sits there most of the time and when it's not its all warm and wrapped up in my pocket or bag. What a life!""
"20110518","1.0","a tiny bit too small","It is too small for my lens... Even if it says 58mm which my old cap is too.  This cap is too small. Be careful. It works but pops off very easy. It'll be lost before long. I would have returned it but too much of a hassle.""
"20110423","1.0","Doesn't fit at all","The cap does not fit my camer at all. Very disappointed. It's not worth of returning either. Have to keep this junk""
"20110417","1.0","Poor design","The cap does the job of covering the lens. However, it is poorly designed. If you have a hood on your lens the cap is nearly impossible to impossible to get off without removing the hood EACH time you need to cap or uncap the lens. I have several Tamron lenses that I used for my outdoor photography job and they are designed such that they can be removed with the hood on. I would think a company like Canon would not have overlooked this simple flaw.""
"20110412","4.0","It is a lans cap.","It is a lens cap that works. Canon should include them on their binoculars but they don't.You need them.""
"20110305","1.0","Falls off","I purchased this cap to replace the one we lost from our 18-55 mm Canon lens. This is the kit lens that comes with the Rebel T1i and it is labeled 58 mm. Like other reviewers have noted, the cap falls off with the slightest tap. It seems that the 2 side tabs that apply the pressure to the lens rim do not quite expand far enough out to fully grip.  This was surprising since I thought buying a Canon branded cap would assure me a tight fit.I ended up removing and modifying the inner tension ring of the cap so the tabs would expand further out. Just use a small metal file to remove some of the plastic that hold it in place and reinstall.""
"20110209","2.0","E-58U versus E-58","I have a run-of-the-mill Canon EOS Rebel XSi that came with 2 lenses (18-55 and 55-250). After dropping one of the lens caps over a pier I started to look for a replacement. The cap I had lost was the E58, but the other day when I ordered the closest I could find was the E58U. You would assume it to be the same, and it almost is. It fits, but is different to the E58 (I  still have one to make the direct comparison with) in that the little finger grips on the edge that you push to release the cap are just a fraction harder to operate. They sit flush with the edge of the cap. On my E58 cap they protrude very slightly so are easier to grip and manipulate. Also the E58U cap doesn't fit quite as well...can be flicked off without using the grips. Get the E58 if you can.""
"20110105","5.0","Awsome Fit","I purchased for 18-55mm lens on Rebel Xti. It fits snug and snaps on securely. I was skeptical after reading some of the reviews. Great fit here!""
"20110104","5.0","flawless victory","received my 58mm canon lens cap promptly and for a good price. Now my canon G9's lensmate has a cool protective lens cap!!!""
"20101221","1.0","CRAP!","If you have a cannon sx10, go to walmart and get a the $4.99 pack, this wont work for you!""
"20101015","5.0","It's a Lens Cap","It does what it's supposed to but I bought it for the logo/name on the front of it.  I have a Canon, of course, and the lens needed a cap.  It's a lens protector, and it does just that!""
"20101003","1.0","Doesn't fit my Canon Rebel T1i","I recently lost my lense cap and was excited to see that Canon made a replacement.  However, this lense cap doesn't stay on.  If you just tap it, it falls off.  I found a no-name brand cap that stays on so much better and I'm really happy with it.  This one...not so much.""
"20101003","5.0","Nice Cap","Lost my original canon cap in the woods somewhere, bought this to replace it. It works! I found my old one in the woods a year later, cleaned it off, and now I don't know which is which. I use them both. They are the same.""
"20100923","1.0","Wrong  Size","Ordered the lens cap for the Canon PowerShot SX20 Digital camera and I recieved the 58mm Lens cover which is the wrong size.  It was advertised as the correct lens cover.""
"20100705","5.0","Identical to the one I lost","Bought this for the kit lens (18-55mm) on my Rebel XTi to replace one that I lost, and as far as I can tell, it's identical to that one.  Good price.""
"20100415","3.0","Not sure what to think","Amazon lists this as $31.04 with shipping at $3 and change, but when I go to check out, wants me to pay $14+ for shipping!!!  This can be purchased direct from Canon for $8.50, not sure what the shipping is, but I'll bet it's less than $30 dollars.  What's up Amazon?  Found on a reputable camera supplier site for $8.50 with $4.95 S&H.  Normally very happy with amazon pricing, but this is not OK.Edit - Seems Amazon removed this item from the seller, so comments may not apply.""
"20100315","1.0","How do I return?","I bought this product and it didn't fit the camera lens.  The clips were the wrong style or something.  I sent an email to five star experience because I couldn't return it through amazon.  The lens cap was in good shape but I obviously can't use it.  If someone could please let me know how I can return this product I would greatly appreciate it.""
"20100225","5.0","Does not fit on Canon PowerShot SX20IS","I could not get the Canon E-58U lens cap to fit on my CanonPowershot SX20IS. I am returning it. The 58mm UV filter did not fit either.  I will probably go on line with Canon to find a UV filter and lens cap that will work.""
"20100201","1.0","lens cap","Ordered this to replace the one that fell off and got lost for my camera, it was the wrong size, specifically put my exact model in and this is the one they sent me. There is NO replacement for my exact model at this time....Total Waste.""
"20100112","5.0","Will fit on Canon HF-S100 w/ Hoya or Tiffen filter...","Bought it to protect my Hoya HMC UV(C) filter 58mm, which is protecting my Canon HF-S100.  Works perfectly!  (Just need one of those cap-strap things so I don't loose it.)P.S.I also have the Tiffen UF Protector filter 58mm that I was using on the camcorder before the Hoya.  This cap works on it too.  (BTW, the Tiffen filter showed signs of diamond flaring so that's why I bought the Hoya...)""
"20100109","3.0","Good item,","The len cap itself is in good condition; however, the packaging is simple and cheap, in a small stabled plastic bag, which made me wonder how Canon could sell its product like this..""
"20091118","4.0","Too much $$, but fits best. No cap keeper!","I take an extra Cap for either end of each of my lenses. If two lenses share the same cap size then I only take a single extra, as I don't plan on losing TWO on the road, at least not the same day...  You could always go with an off brand and pay a little less, since let's face it, by all rights, this thing should be about 4 bucks, MSRP! I still haven't tried Adorama's house brand, but will probably try one of those next time if it's half the price of Canon's. 3rd party filter caps don't tend to work on the lens sizes that the filters are for. That is, if you buy a filter set, and it comes with a lens cap, the cap often doesn't fit very well on the lens itself, but it does fit well on the filter it came with... just my experience with a couple different filters/brands. Lastly, this doesn't come with a 'keeper', so it's just loose... of course you could always use the keeper that came with one of your filter sets, should you be so lucky. Finally just having to do with caps in general, I would like to see a 3 or 4 way cap with that many tabs, so when you brush it, it doesn't just come off, but of course this might make it harder to take off than is desirable with the 2 tab method.Summary:+ Fits properly.- Cost (should be at most $4 MSRP).- No 'cap keeper' included.""
"20091116","5.0","Great cap...forgetful photographer","These are great caps for me and I haven't had any trouble with them staying on, albeit all my lenses are Canon. The problem is that I take them off and forget where I laid it or, in one case, I put one in my pocket and forgot it...didn't fare well in the dryer!!! The only smart thing I have done is order an extra and keep it in a zippered pocket in my case...now if I don't forget where the extra is. :)""
"20091108","1.0","not e attached","returned back to you........ I am looking for the one for the wide angle lens which I bought from you .. I thought  this was the one but not so.I attached a letter attached to the return. but I bet it was not even read.  If you have one ,Please let me know  Ronald Sieglitz  11/8/2009""
"20091026","1.0","Warning: This is not a replacement fror the Lens Cap for the SX10","Although the dates of these reviews have changed since I ordered this lens cap, when I did order it, the implication was that it was a replacement for the lens cap that came with the Canon SX10 and SX20 IS. It isn't. It was my stupid mistake because I was looking at 'Other things that SX10 buyers buy,' this lens cap was one of them. But it's for the extension lens.It's not fair to give it one star, but when it was first offered, it was completely misleading. Since so many had complained about the fact that there's no tether from the lens cap to the camera, I assumed that it was a replacement lens cap. It isn't, and I guess that's enough said.I'm still looking for a replacement, btw. It's obvious to me that I'm going to lose the original. I've already misplaced it in shirt and pants pockets, and I've dropped it a number of times, narrowly missing a grate over the river in the park.""
"20091020","5.0","Replacement Cap","I lost my lens cap a long time ago, and have been using a UV filter to protect my lens while I searched for a new lens cap. While that was a fine solution for a while, I kept putting off getting a replacement until I could 'pick one up at the store to save on shipping time/cost.' Then for a year, (non-camera specific) stores that should carry lens caps NEVER had this size! WTF? They sell Canon DSLR cameras with kit lenses that are THIS SIZE, but they 'don't carry' this lens cap?Anyway, there isn't a lot to say about this lens cap except that it is exactly what came with my camera when we bought it new, it is Absolutely Necessary, and I'm really glad that I finally replaced it. Only, this time I wish I had gotten the little rope that connects it to my camera, because I have seriously almost lost the thing twice already. I don't want to keep buying these every year for the rest of my life, even though Amazon would probably appreciate the automatic yearly $9.It was shipped very quickly and arrived new and sealed and fabulous.""
"20091018","5.0","excellent fir","This cover has a better fit than the original one.Actually this is why we needed a new one because we lost the original.""
"20090724","3.0","Release grips could be better.","The Canon Lens caps that come with most of your lenses are highly effective for their purpose, they fit snug, and protect well. I have never had the cap fall off unintentionally.The downfall of this (and most) canon lens caps are the release feature. When your lens is outfitted with its respective lens hood it becomes very difficult to snap the cap on the lens or filter. Unless you have a very wide and short hood on your lens, (like hoods for an ultra wide angle), one will always have problems quickly removing / adding the cap.Sigma has designed the release of their lens caps as a center squeeze as opposed to canon's edge release. This is much more convenient and easier to use than canons system.""
"20090612","5.0","Cannon E-58U 58mm","I lost the original cap and was desperately looking for the cap.  When I got in the mail I was disappointed because it was not the exact one.  But then as I found out, this was even better.  It fits better and is more secure.  It worked out even better for me!""
"20090526","5.0","Works Perfect for my Rebel XTi.","I recently lost my lens cap for my Cannon Rebel XTi. I was worried about buying this because so many reviewers said it didn't fit their Canon, but this cap fits my Rebel XTi perfectly. It's a perfect replacement for the lens cap that came with my camera.If you've lost your lens cap on your Rebel XTi, get this lens as a replacement! :)""
"20090521","5.0","Works great!","I bought a Canon SX10 IS in January, which was my first big camera purchase after using a small Kodak P&S for five years. My only concern about the camera was that there was no way to protect the lens. After a lot of research and reading reviews, I found out a company called Lensmate makes an adapter. I ordered the adapter and a UV filter, to protect the lens of my camera. I forgot to order a lens cap for the filter though, and found this one on Amazon. It fits perfectly and works great! Very pleased!""
"20090507","5.0","Nice Cap","It snaps on nicely.  What else can I say?  It performs just as you would expect a lens cap to perform.""
"20090419","1.0","Canon Lens Cap","Wrong product sent to me.  It doesn't fit my S3 IS camera.Disppointed""
"20090404","5.0","Good as Original","I dropped a lens cover that came with one of my lenses and needed a replacement. This is virtually identical to the original and gets the job done.""
"20090318","4.0","works as advertised","I gave it a 4 star rating because though it works as advertised, its missing one very important feature (the reason i lost it in the first place)...It needs a strap or a string so that you can attach it to the camera.""
"20090302","1.0","Canon lens cap","This did NOT fit my Canon Powershot S5 IS and had to be returned. My suggestion if you need a cap is to go to a camera store to ensure that the cap fits properly.""
"20090222","5.0","Great Fit","The lens cap performs well. I hope to get a cap holder before I lose this one.""
"20090208","5.0","Fits snug and looks great","Let me start by saying, there seems to be a misconception this cap is specifically for the S series cameras- it is for ANY Canon camera that can support 58mm adapters, filters etc.  Just because your camera can use use 58mm accessories, does NOT mean it will fit on the camera on it's own.  Again, it is primarily for 58mm lenses/filters that you would mount TO your camera.-The S1/2/3 feature a pop-on cap and this is NOT a pop-on cap.  Therefore the E-58U will not fit as the 'original' cap does.-The S5 uses this 'style' of cap, and is about the same size (overall), but as stated above, the E-58U is NOT an OEM replacement cap.  The S5 OEM cap is roughly a 47mm cap, because the locking tabs are positioned farther in (to match the inner diameter of the S5's 'trim ring').  That means the OEM cap size is 11mm smaller compared to the E-58U, which is the reason the E-58U will not fit as the S5's OEM cap does.This cap is designed to fit into either a lens adapter, filter, or lens with threads (which would be mounted to the camera).  The locking tabs of the cap have threads on them, which are designed to lock into threads.One thing the 'default image' does not show very well, is the color of the lettering: 'Canon' is silver and 'Ultrasonic' is a brassy-gold.  The letters also have a slight sheen to them.The only minor drawback to this cap is the lack of a tether or a hole to accept one.  However, there are a couple solutions to this, one of which was discovered by a fellow reviewer-'M. Nascimento: Purchase a Lens Cap String with the 2 sided round tape button that you attach to the front of the lens cap.'In closing-If you are looking for a 'replacement'  S series factory cap, this cap is NOT for you.If you have 58mm threaded filters, step rings, lenses, or a 58mm lens adapter and need a snug fitting cap, this is a great one!""
"20090112","4.0","High quality product","I'm not sure how much more there is to say about this lens cap. It comes packaged in a plastic bag stapled to a cardboard card. It snaps securely in place, which is a nice change from the stock cap on my Powershot S5IS. I do miss the leash, and will probably be buying an aftermarket tether soon for it. You can probably buy one for cheaper in another brand, but I decided to get the Canon so I could be sure it would fit properly on my Canon adapter tube. For that purpose, it works perfectly.""
"20081229","5.0","perfect fit","My daughter had misplaced her other lens cap, felt vulnerable to damaging her lens. I ordered two in case she misplaces another.""
"20081212","5.0","Canon Rebel XTi (SLR)","Perfect size for my Canon Rebel XTi (SLR).  It even seemed to fit a little better.  5/5 in my book.  Wish it were a little more inexpensive, but hey, it's not a cheap hobby is it?""
"20081102","3.0","Good but not perfect","this work fine with my additional Lense cover, but this one doesn't have hole to hook the string to camera.so have to caeful with kkeping my pocket.except this. it's OK. this is just cap what else I expect""
"20080805","3.0","unnecessary really..","i took my camera with me on the trip to italy. my sister was getting married in sicily :)i bought two of these caps thinking i would probably lose one at some point and be glad to have another. I also bought the 58mm UV haze lens and the lens adapter kit (so i could use the little lens). turns out that (haha) in the few hours i spent looking up info about this camera no one said that you cant use a lens cap anymore if you put a different lens on the camera! i guess its a duh but how should i have known really...so i have two unopened lens caps here (i found that they dont work with the adapter by using the one that came with the camera in the first place)im not a camera pro or really good at photography or anything.. ive learned how most of the features of my camera work by trial and error mostly..taken the camera in and out of the bag 20 some times an hour.. and the little UV lens has actually been a great fingerprint and dust cover for me! So my recommendation is not to buy this lens cap and instead pay a few pennies more and get the adapter and UV lens instead.besides now youre ready to get other lenses and all your pics will be a little nicer thanks to the lens!hahaok hope this helps..im gonna go sell my lens caps on ebay now...""
"20080728","5.0","Perfect Fit!","Just got this lens cover earlier.  I was a bit worried that it won't fit my lens (i have a Canon Rebel XTi) because of some of the reviews I read...but thank goodness that it fits! it fits perfectly! I'm so happy...I lost my original lens cap when I was in NZ riding the sky cable...hehehe...i might get another one of this just for safe keeping...I'm very happy about this purchase and it was delivered pretty fast...I ordered it Friday and got it on Monday....Awesome!""
"20080706","3.0","Shipping Rip Off","Lens caps are fine but when I used one-click shipping I was charged almost $20 dollars to ship 3 lens caps from NJ to VA!!! The caps were only $19. I'll NEVER use one-click again. Caveat emptor check your S&H costs before ordering.""
"20080704","4.0","One to a package","It does the job but because it was linked to a set of binoculars, I thought the package had two caps. Now I have to order a second one.""
"20080601","3.0","mediocre quality","Canon lens caps are not as well made and do not hold as securely as Nikon lens caps.  But if you really want a lens cap that says 'Canon' on it, here it is.""
"20080414","5.0","Canon Snap-on Lens Cap","What can I say? It works and is far superior to the cap that came with the S5 IS. This one does't fall off every second or so. Now all I have to do is find a cord with sticky end to attach it to the camera so that I won't lose it.""
"20080213","5.0","it's a canon","factory first, one of my kid lost the lense cap, when you give it to your kids, you have to replace it , now I understand. It's a good camera and I had to have the canon cap. And it's nice to have it come to your doorstep. nuf-said LOL""
"20080213","3.0","SNAP ON? NOT SO SURE","This does not actually 'snap on' as the product name suggests. You actually have to check visually to make sure it is sitting firmly in place.""
"20080127","4.0","Stays in place!","The Canon 58mm lens cap fits the Canon conversion lens adapter very well and stays on well on my S5is. A complaint on the S5 is that the lens cap falls off too easily, but that is a safety precaution to not damage the lens if the camera is powered up and forgetting the cap is still on. With the LAH-DC20 adapter in place the camera is extended past the lens when powered on so a much more secure cap can be put on. This is the cap for that job! Be sure to get a stick-on style lens leash to attach to this cap, because it does not come with provision for a strap.""
"20071203","5.0","Perfect for G9 with the conversion adapter","I bought it recently, and found it perfect for my canon G9, as it fits properly to the conversion lens adapter(LA-DC58H) and protects my lens. Another good news, if you are using any filter it snaps perfectly on the top of  your filter without removing the filter from the adapter.""
"20071123","4.0","fits, works well, says Canon!","Identical replacement cap for your 58mm-width lens. My only complaint is that it doesn't have an attachment string, and is still easily lost. Should come in 3-packs!""
"20071111","5.0","It's a lens cap","This lens cap caps any 58mm lens. It works with my Canon Powershot S3 (using the adapter) with or without a filter. It clips on tight and best of all, it matches the camera, down to the the ultrasonic logo.""
"20071108","2.0","Lacks eyelet for cord","I was disappointed to find that this cap does not have an eyelet to accept a small cord to attach it to the camera body.  That means the cap is subject to falling off or otherwise getting lost.""
"20071022","3.0","Got two","I ordered this as the description for the Cannon S5 did not state having a lens cap, but when I received the camera, there was a lens cap provided.  Had to return the one I ordered separately.""
"20070928","4.0","Good but could be better (string attachment ring would be nice)","Camera: Canon S3 ISUsed with 58mm adapter for camera.I do admit that a cap that locks into the threads of the 58mm adapter that I have is great and all, but is it really that much to ask for them to put a ring on the side with a string so that it can be attached to the camera in some form or fashion so that it wont get lost or put through the washer because it was still in the pocket.might cost them .10 more to make it with a built in ring to attach a string but they didn't, so now I will have to fab up a hole and feed a string through. Would have been nice to just have a hard plastic ring on the side.Summary:This is just a cap (a good quality one), but is lacking a way to attach to camera so you don't lose it.""
"20070916","5.0","Exactly as advertised","I bought this lens cap to replace a lost one. It snaps on and fits perfectly.""
"20070914","4.0","Does it fit IS S5","Did anyone try to fit this one to IS S5?  My original cap is so loose and always fall.""
"20070723","5.0","Just a cap.","What you expect is what you receive.I got mine for $6 now I see it at $20 ($19.99); $6 was ok, but $20 is too much for a cap. I gave it 5 stars because my price was $6 if I had to pay $20 I think it should only be 3 stars; for the price, not the quality.Don't know what else to say about a lens cap.""
"20070626","4.0","Its a lens cap...","Does what its supposed to.  Fits nicely.  Always stays on the camera or in my pocket, don't want to have to buy another one.  Kinda pricey for a lens cap.""
"20070626","3.0","Never received it","I'm sure this is a great product but I never received it from the seller. I actually didn't mind the cap that comes with the camera after all because it conveniently slips off by design whenever I power the camera on (impossible to leave the lens cap on by accident).""
"20070612","4.0","It's a cap--it caps.","I am using this on a Canon S3IS digital camera. In order to put filters, a lens hood or this lens cap on the camera you have to buy an adapter kit from Canon. The Adapter kit works fine and the cap works fine but using them both is inconvenient. The adapter kit comes with a lens hood. The lens hood does not have the threaded ring to accept attachments. So it you use the lens hood you have to remove it to use this, or any lens cap. I now rarely use the lens hood. The cap itself works fine.""
"20070601","3.0","Canon 58 mm Lens Cap","Fits really securely; lots better than the OEM camera lens cap that kept falling off.  Only problem is that with shipping, it cost around $15.  That is a lot of money for a round piece of plastic.  I'd have rated it higher if the price was more reasonable.""
"20070601","5.0","Good lens cap","Works as expected.  Nice price.  What more can be said about a simple product?""
"20070518","4.0","a little pricey","The cap is great but I think it's a little high priced""
"20070515","5.0","Fits perfectly!","I was amazed at the ease of use of this lens cap.  It literally snaps RIGHT ON to the end of my camera lens, and also stays put when I move my hand away.  I have to physically remove the lens cap with my hand to get it off!  Protects my lens flawlessly.  Terrific!""
"20070513","4.0","Does the job...","The cap is a nice accessory to my Canon equipment.  However, for the price of the lens cap, I could have found something cheaper to do the job.  I also wish it had an attached string so it couldn't get lost if it came off.So....if you're like me and want all your camera equipment to advertise Canon, this lens cap is for you.  If you like pinching pennies, you can save about 6 bucks on this item.  It's all about preference.""
