"20120604","3.0","Ok, lens","Should of spent the extra bucks for a Carl Zeiss lens. The lens is ok on the short end,but a no so good at the 300 end.Images are ok in bright conditions but not up to speck in low light conditions.""
"20120525","5.0","Incredible lens for the price","Lenses, even a 'bargain' lens like the Sony 75-300, are expensive in absolute terms (at least at my budget level) so, like most folks, I researched my options to death. In the end, Sony offered a bundle of the 18-55mm and 75-300mm lenses with the a65 camera that effectively cut $100 off the price of this lens. Even at full price, it's an excellent value. The other Sony alternative, the Sony 70-300 G series lens, currently sells at $999. At the time, I could have picked up one at $899 but still it's a huge premium for some nice to have features and marginal image improvements (many of which the a65 can correct with firmware settings). If money were no object, sure I'd go G.The proof of the performance is in the photos. I uploaded 4 photos I took at a local zoo. If you're an amateur like myself wanting to up your vacation, family, etc photos to the next level an order of magnitude better than compact point and shoot or super-zoom (where I upgraded from) cameras this lens is for you. With no real experience (used an Olympus SLR in the '80s-'90s, Lumix FZ35 recently), I was able to take several hundred pictures at the zoo, most of which are 'pro' quality. All the pictures were taken hand held on an overcast, gloomy day but none were blurred by camera shake.I had considered the Sony 55-200mm lens that did comparatively about as well in reviews and is more compact. You save $50 but I find myself so often at the long end of the 75-300mm lens I'm very glad to have the extra 100mm to work with. Sometimes I hear people complain working at the long end of this zoom range is a real challenge. Personally, I find it pretty easy to work with and I'm certainly nothing special in terms of having a steady hand. In fact, that's the whole point of the Sony Alpha system. Coupled with the a65 body, the 75-300mm lens is a no-brainer to operate. Keep in mind on Sony bodies like the a65 this lens has an effect zoom range equivalent to a 35mm 112.5-450mm.I shoot a lot of macro shots of flowers. Initially, I though that's what I'd use the kit 18-55mm lens for. The 18-55mm lens is okay for this purpose; however, I find the 75-300mm usually produces far better results.If you're into pixel peeping to evaluate the quality of this lens with a comparison to the Sony 70-300 G lens, Google 'Kurt Munger' for a great in-depth review.The main complaint I hear about the bargain range of Sony lenses in reviews is the cheap auto-focus. I find it works well. On rare occasions I'll manually focus particularly when I'm doing close-up shots in more of a macro mode. It's not silent but I wouldn't call it loud in absolute terms but I don't have any experience with more expensive Sony lenses or other manufacturers' systems to compare it to except Canon and Nikon kit lenses.Build quality is fine. Sure, the body is all plastic but it feels solid, not cheap at all. It comes with an attachable lens hood. Personally, lens hoods rarely block flair in my experience but, hey, it's free. It attaches to the lens in reverse for storage.I'm giving it 5 stars because I can recommend it without reservation and I'm extremely pleased with my purchase. I'm suffering from no G lens envy.""
"20120409","3.0","FIRST IMPRESSIONS-Save up and get a better lens. 3 1/2 STARS","I could not figure out what other reviewers meant by ' a good beginners ' lens and still not sure. I thought either the lens produces acceptable images or not, right? Anyway I purchased the lens thinking, for the price a 300mm lens, this is a good deal, however I am a bit disappointed with the quality of the images from this lens. I am using it on a NEX5 n with the standard adapter. There seems to be a good bit of purple fringing throughout the range and not as sharpe as one may expect. Perhaps I was expecting too much?. The lens is still new to me so consider that too. I'll update if my opinion changes but for now I feel that I should have saved up to get a better quality telephoto lens.""
"20120203","5.0","Outstanding lens for the price!","I was looking at lenses in the $600 range when I stumbled across this one for $250. I was apprehensive because of the price. But, since Amazon has a excellent return policy, I thought I would try it.In short, a very nice lens for the price.""
"20111230","5.0","Great lense.","Ordered it for my Dad for Christmas and he loves it. Awesome price for such a great product. Will definitely let others know about these great lenses.""
"20111221","4.0","GOOD","I have this lense and just love it.  It is easy to work with and does the most amazing distance shots.  The only thing that i really do not like about it is that it is a little on the heavy side when i am carring it around.  also it sticks out and gets bumped pretty easy""
"20111019","5.0","Amazing lense..great clarity!","I bought this lens because my friend had one...and was getting amazing shots.  My first shots have been incredible, and I have only just begun playing with it!  Worth every penny!""
"20111003","3.0","Good lens.... at 70mm","A good lens at 70mm but has color fringing and chromatic aberration...getting worse as you zoom further.Ok for the price.""
"20110829","5.0","Great photos!","I got this camera lens along with a sony Alpha for christmas a few years back from my hubby. As a mostly hobby photographer (who doesn't know really anything about the camera she use, except that it's a Sony Alpha) this thing gets me nice and close to my subjects. I've taken photos at family events, dog parks, and just around and have gotten lots of compliments on how good it is, even from my much more photo-stuffs knowledgeable Uncle. Great lens - gets you nice and close for a great shot. Drooling baby, drooling dog, sitting bunny... I know I can get it with this lens.""
"20110706","4.0","Compact Telephoto","The lens does what it is sold to do. It was priced right, and it came quickly for a vacation photo shoot. The quality of photos were good, and the clarity excellent. The only issue is that it did not come with a case for protection. I am pleased with the product and the fact that is does what is said in the media to do.""
"20110603","5.0","Great lens for the cost","Low cost lens works great. Easy to use and takes a great picture. You must use a tripod for the max zoom as you can not hold the camera steady enough, at lease I couldn't.""
"20110601","5.0","Muy buena compra","Compre este articulo y va de maravilla ya que la que viene en la NEX 3 de Sony es un lente 18-55mm. No tiene mucho zoom.Con el adaptador para poder utilizar este y cualquier lente de la serie Alpha de Sony, el lente me parece estupendo. Lo &uacute;nico si, es que no funciona el autofoco y debe de hacerse manualmente. Por lo general, extraordinario producto. Recomendable.""
"20110201","5.0","Great lens for the price","I was a little hesitant to purchase, but once I mounted, it hasn't come off.  Great Lens for the cost.""
"20100805","3.0","Great entry level telephoto lens","The SAL75300 is a fantastically priced, light weight and easy to use telephoto zoom. The affordable telephoto zoom is compatible with both APS-C and 35mm full frame alphas. The lens is packaged with front and back caps and a hood for reducing sun flares. The construction of this lens is by no means cheap, having a full metal alpha mount standard for all alpha lenses. The metal mount is inherently more robust and long lasting than the plastic mounts found on the easy choice series (SAL1855 SAM, SAL55200-2 SAM, SAL35F18, SAL50F18, SAL85F28, SAL30F28).The lens has an unbelievably long reach at 300mm (450mm with APS-C sensors), but also has a very uncomfortable minimum shooting distance of 1.5 meters (4.9 feet). Shooting with this lens indoors is almost impossible (forget about those tight spaces) as a result, since the lens cannot get into focus if the subject is anything less than 4.9 feet from you. Also, looking at my enlargements taken with this lens, I wonder if Sony could have introduced perhaps one or two ED elements into the lens, even if it means increasing the retail price of this telephoto device.For high contrast scenes, there is very severe purple fringing, as in you will see purple and magenta halos surrounding every bright object in your exposures if they are surrounded by a darker background. This phenomenon gets worse as you zoom further, and is magnified if your prints go large. In fact, the purple fringing effect is so obvious you can probably see it even on an 8R print. The purple fringing effect is very pronounced when you're shooting in daylight, which is when I imagine most photographers will be using this lens. High quality alpha bodies like the a55, a550, a580, a700 and a900 only makes this effect even more obvious with their added megapixels.I gave up on my first SAL75300 awhile ago since I occasionally take shots that I want to sell on a stock photo site. They have consistently rejected my images because of the above issue, although that does not mean the SAL75300 is not a good lens for daily snapshots. Do look out for this purple fringing effect if you get to try the lens out before purchasing. Just frame a high contrast scene, or shoot a group of objects containing reflective surfaces with the test camera's flash (assuming it has one, the a850 and a900 do not have a built-in flash). Playback the image and zoom it as high as you can go on the test camera's LCD screen. Look at the edges of those shiny objects, and I guarantee you will see magenta and/or purple halos surrounding them.After a substantial price drop, I recently picked up my second SAL75300 (the box is now orange and white, as opposed to chrome and white when the first batch of SAL75300 was released in 2006 with the alpha 100) just to play with it under softer lighting and studio environments. The lens' minimum focusing distance of 1.5 meter (4.9 feet) still bothers me, but I sure missed the magnification ratio of this lens (x0.25) which makes palm sized objects pop, even if I were to shoot them at almost 5 feet away (with a tripod and plenty of light, of course). The lens' macro effect is quite different from dedicated macro lenses having focal lengths between 30 to 100mm, as it compresses the defocused background and foreground to such a degree that they become almost 'flat'. The effect is very strong from 250-300mm even at a small aperture of F5.6. With very careful handling and framing, it is possible to avoid color fringing altogther with this lens.Sony has a very high quality, but very expensive alternative for the SAL75300. It's the SAL70300G. The SAL70300G's G optics blow the SAL75300 away, however, as I am writing this review, it costs almost 3 times more. The SAL75300 makes a great starter telephoto zoom, but it is not exactly something you can use in the long run if you are training to become a pro. Professional photographers may want to give this a miss, but for the rest of us shutterbugs, the SAL75300 is a wonderfully priced telescope that pulls just about anything (bees, birds, bugs, the moon) into our tiny alpha sensors.""
"20100713","5.0","Amazing!","after getting a sony alpha a330 camera with the basic 18-55mm lens, i decided to upgrade and got myself this telephoto lens. i saw it on amazon and it had really good reviews and was pretty cheap so i got it. after taking it out and using out doors i can say this is one really good lens. it has auto focus built into it and it reaches out really far. its built very solid and looks really nice. but like all sony lens when you focus it, the lens is kinda loud but that's no biggy.""
"20100617","5.0","Sony Lens","The lens makes a great addition to my camera set up.  The auto-focus feature is rather impressive for the zoom it really helps this amateur take great pictures.""
"20100509","5.0","Awesome Lens!","It's a nice compliment to the 18mm-70mm lens that came with the camera.  I really enjoy being able to get close ups on the action shots in the sporting events that I attend.""
"20100303","5.0","This lens opens a whole new dimension.","What a fun lens this is, and what wonderful new photos I can now take with my Sony A700!  I have enjoyed my photography hobby since 1950 and have used all sorts of different camera formats and brands as well as dozens of lenses of all kinds.  I have entered and won contests, and I have done exhibitions, so I am not completely an amateur in photography.  I can say that this lens lives up to everything it claims it can do.  The images are clear and in focus, even in the corners at full zoom.  It works well in low light, and it is fast enough that I rarely need to use a tripod.  It is just as easy to operate as any of the zoom lenses of my 35 mm film cameras.  Great product.  I'm going to have quite a bit of fun with this.""
"20100226","4.0","Telephoto Zoom Lens for Sony Alpha Digital SLR Camera,","I will recommend to anyone, great service overall. sent on time, nothing broken or scratched. i am very happy with service.""
"20100224","5.0","Great telephoto lens","I love to shoot pictures of scenery and wild flowers, especially when I make my yearly trek to Colorado.  Decided to buy a telephoto lens.  Easy to change out with my wide angle lens.  I'm still learning, but am very satisfied with this purchase.  Recommend this product.""
"20091026","5.0","Sony 75-300mm Compact Super Telephoto Lens","This is one awesome lens; Nikon move over a new kid is in town! I have used them all, you name it I have used it!  Sony is a top outfit when come to subject DSLR, and if you have one of these cameras or going to buy a Sony DSLR you will find out this camera is one of the best! Now judging the Sony 75-300mm Compact Super Telephoto Lens is plain awesome! I have not found a lens in this category by other brand that matches the performance of Sony 75-300 mm . It's a must have lens! Add this lens to your Sony DSLR lens collection! Smooth sharp clarity! Remarkable performance top Quality. I give it 5 stars ! well worth the money !""
"20091018","4.0","Sony 75-300mm f/4.5-5.6 Compact Super Telephoto Zoom Lens","For the avid photographer, the SONY 75-300mm Telephoto lens is priced well and will provide exceptional performance. Once you attach the lens you will discover when in maximum telephoto mode, the lens is quite long.I am very happy with it.""
"20090911","5.0","Sony 75-300mm Telephoto zoomlens","There is no other place I was able to buy this lens for this price. The lens was never ushed and still in the box. It works very well. I enjoy it very much.[[ASIN:B000DZH9H4 Sony 75-300mm f/4.5-5.6 Compact Super Telephoto Zoom Lens for Sony Alpha Digital SLR Camera""
"20090803","5.0","Great lens for the price","This is not the best 70-300mm lens you can buy but for the price you can't beat it.What I like.- Size- Build quality- Zoom range (with the 1.5x crop factor with AF-S sensors (Anything but the A850 or A900) it is a 112.5-450mm 35mm equivalent- Little lens creepWhat I am not crazy about- Plastic not metal- a little slow at times with f/5.6 (but that is common for this class, my Nikons have the same issue)- Wish it had a zoom lock like the new Nikon VRII 18-200mm""
"20090724","5.0","Great lens at good price","I tested this lens with 70-300mm beercan, sigma 75-200mm 2.8/3.5, Sony have fastest AF against all of them you'll need this in sport mode. For pictures quality i'm very impress on how sharp it is. I read lot of reviewers and they complaint soft side, not sharp at 300mm and so forth....shot with my A350 seem to be fine and I haven't got any problem at all. Where the beer can got good reputation for been sharpness that's not true, AF on beer can is slow and it weight a ton..image quality is the same as Sony no difference.Bottom line, sold beer can and sigma keep the sony even though it made in china.""
"20090707","5.0","Lens","I ordered the lens on Monday and it arrived on Thursday!  I was very happy with how prompt the seller responded.  The lens is all I expected.""
"20090618","5.0","Great Purchase!!","I purchase the Sony 75-300mm F/4.5-5.6 Compact Super Telephoto Zoom Lens for the Sony Alpha Digital SLR Camera.  The product was rated used but in good condition.  When I received the product there was no indication it had ever been used and the box it came in was brand new.  This product should have been classified as new because that's how I received it.I would definitely purchase from the seller again!""
"20090525","5.0","Great Lens, Great Shipping","I don't have much to say. I'm quite new to the photography scene. I bought my first dSLR about 2 years ago. This was my first lens apart from the 18-70 mm that my a100 came with and I'm quite pleased. I found myself taking pictures of the night sky with the old lens and just wanted a closer shot of things so I bought the 75-300. I now have great shots of the moon and some constellations. I'll probably buy another lens in the future since this purchase has really opened my eyes to just what you can do with a variety of lenses. Also a great lens for amateur birdwatching and sporting events. Took it out to Dodger Stadium and got some great shots.""
"20090517","4.0","not too shabby","The lens is a very solid unit. The auto focus is nice and tight and dosent play back and forth like my other telephoto lenses all in all i am very satisfied with my purchase.""
"20090403","5.0","Great Item, Great Price","I am somewhere between a neophyte and an amateur photographer. I bought a Sony A200K as my first DSLR and love it but soon discovered the limitations of the lenses it came with. I consulted pros to see what my next lenses was going to be and this 75-300mm was it. Since I don't have a lot of bucks right now, I took a chance on a used one and this thing was in mint condition. But I was soon doing some incredible jaw-dropping shots from the time I got it attached to my camera, Close ups of flowers, Animals, and yes even bugs jumped right out with amazing clarity and color... Amazon, the seller and this lenses made me a professional photographer most of the time. I couldn't be happier.""
"20090301","5.0","Great Lens","This was a gift for my wife and she hasn't complained at all.  She uses it often and we have gotten some great photos.""
"20081017","5.0","Great results, perfect for beginners","I'm completely new to the DSLR world and I've added this lends to my new alpha200 camera. I'm super happy with the results this lens gives me, sharp, noiseless, and strong colors. I don't agree that the zoom takes that long. It's not in millisec, but it doesn't disturb. I'm very happy.""
"20080624","5.0","What A Bargain!","Prequel: I am coming from a strict Nikon background and due to having my $4000 kit(D80, 3 VR, 3 2.8 pro lenses, etc) stolen out of my car, am starting all over again. That being said, I don't have $4000 to plop down at once, so I decided to get an 'entry to mid-level' system and after many internal battles, decided to try something different and go with the Alpha system. My thoughts were if things didn't work out with this setup, I haven't spent that much and could use it for a carry-around camera. So far I see absolutely NO reason to go back to Nikon. Yes, this system is THAT good.Sony 75-200mm f/4.5-5.6 Lens: Wow. I sincerely cannot BELIEVE this lens is only $229! As many reviews point out, this lens has virtually ZERO distortion from 75mm all the way up to 300mm and purple fringing(CA) is contained nicely. Needless to say, for a lens at this price point to preform this well is unheard of. This lens combined with the super quick AF of the a200 is a perfect marriage. I compared this to the super sharp Nikon 70-200mm f/2.8 VR, and although the Nikon is a bit sharper and performs better in low light, the IQ difference is surprisingly small.  I can highly recommend this lens and the Sony Alpha system as a whole!""
"20080619","3.0","Average lens for an average price, Good as a starter lens","Nice starter lens to get long ranges but does not perform well in lower light, as it was not designed to.  I got this with the ALpha 200 kit for an extra $100 and it was worth that for sure, but if you are spending $200 or more, I would go with a walkaround lens 28mm to 300mm, you'll use it more and can usually find something decent for around $300.If you are getting as an add on and are on a budget, this is a great lens and will fit lots of situations.""
"20080611","5.0","Terrific lens","I have the identical Konica Minolta version of this lens. It is a very nice lens and since it is fairly small and light and not too expensive, perfect for travel if you need a tele zoom. Uses common less expensive 55mm filter size.""
"20080602","5.0","Excelent!!","This is an excelent price/quality product, you recieve more for the price that you pay""
"20080411","4.0","great lens, but slow AF in low light","This is only telephoto lens I have, so I can't compare it to anything. The thing I noticed is that autofocus in low light is very slow (1-2 seconds, sometimes even more), and sometimes it doesn't even manage to get a focus. The good thing is that is has pretty large manual focusing ring, which is easy to use, much better (wider and much more to rotate) than on standard 18-70 that came with Sony camera kit.In good lighting conditions it focuses almost as fast as 18-70.""
"20080405","5.0","This lens is worth every dollar","Dont let this lens fool you.yes, it's plastic on the outside and glass on the inside.But it is of very high quality optically for the price you will not be disappointed I spent more on the Canon 40D with the 28-135 kit lens with IS and even on the sharpest settings this camera the A200 and 75-300 F4.5-5.6 smokes it in image quality  the 300 end is a little soft but if you stop it down to f8 it sharpens up ...Not as sharp as the 70-300G ssm but a good budget lens until you can afford the  G LENS""
"20080315","5.0","camera lens","Outstanding lens with a great price!  Everyone should shop online there are some advantages.""
"20080208","5.0","Great authentic product, great price","This lens sells for over $250 at camera shops and on sony's site.  It is a great lense for your sony SLR camera for both the casual or professional photographers.""
"20080208","5.0","Great lens, great price","The lens arrived quickly and in perfect condition. This product is of excellent quality.  The entire purchase process was easy and efficient and the price beat the competition by a large amount. I'm very satisfied with the product and the distributor.  I'm looking forward to using this lens in Antarctica.""
"20080106","4.0","Works good","I don't really know what to say here. I've only used it once, shooting a wedding with a friend. It did well.As far as ordering through Amazon it was here promptly, as usual, and I've had no problems mechanically.""
"20071228","5.0","Nice Lens!","I am new to DSLR's.The Sony A700 was my first SLR.This lens did not disappoint.All pictures I have taken through this lens have been spectacular.Well worth the cost.""
"20071110","5.0","Great Zoom Performance","I bought this item to replace an old 'beer can' 7 to 200 Minolta Zoom that I was using for my Sony Alpha.  I was leaving on a trip to India where I wanted the have the capability of getting close-in on individual images with a lighter weight lens.  And it was on sale!!!The initial results are great.  I was able to get real close to 3 Bengal Tigers on a game preserve that were at least 100 yards away.  I got faces, and colors and exciting things that would not have been as good as as on my old Minolta Lens.""
"20070920","5.0","excellent","I check around for this item the price  from amazon is unbeatable, the delivery is also good. the lense works very very good. it meets all my expectations.""
"20070828","5.0","Excellent lens!","I am so glad that I purchased this lens.  I have received so many compliments about my pictures when using this lens.  A trip to Florida recently resulted in spectacular pictures.  Also a trip to Yankee Stadium resulted in great pictures.  Highly recommended item!""
"20070702","4.0","Great long range lens","This is a great medium long range lens for your Sony Alpha 100 DSLR camera.  The lens handles great and is easy to use.The autofocus works quite well and aquires the focus pretty fast.I was impressed with its zoom ability from the long range.  With the anti-shake features of the camera I managed to take some outstandin long range shots without the use of tripod.  Although I would strongly recommend one if you intend on doing long shots during limited lighting conditions.The price of this lens is a little higher than I would like to pay.  If you are a novice or amatuer photographer, you might be better off getting a lens that offers more abilities than this long range medium lens.Either way you will find that this lens does has a home for you.""
"20070327","4.0","Very good lens for a new photographer.","I bought this together with the Sony Alpha (very good deal from Amazon). The lens is a great complement to the kit lens or the identical but older KM 18-70. Images are very sharp and the lens is built very well. Great for wildlife imaging. The other reviewers are right; the AF isn't too good at the long end of this lens but overall a great camera.The end of the lens DOES ROTATE while zooming. It may not be good for some filters.""
"20070109","4.0","SLR, I'm new to this, but!","This is my first SLR camera.  I'm pleased I choose the Sony A100 Digital SLR Camera.  I purchased the Sony 75-300mm f/4.5-5.6  Compace Super Telephoto Zoom Lens for it. I've taken wild life, landscapes, luna, and celestial pictures.  I have been amazed are the sharpness of the photos.  I would recommend it to a friend.""
"20061109","4.0","Great Lens But Takes Some Getting Used Too!","Recently, I moved from the SONY DSC 707 to the SONY A 100 DSLR.  The change in cameras from the Cybershot to the DSLR took some getting used to.  I purchased the SONY 75-300mm Telephoto lens from Amazon and as soon as it arrived I attached the lens and began to use it.I am definitely pleased with the lens, the price and it's capabilities.Having used a SLR for almost 30 years, moving to the DSLR takes some time and patience.  The SONY A 100 is a solid perfomer, and it is my fourth SONY digital camera.For the avid photographer, the SONY 75-300mm Telephoto lens is priced well and will provide exceptional performance.  Once you attach the lens you will discover when in maximum telephoto mode, the lens is quite long. If you attach the lens shade it's even longer and takes some handling considerations in tight spaces.The extreme focusing speeds of the A 100 are rapid and vary as it adjusts to the optimim focus.  The lens in AUTO mode is in constant adjustment. This focus issue takes some getting used to.  The lens balances quite nicely on th A 100. As with most photographers, you need to find the best hand positions on the camera body and lens so you can feel comfortable while you shoot.  The lens is ultra depth of field sensitive.Having had the lens on the camera now for a month, I am beginning to adjust to its 'sometimes hyper adjustment activity'!  I am in no way disappointed in the lens because the telephoto shots I have kept and recorded are first rate with the SONY A 100 and the SONY 75-300mm lens.As with all new cameras, it takes time to become familiar with the camera settings and lens activity.  I highly recommend the lens with an awarness of it's sensitivity and length.  After hours of shooting I am pleased with the lens, and SONY's attention to detail in both lens construction and performance.  If you own a SONY A 100 DSLR, or plan to invest in the SONY DSLR system, this lens will not let you down.  You will review your photos and be pleased with the results the SONY lens provides you.I intend to invest in other SONY lens in the future.  As for now, the two SONY lenses fulfill my photographic needs quite nicely.  SONY has entered the DSLR market with an outstanding camera and quality accessories.""
"20060821","4.0","Excellent lens, apparently a cosmetically re-labelled Konica Minolta 75-300 (D) Zoom lens","According to a photo magazine, this is a cosmetically re-labelled Konica Minolta 75-300 (D) zoom telephoto, which is a lens that I own (it certainly looks exactly the same as the KM 75-300 lens, but with the 'Sony' name).  In which case, I have the following review:  (1)  Excellent construction quality, this is a very nicely made lens, excellent finish, not too heavy but solid and without the 'plastic' feel of many medium-priced lenses;  (2)  Excellent optical quality, with good sharpness even at the longest 300mm focal length where most zooms begin to show poor quality;  (3)  VERY UNUSUAL:  near-zero distortion throughout the entire range of focal lengths (very different from some Sigma zooms that I own, which have conspicuously visible pincushion distortion).  This may well be the lowest-distortion 75-300 telephoto from any maker.  (4)  ONE CAVEAT:  AUTOFOCUS IN LOW LIGHT: on my Minolta Maxxum 7 film camera, whose autofocus system is apparently quite similar to the Sony Alpha 100, the camera has difficulty autofocussing the 75-300 lens at the 300 mm setting (where the aperture is only f/5.6) in light weaker than direct sunlight.  This is probably the same with any f/5.6 or slower lens.  I have found myself switching to manual focus at the 300 mm setting if the subject is not brightly lit.  NOTE:  the Konica Minolta 75-300 (D) lens is still available, for about $140, and reportedly will work with Sony Alpha cameras just as well as the similar lens labelled Sony.""
"20060726","3.0","Solid performer","This repackaging of the Konica-Minolta 75-300 is a solid performer, at a reasonably good price.  If you like to stay with the camera manufacturer's own products, then you'll not be disappointed.  Packaging includes the front & rear caps; lens shade & 1 year warranty.Keeping in mind that the KM lenses came out well before any digital SLRs from that brand, you might want to check out the Tamron 70-300 LD Di zoom.  It's a new optic that's 'Digitally Integrated', has a 1:2 close-up mode, 'Low Dispersion' glass, and a six year warranty.Additionally, you might look around for one of the Konica-Minolta lenses at a discount.""
