"20120521","4.0","Fits well with CANON 67 mm. Lenses only","I bought this cap for my Canon PowerShot SX 40HS, but being previously advised I'd be using constantly a 67 mm. UV filter attached to the Lens (you must have the FA-DC67A Lens ring adapter for this). Otherwise it will be useless.If used as indicated, you'll have a cap that holds tight to the lens and additionally, will give your camera a terrific, nice look.Also, be aware this cap has no leash to keep it attached to your camera (don't forget this, to avoid losing it!)""
"20120517","3.0","It's a cap--but that's it","As others have stated, yes, this is a lens cap.  That being said, there are 2 nice features of other lens caps that I appreciate.  One is the ability to tether the cap to the camera strap so it doesn't get lost.  This cap does not have any place to attach a tether.  The other is the ability to clip the cap to the camera strap to prevent loss, or, if tethered, so it's not clanking against the camera.  This cap also lacks that ability.It does, however, stay on the camera snugly.""
"20120417","5.0","Lens Cap","I ordered this lens cap after having bought a 67mm adapter and filter. The cap fit perfectly, snapped in and felt secure. My only qualm is that I wish it had come with a cord to attach to the strap. No fault of the seller as the description didn't say one was included, I just realized how inconvenient it is to remove the cap then have to stow it or hold it each time. I received it sooner than estimated date and would do business with seller again.""
"20111115","5.0","Canon Lens Cap Review","Its a lens cap.  It works just like a lens cap should.  It goes over the lens when I squeeze the buttons on the edge, and stays there.  It comes off when I squeeze the buttons on the edge.  What more is there to say?""
"20111110","4.0","good grip, snps on easily","good grip, snps on easily. Have had it only for a few weeks but build quality seems good.No problems to date""
"20111028","4.0","Nice lens cap","This was exactly as ordered and arrived on time. I just wish it had a small loop so that my wife could attach it to her camera. I expect her to lose it rather soon.""
"20111006","5.0","Wonderful","I used this product in my canon sx30is , with a 67mm filter.The cover fits perfect in the filter threads and protecting the filter. I will recomend this cover to a friend.""
"20110827","5.0","Does its job","I lost the lens cap for my 70-200mm f/4 L lens, and this replaced it perfectly. It is an 'official' Canon lens cap, not a 3rd party cap.""
"20110824","5.0","Fits like it should","I later found the old cap between my front seat of the old Explorer and the center console. Not bad to have an extra through. I would recommend getting one of those lens-keeper elastic bands that goes around your lens body and attaches with a peel-away sticker to the lens cap.""
"20110822","4.0","Good Lens Cap","This is a good lens cap and does meet the purpose.  Personally, I wish it had a hole in it so it could be attached to the camera like the original lens cap that came with the camera.""
"20110625","5.0","Genuine Canon!","This lens cap works great because it's made by Canon! The squeeze grips to remove it are big enough so it won't slip off your fingers, even with gloves on. I used this cap in Alaska and it performed flawlessly.""
"20110621","4.0","Does what it says.","$9 isn't too bad for an OEM replacement lens cap. Needed to pick one up after mine was lost in the snow while skiing this winter. It works.""
"20101102","5.0","You really want me to review a lens cap?","It's a lens cap. It is supposed to fit on the end of a lens. It does.""
"20100512","5.0","Works","This cap works great. Exactly the same as the one I received originally with my Canon camera (and lost). No complaints. Just keep in mind that this one has no kind of string or anything, it's free standing.""
"20091217","4.0","More pricy, but nice to use","True, it is more expensive than non-Canon caps, but after all you are using it a hundred times on a photography day and it works the best (I have a $5 non-Canon one and every time I had to use it it felt cheap and flimsy). Just another small thing to enjoy your shooting more.One star off, as it still could be 30% cheaper.""
"20090406","5.0","good quality","This lens cap look identical to the one that came with the camera. It works fine for me.""
"20090330","5.0","Great!","Could not find one anywhere,after losing the original at the airport during a Warbird show.  Many thanks!""
"20080520","5.0","found it at amazon","I was thrilled to find this lens cap at amazon when the one that came with our brand new camera was lost just 2 wks after we bought it. I went to the product website and was dissappointed to find that I couldn't order it from them. I not only found it at amazon... I received it within 3 days of ordering it....wow!""
"20080114","1.0","Not enough information. Cap did not fit my model.","The item was not fully described. I thought it would fit my Rebel camera,however it did not.Nor""
"20070927","5.0","Original lens cap","Same cap that came with the lens originally. I bought an aftermarket first and it is nowhere near the quality as the original. This cap snugs on the lens tight with a good seal and does not have bulky release tabs like the aftermarket; Those tabs catch when you're pulling camera in/out of bag. Highly recommended over aftermarket!""
"20070620","4.0","It is good not only for Canon","I bought it for my Tamron Lens. It fits well.""
"20070404","5.0","a must have","What can I say about a lens cap??  I bought an extra one to keep because I just know that at some time I'll lose the other one and it will probably be when I'm out of town.  Be safe....buy an extra one.""
