"20120507","5.0","Canon EF AF Lens Kit","Purchased this Lens kit for my daughter for a present.  Was really pleased with the quick shipping and quality of every item in the kit.  My daughter loves it and said it works excellent!!""
"20120420","5.0","great lens","this lens is every thing they say it is . it is a GREAT BUY, buy one you cant go wrong.""
"20120418","5.0","LTL - Love This Lens!","I love this lens and the photographs it takes. A lot of people have commented that is is made of plastic. Big deal. Makes no dif to me. Buy and enjoy. Price is right too!!""
"20120315","5.0","Just the right amount of lens","Great wide aperture lens at a reasonable price point.  This lens will work great for the majority of home portrait photographers desiring to take quality pictures in low light situations without having to use flash. It's a quality performing lens for a very reasonable price.""
"20120303","5.0","great lense","i bought this lense with the canon 60d .i dont have much words to say .just buy this lense and you will be very happy and satisfied using it .""
"20110325","5.0","The best lens for the price!","For the price, you can't beat the 50mm 1.8. The only part that I don't like is the focusing ring but going back to the price I can live with that.""
"20100801","5.0","Great buy","This product is a great addition [at a good price] for anybody who wants to take photography more seriously. It is very easy to use. I love everything about the purchase. Oh! The whole assessories are worth more than the price.""
"20100721","4.0","Great Value","This lens is a great value. Very inexpensive compared to the other Canon 50mm lenses. I bought this lens for portraits. It works very well.""
"20100515","5.0","Great lens","This lens has its pros...great portrait lens, sharp.  On the con side...or just the trade offs...it doesn't zoom, but you can move yourself :), small point of focus.  Overall, I love this lens for close up/head shots of people.""
"20100328","5.0","Great little lens","Yeah, it's a cheap lens and the materials are mostly plastic.  Yada yada... it's a great compliment to your lens inventory, particularly if you just have the kit lens.  The results are sharp and clear and the f1.8 really helps capture pics that the kit lens could only dream about!""
