"20120503","5.0","great lens !!","This lens has great optics.It can take great micro photos, and zoom in on objects far away.The len gives sharp pictures close and far with good speed for action shots.Olympus makes ahigh qualty lens priced well at Amazon.""
"20120424","4.0","Hunts in low light","I purchased this lens as a replacement for my 40-150mm kit lens. This lens is made in japan, good built quality compared to the kit lens, very sharp, autofocus huts in low light which makes it almost impossible to take a picture unless you switch to manual focus mode (there is a switch on the lens - AF/MF)I tried to take a picture of a tree leaf but the autofocus wouldnt lock the first time and it was searching alot passing the focus a few times. I guess this is due to the wide focal range of the lens (my camera is always set to the center point focus).I sold my kit lens 40-150mm before I bought this one and now I realized that I needed both lens. Autofocus of the 40-150mm lens was performing better in low light especially with external FL-50R IR light support or even with internal flash strobe.This lens produces nice bokeh, crisp sharp pictures with excellent colors at all focal lenghs. Its also macro photography capable. I highly recommend this lens. see my picture of a dog in a lake posted taken with this lens.""
"20120109","5.0","Great Lens","I purchased this as a Christmas gift for my wife but we both use the camera. I used the lens the other day when a deer came to the edge of my neighbors yard and was able to get some great shots.""
"20111227","5.0","Amazing lens","I had to buy a micro 3/4 adapter to make it work... My faulting not understanding....  Great lens for sure...... Love it..""
"20111216","5.0","great customer service","i accidentally bought this lens not knowing i would not fit a micro four thirds olympus camera only a standard (even thought standard is on the description).  i got the lens right on time and it looked excellent but was not able to test it since it was too big for my micro! when i discovered my mistake i emailed the company to return my product the response was fast and i know i will be doing business with them again. i recommend doing business with them.""
"20111201","5.0","Olympus Zuiko 70-300mm  Lens","There is not much I can say about this lens. I purchased in 2008. And I did so much work whit that lens. And it never let me down. Certainly I was minding very well. Cleaning and wiping all the time. And had special case for that lens. Some people forget to care about their item. And when things go wrong, they won't stop complaining. At the end of the day. You look after item very good, and it will served you the same way. We had to treat things in our lives whit respect, and like our self. Only then we begin live happy life. No complaining and everything will be all right. Price was very good to. Specially for amount work it handled. I have many lenses for my Olympus DSLR. But this ,,Olympus Zuiko 70-300mm'' is my fever. And shipping was very fast to. But before you buy this item, please be aware, that into Ireland extra duty cost. And sometimes very expensive. But I din't care about that part. Sense I needed for my work. Hope you made it right choice. And hope it will serve you well, as it did served me. Thanks.""
"20111130","3.0","Perhaps Worst Olympus 4/3 Lens...","I have a huge collection of Olympus lenses for my E-1, E-420 and E-620.  For the most part I love all of them, even the low end lenses.  Except here - 'like' is a better word.Of course I'm spoiled - I have a 50-200 (original, not SWD).  That is a great lens.  Problem is, with the 50-200 I get more usable detail at 200 than I get on this lens at 300 mm.  And the over all picture just looks better.  A lot better.  Every aspect from color on down.  Of course the 50-200 cost a heck of a lot more....The 40-150 isn't a great lens but I do like it - it is light and easy to carry and the images are good enough for a travel lens.  I wanted something with a little more reach for when I didn't want to carry the 50-200 or put that heavy lens on the front of my E-420.  Well, it is a little lighter and smaller than the 50-200 but a bit bigger than I expected.  I've carried the 40-150 all over, sometimes in a jacket pocket.  Not sure if I'd want to carry the 70-300 around as much as I do the 40-150 and it sure won't fit in my pocket - On most occasions I might as well bring the 50-200 or use my 1.4 converter with the 40-150 for a little extra reach...OK, if you need something more than the 40-150 but can't afford the 50-200 this isn't really a bad lens.  'Bad' Olympus glass is often as good as some manufactures mid glass or even decent glass.  So, sure, this lens works well as advertised.  If you never compare it to the high end you'll never be sorry (people who drive Escorts don't complain they don't drive as well as Porches).  But if you can save your pennies a little longer I think the 50-200 is definitely worth the 3 x more that it costs.""
"20111006","5.0","Great Value","I am an advanced amateur and for the price, this lens is a very good value. I was impressed at the tack sharp images it is capable of taking. I have had this lens for 2 weeks and I find myself using it more as a macro lens than a telephoto, even though it performs well as both. The only negative I have experienced is the slow focusing at 600mm and even this minor annoyance can be overcome of you lock the automatic focus at about 400-500mm and zoom out to full zoom and take the picture. I am very satisfied with this lens.""
"20111002","5.0","Great for Action Photos","I just got this Olympus Zuiko 70-300mm lens this week.  The first time I attempted to take photos of my son at soccer practice and I had some challenges with blurry pictures.  I did some online research and learned a little about some of the settings and the second time I used it, I was able to take some fabulous close up photos of my son playing football.  I was a little nervous when I purchased it based on some of the reviews saying they didn't have much success with action photos well.....I can assure you that this lens will give you some fabulous pictures.  I used the action setting on my camera and and changed the auto focus setting to center focused vs. auto focus and I think that helped. For the money, this is a great lens.""
"20110922","5.0","Excellent photos!","I am using my husband's login because he ordered this lens for me for my birthday.My first foray into using this lens was on a tour of the Rocky Mountains for a travel article.  This is my first truly 'zoom' lens and I didn't feel I had enough time to practice with it before going on this trip.  My fears were unfounded, to say the least.The best workout it got was when I was caught in a herd of buffalo as I was driving through Custer State Park.  The shots taken of buffalo 50 yards or more away were exquisite and I got some impressive bokeh out of it, too.  I wish I could post some photos here for you to see.One word of caution: lens will not focus at all if it is fully extended.  When that happens, just turn it slightly back and all will be well.  The difference is negligible and can be fixed in editing.Some had questions regarding fit onto an Olympus Evolt E-500...  No ring necessary, snaps right on and works extremely well.  There's also a learning curve with this so take your time until you get more comfortable with the lens.""
"20081220","5.0","Very good lens for reasonable price!","Great lenses, sharp images. I took some amazing photos of moon with those.I am amateur and for me it was a great buy, I am still happy with it!""
"20081212","5.0","Great lens for the money","I have had excellent results with this lens paired with a E510 body.The sharpness and detail are good from minimum to maximum focal length.Auto focus in low light conditions can be a problem. Using a tripod andmanual focus will improve results in low light situations . Both barreland pincushion distortion appear minimal. Excellent lens for nature and wildlife shooting. . Overall, a highly recommended product.""
"20081212","5.0","Great buy!","This lens is fantastic for the money. It needs help in low light but WOW it's solid for the money. No complaints here.""
"20081207","5.0","Excellent Lens!","Excellent value lens.  I bought it specifically for a wildlife viewing adventure to Churchill, Manitoba.  The photos I captured using the lens really added to my experience as many of the polar bears were more than 100 yards away from our tundra vehicle.It is a bit slow, especially if lighting is less than optimum adding to exposure and movement issues.  All in all, however, I was very happy with the lens.""
"20081126","5.0","Great Lens-- Needs a Tripod","I took a load of photos with the 70-300 Zuiko lens... and I am very happy with the outcome. Of course, like any telephoto it is a light lover and works best in bright sunlight. Thanks to this powerful telephoto I photographed a very interesting new world of distant objects and creatures. Above 200mm it really prefers a tripod or something to steady the camera. Overall, for the money it is fine-- real bargain.""
"20081125","5.0","Excellent Lens","This is an excellent lens. I've only used it a little bit, but the macro mode is excellent, and the pics at full telephoto are super sharp at f8. I need some time with this lens to take better pics, but what I will say right off the bat, it's really hard to believe that the lens is in the olympus 'standard' category. Yes, it is slow in AF, and it is optically slow, but the build quality is outstanding. It has a nice, hefty, quality feel to it, and a smooth operation. It is true, the manual focus mode steps, which is a bit frustrating, but if you can't compensate by rocking a bit back and forth, I don't know what to say. At under $300.00, this lens really is a steal!""
"20081122","4.0","Good buy","For the price this is a good choice.  It is of course slow at tele and not good in low light, but is very good in bright sun, no matter what.""
"20081119","4.0","great lens","this is a great lens whether your using the auto or manual focus on this lens the pictures turn out sharp, hand held or on a tripod. even though I'm on a budget i like taking good quality pictures so it was nice to be able to get this lens at a much cheaper price (brand new) than if i were to go to an camera store online or otherwise. i think that i saved about a $140 by buying it here. i got what i wanted in a very timely manor. couldn't be happier with both amazon and this lens""
"20081116","5.0","Great addition","I needed to add a lense and I am extremely happy with my purchase. Now I need to start saving up for Olympus Zuiko 14-54mm.""
"20081102","3.0","After 3 months of using it on my E-510.","I used this lens for Birding and Macro by adding the EX-25. For Birding, This lens is good only when you want to take a shot of a bird on a tree but not good for flying birds. because of the very slow auto focus. Also isn't very sharp as many people say. The lens produces a soft image unless you use f8 but you'll have to use high iso. Raising the level of noise reduction on the camera to standard, will remove a lot of noise but you'll get a softer image. you can try to turn off the noise reduction if there is an excellent source of light to get a sharp image.For Macro, this lens is very good specially if you have the Macro extension tube (ex-25). I'm using it intensively for macro and happy by the results but not very satisfied. Don't ever think this lens is enough for Macro or as good as macro lenses. The images aren't good as macro lenses' images at any case. The image will not be very sharp because of this reason:- Forget the auto focus when you use this lens with the extension tube. you will have to use the Manual focus which is bad and not accurate. the manual ring isn't soft and I think this is the issue of all standard lenses.I tested the sigma 105mm macro and it was better a lot in everything specially the manual focus which was very soft. but, I didn't buy it because I need a longer focal length. at least the 150mm. I consider the 70-300mm as a temp lens and for learning.I don't recommend this lens for serious Macro or Birding photographers. The focal length isn't the most important thing. Many people got better results with 50-200mm because they can crop their picture without losing much quality (I'm not comparing the both lenses but I'm talking about cropping).For temporary and learning, this lens is an excellent bargain; don't miss it. This lens even without the ex-25 has a capability of macro. put in mind that using it in low light areas is a bad idea.Finally, this is not a bad lens whatever the price is (I bought mine for $374) but also not for people who have a knowledge in the fields of Macro or Birding. If you are a serious macro shooter, get a macro lens and if you are a serious bird shooter get the 50-200mm/sigma 50-500mm or turn off the noise reduction if you want the 70-300mm(in this case you will work harder using any software to enhance the IQ). Don't expect great results. still this lens is in standard level of Zuiko lenses.Recommended for starters.""
"20081030","4.0","A very good lens for the budget.","I am using this lens on my E-510 digital camera.This lens is superior than the lenses supplied with the kit.The colors are vibrant and the distant objects are also very clear.On a sunny day this is an excellent lens but the objects in the shadow are not so bright.Some times it takes longer time to focus on the subject in the autofocus mode. I enjoy working with this lens and thanks to Amazon.com for their quality service and the best price on this merchandise.""
"20081027","3.0","Difficult to use","Good lens, well built but very difficult to use. It is also very slow with AF.""
"20081024","4.0","Good Quality Olympus Lens at Bargin Price","This telephoto lens is a good bargain!  Although it is not the fastest lens available, it provides reasonable speed and very good image quality for Olympus E Series cameras.  The lens has a wide focal length range 70-300mm, when used on the Olympus camera it is exactly that and not the advertised 140-600 mm equivalent.  I use it for shooting outdoor football and soccer games.  The auto-focus is a little slow but produces adequate focus if the approximate range is pre-adjusted before the taking shots.  This is a heavy lens and it would have been better if it where supplied with an attachment ring for mounting to a monopod rather than supporting the weight of the lens from the camera body.  In all, I am very happy with the quality of this product and would recommend the purchase as a good telephoto option.""
"20081021","5.0","The other macro","I use this lens as my 'other macro'. When i need to get a close-up shot without needing to get in close this is the lens to go to. It may not provide enough speed but then again if you're on a tight budget this is the next best option.""
"20081020","5.0","Low light football games","This lens takes awesome shots when there is a lot of light.For night football games under floodlights, if you play with the E510 white balance settings, metering mode and set the camera to 1600ASA, you can get 1/160 - 1/320 on reasonably lighted fields.The pictures are a bit grainy but quite good (the paper published them).For the money, this lens is great value.""
"20081019","5.0","What a bargain!","I love this lense! It is great for macro work. This lense gives me plenty of working distance for shooting insects and tiny things. It's also a great telephoto with lots of range. It is a slow lense, but that isn't a problem for me. I usually do my shooting in the sunshine. For the price, this lense is a steal!""
"20081017","4.0","Very fine lens.","I have been using this lens for the  past few weeks. I am enjoying it very much. However, I would like it more if it was smaller in size. The price is right for this well made lens.""
"20081011","5.0","Huge range in a compact package","This lens was one of my main reasons for going dSLR. I do a lot of [amateur] bird photography, and needed the zoom. But, due to back and shoulder problems, I couldn't handle the weight and bulk of a 'normal' telephoto lens. The 70-300 mm of the Olympus Four Thirds system is, in fact,a range of 140-600 mm, which is great for the kind of photography I do. Meaning I get the range without the extra weight.The 70-300 mm is easy to handle, it's reliable and solid. It doesn't do great in low light, but that isn't really a concern for me since my photos are mostly daytime, with lots of natural light. There is a learning curve to it, though, but it is mostly a hands-on thing: take lots of pictures, study them, analyse the EXIF data, figure out what could have been done differently or better. Photography is fun!""
"20081009","5.0","Good Buy","The Olympus 14-42,45 & 70-200 are fine lenses work well with the E510; the 70-300 just provides you with a lttle more reach and ability to get nice tight shots. Have obtained some nice shots with it. The price was right...""
"20081009","4.0","olympus lens","Great to use in full sunshine. Worthless in low light situations - evening football games or indoor gym.""
"20081007","5.0","Olympus Zuiko 70-300mm f/4/0-5.6 ED Lens for Oly DSLR","Like all Zuiko lenses I've used, the 70-300 is sharp, light, and has no color aberration.  It auto-focuses very smoothly and accurately, and the manual focusing ring is smooth, as well.  I've had extremely good results from the lens, even with a 2x teleconvertor attached (also Zuiko).  I'd read reviews prior to purchase which praised the lens' accuracy, and it has not disappointed me in any way.  A reminder to any purchaser:  The lens extends about 3-4 inches at full extension, and there is no tripod support strap.  You'll need a good, steady tripod for best results - but for a very reasonable price, you'll be pleased with this lens' capabilities.""
"20081006","5.0","I'm not a pro, regular amateur photographer","Its my first telephoto lens. On the beginning It wasn't easy to operate it but You must try few times with AF and MF to get use to it. On my first 'telephoto' trip I've managed to shot few partridge'es and pictures come up really nice. Beside of focus problems I rate this lens quite high - its really nice for this money so I recommend it :)""
"20081002","5.0","Best buy ever","Right now, I rate this buy like: the 'best buy' I ever made.  Great pictures, great lens. I'm thinking to add a 2x converter to my new collection and probably a Macro Lens....maybe 50mm or 35 mm.  Zuiko products seem to be a great quality of products.""
"20081001","4.0","Great value! But need to set to f8.0 or higher for best results.","This lens is a great value for the money. Mine was about $310 including shipping. You really do need to stop this lens down to 7.1 or preferrably to 8.0 at the long end to get the most out of it. If you don't it is not the sharpest.  I guess I got used to the kit lenses being so incredible even wide open that my expectations for this were a little higher. Still, for the money you really can't beat it considering it gives you an equivalent 600mm reach. Given that reach what other lens can you really buy for this kind of money even if only sharpest at f8.0 at the long end?""
"20080930","5.0","Olympus Zuiko 70-300 ED Lens","Rarely does a product exceed my expectations but this lens does. It is fast, clear and precise. I can now take the pictures I have always tried to take in the past but failed due to marginal lenses.""
"20080922","5.0","This Lens Rocks","I have been using this lens since Sept 15 2008 with my Evolt E-500. I have taken some incredible moon shots with this lens. I have posted my first attempts which are o.k. My later shots are way better. Will post them eventually as well. [...]""
"20080830","5.0","4/3rds long telephoto","I've had this lens a bit over a month and already taken great photos. It's short, lightweight, sharp, inexpensive, a bit slow on the focus, and not quite as fast as some.Combined with an Olympus IS system, you get an equivalent 600mm reach that is (with practice) hand- holdable in most situations. Try that with any other lens! I'm not saying it can't be beaten, but for the price and the weight/size, it's a remarkably great piece of glass!""
"20080828","5.0","Great value for the money","I just bought this lens a few weeks back. I love it. Check out my test pictures athttp://www.viewbehindmylens.com/2008/08/olympus-70-300mm-f40-56-ed-zuiko-lens.html""
"20080823","5.0","Olympus Zuiko 7-300mm","Cannot say anything but outstanding!  I use this as my primary lens for all of my action (softball) shots. Supurb lens.""
"20080818","5.0","70-300mm","Excellent optics, sharp pictures and easy to use.  I love this lens.  It's a must in my camera bag!!""
"20080814","5.0","zuiko 70-300 yes","great lensyes it searches for focus in low light or low contrastbut it is awesome in all other situationsalso  a great lens for close up macro type photography=as long as you can get back 3 ft you can zoom all the way in!i have seen colors and patterns on insects I never ever would have known were therepretty amazing macro abilityvery fun nature lensi do often hand focus at the end as the depth of field isn't great.you want the eyes of birds etc to be sharp , and I can end upwith the tail etc in focus and the eyes soft if you do automatic focuswith this in mind it is awesome and I've also taken a number ofbirds on the wing that have come  out greatlove it with the E3am considering the 50-200 now that the price is coming down justfor the low light in the woods type shotsexcellent highly recommendedalso I use it almost exclusively handheld with the E3and often full telephoto- no problem!!oh and did I mention the price?70-300  yes!PS also Amazon is great to deal with- i ordered direct""
"20080812","5.0","Excellent for the price","I was looking to add a telezoom to my set of two lenses that came packaged with the camera (Olympus E510). This one seemed to fit the bill since it wasn't too expensive, and offered a nice reach beyond the 150mm that I already had. The lens did not disappoint for the price.The lens is not too heavy, making it possible to shoot hand held. To overcome the problem of camera shake at 300mm  I'm using it at ISO 400 or ISO 800 plus turn on the image stabilization of my Olympus E510. The latter seems to help much more at a long focal length compared to shorter ones. I ran a quick (not scientific) test and shot a few pictures at 1/60 at 300mm without Image Stabilization, all had to be tossed. Turning Image Stabilization on would yield a few that were usable. So that helps a little to overcome the limited F value of 5.6 at the 300mm end of the lens.I would recommend this lens if the goal is to shoot hand held outside with a descent amount of light. At 300mm (F5.6) my experience shows that I need to get at least 1/100 (better 1/160) to have a good chance the picture will come out sharp  under those conditions. Your milage may vary ...""
"20080803","4.0","Olympus Zuiko 70-300mm Lens","I purchased this lens a month ago, to use with the Olympus E520 and also like other reviewers, have been quite surprised with the magnification and clarity. I use it almost exclusively outdoors with either a monopod or tripod. The autofocus is slower than I would like at times and is best used with a support system for the sharpest pictures. However, don't let these limitations scare you away. It is a great lens. I purchased it to capture animals, foliage, scenic, and outdoor sporting events and have not been disappointed. Within the first five days of owning this lens, I captured the best hummer and blue bird shots in 30 years of being a novice photographer. I look forward to testing it daily for many years to come.""
"20080722","4.0","Olympus 70-300 mm lens","This product pleasantly arrived within the expedited 1-day time period promised by the Shipper.  It's true what the reviews say about this lens performance being the best in bright light.  It doesn't do well without this.  But suitable for the price.  Have already used it for some concert pics of Peter Cetera with success.Joanne Dasent""
"20080721","5.0","Outstanding lens with a surprise","This Zuiko lens, like all their lineup, is superb and a great value for the cost. This particular lens is an 'ED' and assembled by hand (as opposed to the kit lenses, which still deliver excellent results) and delivers outstanding images with sharp details.Here's the surprise (at least it was to me); the lens also possesses a macro feature that is not (to my knowledge) advertised. Switch it to MF mode and rotate the focusing ring and the lens extends beyond the 300 mm point to indicate other markings on the inner tube. It gives you a pretty convenient macro lens function that is in focus at about 20' from the subject.I have the 35 mm macro and wouldn't trade it away now that I have this, but for convenience, this is a nice combo-- plus you can capture an insect on a flower, etc. while maintaining a distance that won't scare it away.Oly should let people know about this more so than they do, but it is a nice little surprise I wasn't expecting (or seeking). If you really want a faster tele, then Zuiko makes those too (e.g, 50-200) or a fully dedicated long lens with better optics still (300 f2.8), but bang for buck, this one's tough to beat.Highly recommended.""
"20080719","5.0","Olympus Lens","The lens does a very good job for long range shots.  It is a little heavy and cumbersome to hold by hand, but works great with a monopod.""
"20080711","5.0","Great lens at a good price","I recently sold my Evolt E-500 and upgraded to the 510. I decided to go ahead and get a new zoom lens while I was at it.I've only had it a few days, but I'm already in love.This zoom brings your subject in so close.Your going to need so pretty good light or a tripod, but for the price the results are great.Buy with confidence!""
"20080708","4.0","Olympus Zuiko 70-300","I thought I would give this lens a try and was very pleased with the clarity and magnification.  It would be nice if the lens was faster but for the price and combination with my E-3's internal image stablization, I can shoot clear focus images with wonderful clarity while hand holding at the 600mm equlivant focal length even while moving in a car!  Definately worth the price.""
"20080704","5.0","Great lens,  Great value","The 300mm lens is a superb telephoto. It is light enough to be used handheld at high shutter speeds and has performed flawlessly for me. Auto focusis fast and precise, even in moderately low light. At this price I considerthe lens an outstanding valueThis summer we have american eagles nesting in a very tall white pine nextto our Wisconsin home. For a clear view of the tree top you have to be 150feet from the base. My 150mm lens was just not enough telephoto. The 300 isjust right and performs perfectly. The pictures are sharp and the colorperfect. I'm completely satisfied and would recommend this lens to anyoneinterested in wild life photography or general telephotography.One minor point. The accompanying instructions are brief and do not coverthe use of the lens for macrophotography.""
"20080629","4.0","Fine lens for a budget","Wow..been looking at this lens for 6 months. Couldn't say no when I found it for $320.00 and free shipping.  Even though I've only had it for a few days, I've taken a couple hundred shot with it under different conditions.  Yes it does have a slower A/F.  Found a hawk flying just above the tree line yesterday and it hard a hard time picking him up. Stationary objects I haven't had any trouble.  Has produced clear sharp images for myself, even without a tripod if you can hold tight or brace yourself against something or take from a sitting position.  Have noticed that I am adjusting my ISO settings more when I am in lower light, not to bad though between 200 and 400.  For the money, I am more than pleased with my new toy. My camera body is a E-500.""
"20080619","4.0","Good lens for money","I'm happy with this lens but some practice is recommended. It takes some time and experimenting to get used to little slow AF. I took pictures on Formula 1 race and some pictures came out blurry. But this is not pro-type lens and for the money you pay for it it's really good. Use tripod if possible - IS is effective only to the certain degree.""
"20080611","5.0","Amazing Lens for price","This lens is amazing for its price. For its focal range, I can even hand hold it in the daytime.Great choice for a really good telephoto lens that does not break the bank.""
"20080527","4.0","Great lens in most aspects","This is an excellent lens to bring things in REAL close.  My only issues are as follows:1.  The autofocus is a little slow.  In fact there have beeen times when the auto focus did not seem to work at all and I had to manually focus the lens.  Not a big problem for me, but it might upset some.2.  The plastic barrel of the zoom has developed a crack.  It does not seem to affect the quality of the image through the lens, but it is a bit of a surprise that a brand new lens would develop a crack without having suffered any known trauma.""
"20080524","5.0","Olympus 70-300mm Lens","This is a great lens when high power is required.  Although some reports indicate focus is slow in low-light situations, in good light where this lens will usually be used, it's quite fast.  On a recent trip to California, I was able to photograph seals on a beach as though I was right among them.  At full zoom, I could get full-frame head shots.  I'm very impressed with this lens, and for the performance, the price was reasonable.""
"20080519","5.0","Zuiko 70-300mm lens for eVolt","Worth the price and performs as it should.  Best to use a tripod or some sort of support for the sharpest images.  Also best used out of doors during daylight hours or it tends to have focusing issues, but then so do I.""
"20080509","5.0","Great product, Great Service","The product I ordered arrived within 3 days of placing that order.  It came in fine condition, and a few days later, when I tried it, it worked perfectly.  The service was excellent, and I was, frankly, surprised at how quickly it got here.  I would definitely order from this supplier, again, and will urge others to do so, as well.FatherWolf""
"20080509","5.0","Right lens at right price","This is the first lens I bought outside the kit lenses. It really scales up to my expectations. Takes very sharp pictures. Bit bulky, if you buy this you would need a very robust tripod. But you will be completely satisfied by the result!""
"20080508","4.0","Nice lens for the price!","With this lens you can really feel like you are almost next to your subject.  I can't wait to get some shots at the next full moon.  For the price, it is a great lens.  The bokeh on this lens is nice, with a shallow DOF.  That said, there are some shortcomings, but I would expect that from a telephoto zoom lens like this.  First, the auto-focus will hunt in low light.  I really don't think I'm going to be using the 300mm end of the lens in low light anyway.  I noticed that the lens didn't seem to focus well if you had multiple focus points selected.  Pick one of your focus points and use it.  Remember that this lens, while light-weight is not one that you want to use hand-held at 300mm unless you can get a very short shutter speed.  I noticed more than a few shots had problems with camera shake using longer shutter speeds.""
"20080505","5.0","Excellent service!","Lens arrived quickly and in great condition. Have taken several photos with it and the quality is excellent. Great product and great service.""
"20080502","5.0","Works perfect under sunny days - Super high C/P value","Think about what you will pay for equivalent f = 600 mm lens ?It's the advantage of Olympus system.And right now we only need to pay &lt; USD 350 to get a introductory level telephoto lens !It's cheap &lt;350 USD, it's light &lt;500g, and it's small ~ 2x 14-42 kit lens.Although it's a relative slow lens f/5.6 @ 300 mm, think about these advantages, and I believe everyone might get the same conclusion -- give it a 5 stars review. :)In my opinion, it works well under sunny situation. It works good enough for portrait-shooting -- very easy to get the shallow background images DOF can be very small due to f=300mm.However, if you are more interested in shooting aviators and wildlife, you might consider to go to 50-200 mm directly -- this lens will not satisfy you unless under perfect light condition, and it's much softer than 50-200mm. But 70-300mm is a really good try before someone goes for mid-level lens. And always remember -- it's a 1/3 price of 50-200mm, and it always does its job well under its limitations!""
"20080430","5.0","Unbelievable for the price!","I have wanted a more powerful zoom and didn't have $2,000 for professional quality glass so I purchased this lens.  This is the perfect lens for what I wanted - outdoor sporting events and nature photography.  I read the reviews that said this lens doesn't work well in low light and I've also found this to be true.  The auto focus is slower than other zuiko lenses but not a major factor.  I found the auto focus to be a lot faster than the Sigma I have for the 4/3's mount.  For a non-professional quality lens the images are sharp and the zoom length is great.  Very little color fringe or lens distortion.""
"20080414","5.0","Zuiko 70-300mm","Nice Lens with a good price / quality relationship.Works perfect with my E330!""
"20080405","5.0","Mom put the camera up!","I have had my lens for a few weeks now.  I absolutely LOVE it.  This lens has enabled me to take some awesome action shots.  A great lens for the money.  My children tell me, 'Those batteries are gonna come up missing'.  I go out side and play almost daily.""
"20080325","5.0","A Winner","This has to be one of the best zoom lenses for its price range. It is razor sharp and has excellent contrast. It also focuses amazingly close. It's a little slow when finding focus lock, but when it locks it is dead on.""
"20080325","4.0","Zuiko 70-300 Zoom","Excellent optics, especially for the price.  Better quality than the E-500/510 kit lenses.  Fast sharp focusing with decent light.  Give it time in low light/low f.stops. Obviously, need anti-shake or tripod at longer lens settings and/or wider f.stops.  Impressive!""
"20080325","4.0","WORKS FINE","I have been satisfied with this lens on my E-510. I had read that it may not focus well with the camera automatic focus feature but it has been working well for me.""
"20080319","5.0","Zuiko 70-300 Review","Nice lens, compact....incredible focal distance.....a little hard to frame at 600mm, but requires some practice to get used to it. A perfect bargain for less than USD 400....I love the power of the 600mm....""
"20080311","5.0","Great lense - well worth the money!","I purchased this after I had taken quite a few pictures with the Olympus E510.  The lense functioned well, even when I switched to manual mode.  I was pleased with the quickness of the lense, the sharp pictures, and the great color.  I did discover that the lense and camera work better when they are on a tripod or monopod.  It got to be a real chore trying to get good pictures without the use of a tripod or monopod.  I am really happy that I purchased this lense!""
"20080222","4.0","Great lens for the price","I got the lens three weeks ago and have been taking lots of pics.  It's compact and works great with my E-510.  Photos are great, though I'm still learning its limitations.  It's unuseably slow for me in low light, but is great in bright light.""
"20080220","5.0","Insanely sharp lens!","First I got only mediocre results from this les then I decided to to a quick resolution chart test. And I couldn't believe my eyes that how sharp it is, at least in a studio. Let me provide you my results.Tested on an Evolt E-510. Please note that the horizontal absolute resolution limit of E-510 is just 2100 LPH due to the famous DPReview.com. Anything sharper won't reflect here.Here you go.70mm  F/4: 2100 LPH. F/4~up, 2100+ LPH.150mm  F/4.6 1900 LPH; F5.6~up 2100 LPH.220mm  F/?? didn't test; F/7.1~up 1950+ LPH.300mm  F/5.6 1750+ LPH; F/8~up 1850+ LPH.'+' means unsure but at least.Note I am just trying to measure the 'absolute resolution' here which means the 'extinction resolution' go even higher (usually 250 LPH higher).Wow! This means from 70-150mm (that is 140-300mm equivalent) the lens resolution is beyond the current 4/3 cameras! From 150-300mm (that is 300mm-600mm equivalent) this lens pretty much scratches E-510's limits.On the downside. I do find the focus to be very slow, especially in low light where it can be erratic. It is frustrating sometimes. So my medicore results came from the focus. Whenever I get the focus right, I get tack sharp results. But it is not easy with this lens. Be prepared to use this lens only in bright light.How much did I pay for this lens? 360 dollars, not 3600 dollars! I know its limit but with some very careful work I can get some professional level results on my wildlife shots.""
"20080131","4.0","echo above reviews","Overall im very happy with my purchase of this lens.  Great lens in bright light.  More difficult to manage in low light.  My olympus E-500 camera can hardly autofocus this lens at all.  Spherical aberration from the glass makes the crop zoom ineffective.  So what you see on your exposure is about all you can get out of it.  Which is still great clear crisp shot.  All round a good lens, but it is limited, dont expect miracles. Just remember this is on zuikos 'budget-lens' list.""
"20080128","4.0","Excellent in good light; really bad in low light","Reasonably sharp wide open in good light.  Could be a bit sharper, edges are a bit soft.  Bokeh is only okay.  Under medium-low light conditions, I find the lens has a horrible time trying to auto-focus.  Best use of this lens would probably be with a tripod and stopped down a bit.  In the end, I decided I don't need the extra 200mm (35mm) and will be waiting for the 50-200mm swd, which is weatherproof.  I started off the 12-60mm swd olympus and I can't get used to the slow noisy autofocus the other lenses have.""
"20080112","4.0","Nice low cost tele-zoom","As a long-time 35 mm shooter, it was amazing to find the equivalent of a 140-600 f 5.6 lens for $400.00.  The lens shoots clear, rich color photos. The only negatives I have found are slow auto-focus, and difficulty focusing  under indoor lighting. Otherwise, this is a fine lens.""
"20110823","5.0","Excellent Lens","This lens performs well in all lighting situations and delivers above expected results in clarity. Excellent photos and ease of use make this a winner.""
"20110805","5.0","Great Lens","This lens works great for zooming into a shot-even clouds become close targets. The weight of course is different than my other lens but it is easy enough to switch when I use it. I'm happy I purchased it.""
"20110320","5.0","I love this lens!","I've had my 70-300mm Olympus lens for two years now.  I bought it for birds, but I mostly use it for flowers and butterflies.  On the box was written 'macro'.  I thought what does that mean?  Thinking that macro meant close up.  From that point on most of my images taken with this lens were at max zoom and minimum focus (~3 ft).  I carry two cameras most of the time.  My Olympus E620 with this lens on it for 'macros' and formerly a Panasonic G1 with a 14-140mm lens and now a Sony A55, currently with a Tamron 18-200mm (APS-C sensor).  (And a few more lenses in my pack).  I love flowers and butterflies and if you do too, this is a wonderful lens.It is not so big and heavy that it wouldn't do well on one of the newer Olympus bodies.  It has no image stabilization, so, alas, it is not well suited to my G1 or other Panasonic bodies unless you like to use a tripod (which I don't).  Almost all of my photos with this lens were hand held.In deciding what cameras and what lenses I use for what since I got the A55, I did some tests with the three cameras and the lenses mentioned above.  Although the Olympus is my least favorite camera of the three, coupled with this lens, it makes an excellent combination in my opinion.Folded into my rating is the price.  It is sometimes slow to focus and for birding it can be frustrating.  But if you want to do flower macros or similar, it has a lovely bokeh and of course that marvelous Olympus jpg quality, if you choose not to shoot in RAW.  But compared to a possibly much better lens at a higher price, this lens is relatively small and light.""
"20110313","5.0","Great Entry Level Addition for my SLR","For an amateur photographer, this is a great entry level addition to the Olympus line of lens. I already have a lens that ranges up to 150mm equivalent, but this lens provides an additional improvement for taking photographs of distant objects. There is still some drawbacks, but I don't consider them so bad that it deserved to knock of any stars since this lens is much more affordable over the professional line. The auto-focus still struggles with this lens, but I attribute that mainly to my Evolt-E500. Additionally, taking pictures of fast moving objects (e.g. birds/sports) is still difficult. However, to really take great pictures consistently in these situations, you really do need a professional lens with a much higher aperture that allows more light to enter and shortens the shutter time. With a good flash, tripod, and/or taking many shots, you can still take excellent photos with this lens.""
"20110215","5.0","GREAT LENS","FOR THE PRICE YOU WILL NOT FIND A BETTER LENS OLYMPUS CAMERAS HAVE A GREAT WAY OF PACKING QUALITY AND GOOD PRICE. THE ZOOM ON THIS LENS HAS AMAZING IMAGE QUALITY. A MUST FOR ANY ONE WHO HAS KIDS IN SPORTS""
"20101225","5.0","The OLYMPUS advantage","So! you get a 70-300mm for $288 (all inclusive with shipping) ..I bought mine straight from Olympus.com and it gives you the performance of a 140-600mm. I use it with my E410. The image quality (if you know what you are doing (hence you bought the lens in the first place) is AMAZING, sharp..yes, when you have a 600 mm lens for less than 300 bucks expect issues in the low light department but do you need a lens that big indoors!? most of the times not really, hence it is a 'telephoto' not a microphoto lens.I love it and would suggest it to all who like me in outdoors felt the need for something bigger. Bottomline you get more than the bang for the price.""
"20101127","4.0","Works great with G2","I got this lens to use with my Panasonic  DMC-G2. You need an adaptor to connect to the micro 4/3 camera, but the lens works great with the camera/adaptor. The autofocus is not perfect; it seems to search a bit more than it should, but once it focuses, it is accurate, and photo quality is very good for a lens in this price range. The zoom will come in very handy for wildlife photography, which is my main reason to obtain this lens. It is a winner.""
"20101126","5.0","300 mm lens up grade","I have the 150mm zoom lens & and use it most to the time for wild life. This up-grade to 300mm is nice. I tend to use it more @ max of 250mm range. I have found it works good in the auto mode & in Man. I have not had the chance to take it kayaking yet, but the size is about the same as 150mm and I cant see any problems with it. All said I bought the lens instead of a new full setup. I have had my E-500 for years and enjoy it.""
"20101104","4.0","Olympus Zuiko 70-300mm f/4.0-5.6 ED lens for Olympus & Panasonic Standard Four Thirds DSLR cameras","This lens does an excellent job getting nice pics from quite a distance. I took some awesome sports photos (nieces playing field hockey) as well as some nice fall folliage shots. For the price this lens can't be beat for quality. I'm very happy with it & I'm glad I made the purchase. I'm using it with an Olympus E-520 with excellent results. When compared to older SLR lenses this one is light weight. However when used for more than a few minutes a tripod comes in very handy. The price was about $100. less than other dealers.""
"20101022","4.0","If you don't own this lens, think going to the shop now!","I bought this lens along with my E-620 that came with the kit lens 14-42mm. First thing you notice is that this is a heavier piece of glass. The E-620 feels a bit challenged when wearing it and it is only the battery grip that restores some balance (some reviews I've read call for a tripod collar). Other than that, the 70-300 is built like all Olympus lenses: like a mini tank!I've used the lens for the past year in all types of situations, both outdoors and indoors. The results are always not simply 'above average' but, rather, quite impressive. This is one SHARP lens! There is little, if any, chromatic aberration below 200mm; things get slightly worse after that but, in my opinion, the end result isn't dramatically degraded. Some friends, who use long lenses, gripe all the time about corner shading. They wouldn't be griping though with this lens! Corner shading is almost non-existent and unnoticeable unless you have robot laser eyesight.The 70-300 excels in distant shots... and then surprises you pleasantly with its 'macro' capability which, officially, is not one of its fortes! I've shot pictures of wildlife from VERY close with excellent results: great detail, exceptional texture, and beautiful colors.The lens does hunt in low light. The problem is annoying to those who insist on using this lens in conditions that are not recommended (remember, this is a slow lens). I have used the 70-300 indoors and when the interior is well lit (as in a sports arena) hunting is still there but it does not deny you the use of the lens. Removing the lens hood appears to minimize the problem for some unexplained reason. Pictures are still vivid and with excellent colors.Distant shots are simply marvelous. I've used this lens to shoot landscapes in all weather conditions save rainstorms and blizzards and the Zuiko comes out the winner every time. I am really astonished at the chromatic balance and the SHARPNESS of the images captured. All this shooting is done handheld too... but the Oly plus lens take this in their stride! This is the great benefit of Image Stabilization in the body of the camera!Final verdict: Excellent lens at an excellent price. Photos are high quality and prints come out wonderful. The 70-300 is champion in bright light and does way above 'acceptable' in the shade. Built quality is Number One although weight could be a slight problem for some.This is a Five Star lens -- and I give it four only because of the occasional hunting and the weight.""
"20101009","4.0","I got it, I used it, I liked it.","I used and liked the lens. For the price I paid it is a good lens. However, it is not the best lens you could buy. For the money it is good value""
"20100929","4.0","Great lens Great price","This lens gives you a lot of bang for your buck.  The price is right and it works well.  The only issue is it would be nice to have a tripod ring.  I own the E-500 and sometimes at the 300mm range, it is tough to keep the subject in focus.  I am having fun with this lens and I think that is what photography is about having fun.""
"20100920","5.0","Nice product","The is lens is exactly what I needed and actually has better power than I was aware.""
"20100919","5.0","Awesome zoom lens for E-System","Bought this lens on amazon last month, practised with it only a couple times and took it to the US Open 2010 - my first experience attending live. This lens is quite compact, not-so-heavy and easy to handle compared to similar zoom range lenses by Canon & Nikon (Most folks at the Open had those). I was changing lenses at will, with ease - what's really cool is the lens cap and lid on my other zuiko lenses fit this lens and vice-a-versa.This lens has amazing zoom, always got my E-510 to autofocus in S-AF even at 300 mm - no problem at all. I was mostly on the top end of upper promenade in Arthur Ashe stadium but got some breathtaking stills of my favorite players in action - thanks to this lens.The price on Amazon was a steal. You simply can't go wrong with this investment. If you're like me who has those 2 lenses originally came with camera, feel the need for more powerful lens every now and then but hesitant to spend money: Get this lens, it's a no brainer. I wish I had long back.For now, the zoom ring doesn't operate as smoothly as I would like - it has the stop-and-go feel to it, but I'm sure it will get smoother with more and more use. Just something I wasn't expecting, since my other 2 zuiko lenses didn't have this issue from the get go. But they're just starter lenses, not nearly as capable as this.""
"20100918","4.0","Good lens, grenth length, a little slow as expected","I bought this lens for use with my venerable E-500. I had read the reviews and the lens performs exactly as expected. It is not competition for a $6,000 long lens, but for hobby photography, and even for limited sports use in bright suhshine it performs well. Out of approx. 800 pictures(golf) taken with this lens, only 30 were signficantly blurred it spite of a cloudly day and occasional light rain. Over 700 pics were good to excellent. Although I wasn't alway s able to completely stop the action (particularly the shaft of the club, and the golf ball), the rest of picture was in sharp focus. For the price, it's good glass. Thumbs up.""
"20100917","4.0","Olympus Zoom Lens","Great lens for outdoor scenery and wildlife.  Sharp image with AF and has become a great all around lens for my use.""
"20100829","4.0","Olympus Zoom Lens","I have only had this a short time, so I haven't used it much.  Everything seems OK.""
"20100826","4.0","Downside","It gives superb quality images but i have taken it 2 times to the beach, i use it on a dmc g1, the only problem is that it doesn`t work well on the beach cause the moisture gets in the way, so i had to use my lumix 200mm, however in the city you can use it and like i said, the quality crisp images you can take are superb.""
"20100805","5.0","Very nice lens","This is an excellent zoom lens that takes high quality photos.  I do not use a tripod with it and have no problems getting sharp pictures with it.  I sold my 40-150 because I never use it now.""
"20100731","1.0","NO GOOD","This item did not work with my Panasonic as it says above. In addition when i went to return it they but me under the category that the costumer did not like the item so that they could take out 10% of the return, this meaning i did not get my full money back!""
"20100716","4.0","Zuiko 70-300mm lens","Great lens at a good price. One caveat: Your camera must have a compatible firmware version. The lens wouldn't work and I  almost returned it, but called the seller, who sent me to the Olympus website for a download. Both the seller (Portable Guy) and Olympus were very helpful in resolving the problem.""
"20100711","3.0","Good lens for the Zero budget photograper","I am a novice photographer and this lens is just outside my budget for this hobby but I did it anyway. The lens is a little on the heavy side but bearable, The focus is slow in lower light so manual focus is recommended and with the Olympus E420 I have I can manual focus the lens and the camera I can leave on auto focus and that makes the distant objects a little easier to photgraph.I have gotten some really good shots with this lens so far and as long as you aren't trying to sell the images they look awesome your friends and family will be amazed. With the lens auto focus and the camera auto focus and the live view it is pretty difficult to find a good shot but use the eye cup viewer and it's easy to find your shot. And very importantly no matter what the light level if you want a shot that can be zoomed in on when you are editing the picture than you will want to place it on a stationary surface or device. I took a picture of a car some 150 feet away to see the license plate and it took me 4 shots and the last propped against a fard surface to get the plate clear enough to read, however the final shot was as clear a if the car was at the end of my driveway reading it.Good lens for the lumper who works hard for his money but don't expect it to make you money.""
"20100612","3.0","problems with returns","As you are aware I bought this lens but unfortuneately it was faulty and had to be returned it. I asked for a replacement lens but was told by Amazon staff that the item was out of stock and that they would reimburse me on the return of the purchase.Looking on your site later on I noticed that it was still being sold. I contacted Amazon via your live chat site to ask why and was told it was another company selling the item through Amazon and that they would still reimburse me.It cost $33.00 AUD to return a product that was faulty from the start. Surely that cost should be yours as the product was faulty and the fact that I was not able to place another lens on back order as a replacement  really was poor form. I will probably buy my lens through another organisation now as I am a bit gun shy of Amazon after sales support.The bottom line is it cost me $33.00AUD not to buy the lensRegardsRob Teasdale.P.S. I will be convinced otherwise.""
"20100605","5.0","Excellent lens for the Olympus E-410!","This lens is bit heavy, but that increases the stability of the camera.  It is very simple to connect and to use.  I enjoy the autofocus which can be changed to manual focus.  The pictures are clear, with high resolution.  Certainly I reccommend it as a best buy.I do not know why it was not sent directly to Puerto Rico for it is the same USPS as to any of the states.  I had it sent to my daughter in NC and then she forwarded it to PR via USPS.""
"20100507","4.0","Olympus Zuiko 70-300mm","Absolutely love this lens.Received it from vendor very quickly.Thank's""
"20100325","5.0","Great Lens","Love this lens....it works great on my Olympus camera for hard to get, far away, shots.""
"20100306","5.0","Telescopic Lens for Olympus","Gifted to my son who has an Olympus Digital SLR. He is very satisfied with the results and picture quality.""
"20100221","5.0","Great Product","Great Product, very sturdy, dropped mine on pavement and still works fine. Picture quality is great as well. The only down side is the relatively slow focus, so i don't recommend it for action shots.""
"20100215","5.0","Great lens for a low price!","This is my 3rd lense for my E-620 and I love it!  It is quite bulky compared to the 40-150mm, however compact when compared with APS-C lenses.  Great buy!  Now I just need the EC-20...""
"20100208","4.0","Excellent lens","This is an excellent lens. Relatively easy to switch among other lenses when taking photos. Picture quality is good, reliabilty appears good - I've used perdiodically for only 3 months. Excellent service from Amazon too.""
"20100204","5.0","Great superzoom on a budget","This was a bargain purchase (compared to other Olympus lenses) but this lens's quality surprises me.  Don't expect much in low light - it is a slow lens, after all - but if you can hold it steady and give it a good focus target, this lens will deliver.  I find it considerably sharper than the 40-150mm kit lens under all conditions.  Caveats:  The time required to autofocus can be quite long, even with a good focusing target (owing to the long distance the elements move through the focus range - about two inches).  The lens hood rotates the focusing element when you try to remove or attach it.  While the lens is considerably easier to manually focus than the kit lenses, the focus ring has no stops or markings, which considerably complicates the job.  Bottom line:  If you want really long reach and top-quality images, but can't afford the pro-quality Olympus glass, get this lens, learn its quirks, and enjoy!""
"20100130","5.0","Lens in top-class","I decided to buy this lens after some consideration. Though short time of use I already love it!Easy to use,good quality for the money and pictures to accept when using it as a non-professionalphotographer. Lot of fun!And to Amazon.com: I am very impressed by the speed of transport:ordering the issue sunday late in theevening,issue received wednesday afternoon,that's approxymately 50 hours to deliver from Phoenix,USA toDenmark,Europe! Respect to that!Henning Larsen,Denmark""
"20100121","1.0","Not compatible with Olympus E-300 camera","Its a beautiful lens. To bad it would not work on an Olympus E-300 camera. It locked it up and you had to remove battery to reset the camera body. And yes, the camera does use the Olympus Four Thirds system. I gave it no stars simply because I didnt get to use it.On a brighter note...Amazon's return policy is one of the best I have found. When the original lens didnt work, I requested a replacement. UPS picked up the return package with a prepaid label sent by Amazon with the UPS driver. They then mailed the replacement lens BEFORE they received the 'defective' lens. We shall see how it goes now that I have requested a refund.""
"20100118","5.0","One well built lens!","Bought this lens to go on my Olympus E-420, so this lens dwarfs the camera body. This actually works very well as the E-420 is so small & light, It's like I am shooting with the lens only! I have extensive experience with Film SLR's but this is my first digital SLR. The lens seems exceptionally well made, and the feel is solid. So far the results of the lens use have been fantastic in bright light, especially shooting sports action (mostly nordic skiing). In this setting the clarity has been exceptional and the lens has focussed quickly and accurately.So far this lens has exceeded my expectations of a $250 lens. I'd say that if you can get this lens for $300 or less it is a steal!""
"20100108","4.0","Best bargain telephoto period.","This lens is small (relative to other super telephotos) and cheap.  It's very good from 70-215mm, after that quality isn't PERFECT, but considering the price and size, you have to lose a bit somewhere!I would only buy this for a camera with IS (NOT the e4xx series), it's not that fast so you need a lot of light, a tripod and/or IS to compensate.If you can't afford the 50-200mm or don't want to invest that much money in a telephoto lens you might not use often, this is the lens for you!""
"20091223","4.0","Not bad for the money!","As others have written, this is a great lens for the money. It does take a bit to focus, which works best in MF mode, but other then that, it zooms very well and captures awesome pictures when focused well. Good buy for the money if you cannot step up to the next level lenses in the 1000 dollar range and up!""
"20091216","5.0","Great for the price","I got this lens at amazon for less than $260, free shipping. It's a great lens with excelent quality.""
"20091209","4.0","Product OK , shiping OK","Nothing to add....product exactly what I was expecting, and the shiping very fast(4 days to Madrid) and realy cheap comparing to others, I payed no other import taxes....realy OK purchase...good luck...""
"20091202","5.0","Zuiko long telephoto lens","This is an excellent lens if you're looking for a long telephoto lens for you Olympus camera. You just have to remember that any long lens has to be used with a higher shutter speed or steadied on a tripod to get the sharpest images. [...].""
"20091114","5.0","Impressed","I have an e-510 and have been just using the kit lenses for the past year and had this one saved in my amazon cart for about that long. Glad I waited as with the rebate now in effect on the 70-300mm lens the price was just too hard to resist and having watched its price remain a steady 80 dollars or so above what it is now for the past year I would recommed others who are on the fence to get it now.I was impressed by the build and heft of this lens. Better then the kit lenses by far. Really gives my e-510 reach now. I also have a Canon T1i (I wanted the video function) and the 55-250mm lens for that. The build on the Olympus is much better. (I do like the canon as well though, just a noticeable build quality difference in the two lens) The pics with this lens are very good, although at 300mm in anything less the full light I can tell the IS system is at its limits and some shots will be spot on and others just a bit off do to my inablity to steady handhold at that range. I would highly recommend this lens to Oly users as you are getting a very nicely built lens with a lot of reach for a very good price.""
"20091020","5.0","very pleased","I am very pleased with the durability of this lens and the excellent photos it delivers.  I've photographed various events ranging from soccer games in the rain to musical concerts in a dimly lit hall to bright fall landscapes, and all of my photos come out sharp.  The lens is a great asset to any Olympus SLR.""
"20090921","5.0","Great","Just what the doctor ordered. Took it to Yellowstone for its first workout, am VERY pleased with the versitility and results.""
"20090915","5.0","You can't expect more from a long lens without paying 3X more!","I have owned this lens for about one month.  During this time I have used it daily to test it's capabilities as a long focal length lens, as a macro lens, and as a portrait lens.  After learning it's limitations I am nothing but pleased with the results that I achieve with this lens.  Just be aware:* You should be experienced at shooting with long lenses.* You cannot expect good results in poorly lit environments.* You cannot shoot fast moving targets at long focal distances without difficulty.* You will normally have a higher percentage of blurry shots than with shorter lens.* The auto focus will start to hunt if you don't place the sensor spot directly on the subject.* The focus speed is not as fast as with shorter lenses with a larger apertures.I would recommend this lens to experienced photographers or novices that are willing to take the time to learn how to use it.  It is a real bargain (usually priced below $350.00) and it will perform like lenses costing up to three times as much.  Happy shooting!""
"20090910","5.0","Worth every penny","I have had this lens for a month now, and couldn't be happier.  My daughter is a senior and use this lens photographing her soccer games.  It is sharp and clear, focuses great, and has great reach.  It is a wonderful Four-Thirds lens.""
"20090828","5.0","A good long lens","My first impression of this lens was its size and weight; it is big. At about 1.4 lbs it outweighs my E510 camera body and at 3.5' wide and almost 6' long with a filter it takes a lot of room in the camera bag. There is only one reason to get this lens and that is for its extended zoom range, about twice that of the 40 - 150 mm kit lens. In 35 mm equivalents this lens zooms from 140 - 600 mm. It is an ideal lens for outdoor wildlife photography. However, like all 'long' lenses this is a large and heavy piece of equipment and is difficult to tote on hikes. Also, like all 'long' lenses, this lens requires more thought when using than shorter lenses. Whereas image stabilization helps to minimize blurring as a result of shake, it is still best to set the camera on shutter priority and dial in a speed of at least 1/500th of a second. Then adjust the ISO and aperture as appropriate. It is better to have some noise from a high ISO or softness from a wide open aperture then have to deal with blur from shake. My E510 seems to be aware when this long lens is used and increases the speed a little, but not nearly enough to compensate for the length of the lens.I've only taken about 100 pictures with the lens and so far I have been very please with the results. As expected, it is very good at distance shots. What I hadn't expected is that it is also good at close-ups from a distance. I took a picture of a large bee on a flower from about 7' away and the flower and pattern on the bee's wings were crystal clear. The depth of field, as expected, was very narrow. As several other reviewers have pointed out this is not a very fast lens. It rapidly stops down from f4 to f5.6 when you zoom. Hence, my comment that the lens is best used for outdoor photography, especially in full sunlight where f5.6 is not a problem. Given the limitations noted above, I strongly recommend this lens. However, if you are a novice, to get the best results, be prepared to use settings other than AUTO and to learn something about the camera. If you are a hiker and want the capability of a long lens I would seriously consider a superzoom camera (they are about the same price as this lens). The quality may not be as good, but they are much easier to lug around.""
"20090804","5.0","Olympus Zuilo 70-300mm Lens","I took this lens to Park City, UT and while I was at the Olympic Park, an international ski jump competition was going on. I used this lens to get nice close-ups of the skiers during thier jumps. Great clarity and range with this lens and I made out with some pretty cool pics of the skiers mid-flight. Great lens for any novice or intermediary photographer.""
"20090804","5.0","Produces great results for me.","I have had this lens for about 6 months to use with my Olympus e-510, and have really put it through its paces.  I have had no problems with its operation, and it has consistently produced quality results for me. I have nothing but praise for it.""
"20090713","5.0","A lens all Olympus owners should have","I had been eying this lens for quite some time.  One of the biggest advantages of the 4/3rds system is on the telephoto side.  The only problem I have with this lens is I waited so long to buy it!  It is a truly exceptional lens.  I was very impressed with the range and image quality I got.  I have been using this lens with my E-30 now for over a month.  It is very light and though a little slow at F/4.0-5.6, I have had no problems with it out doors even in the early morning or late evenings.If you are on the fence about this lens, get off it and buy it!""
"20090712","3.0","Good lens, not as sharp as hoped for","I've been using this new lens for a couple of months now. It's been hit and miss as far as clear, focused images, mostly miss. I'm using an Olympus E-510. When the exposure and lighting and distance are just right I've gotten a few decent pics. None were as sharp or detailed as I had hoped, based on earlier reviews and samples. So with just the right conditions and just the right camera settings and a little luck, you may get some decent shots. However, too frequently this amateur has been getting frustrated. For the price though, it's probably worth the time to practice.""
"20090710","5.0","Great for Getting Started w/ Wildlife Photography!","I've been using this lens for about two months now, and I must say, this thing is great for wildlife.  I don't have a ton of money to spend on the better lenses, but this entry level lens is cost friendly and gets the job done.  I have snapped some great photos from a distance and allows me to identify exactly what I'm photographing.  I'm no wildlife expert, but when my photos are as clear as they are, I can simply look-up and compare photos from books on what species I have seen.If you are shooting by hand with this lens, make sure there is enough sunlight, otherwise the photos may be soft.  If you are shooting in low-light situations, I would recommend at least a monopod.""
"20090706","5.0","Nice Lens","This lens delivers on what it promises.  A wide zoom range and gets very close to far away objects.  The shipment was right on time, as scheduled, and the price couldn't be beat.  The only caution, use a mono or tri-pod to get really clear shots.  Because of the tight zoom and limited aperture, it picks up the slightest movement when holding the camera in your hands.""
"20090704","5.0","A worthy lens","I purchased this lens four months ago for my E-520 for moon shots at the first, then wound up using it for much more, particularly nature photography. This lens is capable of amazing photos of the moon, to the point where you can crop out the edges until the moon fills most of the image and is still tack-sharp (using a remote control or anti-shock release and tripod).When I began using it for nature photography--birds especially--it was a mixed blessing. The fact that birds are generally to be found in the shade of trees makes the f/5.6 at 300mm slow at finding a focus, and sometimes you have to nudge the manual focus into the right area for the auto to get the idea, but once you hit that sweet spot, it's golden. Another downside is the lack of depth of field in mediocre lighting: two birds, with one behind the other, will not both come into focus unless you have enough good lighting so as to be able to open the aperture. But I'm not knocking too hard it for that; that one bird you get is in incredibly detailed focus. Some may lament the slow focusing for each individual shot, but the way to get around this is to set the camera on quick-shot so it takes a succession of photos so long as you hold down the shutter button, like frames in a movie. THIS can lead to amazing shots, for it can capture the birds in poses you never would have had time to catch when pressing the shutter each time. Some of my best bird shots have been at 300mm while using this feature, usually on either Aperture or Sports mode.Also, birds which reside around one's house which one has been feeding for a long time become incredibly adapted to people. Since December (when I was using a  40-150mm) I've been able to move from the open window to the porch and on out into the yard closer and closer to the feeders. This is wonderful news for the 300mm, for the birds very nearly fill the frame or are easily cropped to do so, providing wonderful detail.It's a good idea to use this lens on a tripod which has a mount you can swing around. The one I use has a twisting handle which moves the mount up and down and has a screw which tightens side-to-side motion. Keeping that screw loose and using the handle to swing the camera around while the right hand remains on the shutter button will give a quick aim and steady support. If you're in a place where you can't use a tripod, bracing it against something, such as a tree, helps tremendously.All in all, I give this lens 5 stars for its excellent performance in all I wish it to accomplish. The few negatives, such as not working well hand-held and needing good lighting for the best DOP are trifling against all the positives I outlined above. If you are an amateur looking for a good telephoto without breaking the bank, you will be very happy with it.""
"20090625","5.0","Great lens, good depth, low loss..","I have one of the original e410's from Olympus and was happy to get this lens as I do a lot of nature pictures as well as performance pictures for a local dance group.  For external shots, it's great.  Inside, there are usually issues with light loss as you zoom in, but there was very little with this lens, especially with the FL-50 flash.  It is a little cumbersome on the e410's smaller body, but using a monopod helps tremendously.  A great 'reach out and touch' lens.""
"20090611","4.0","Satisfactory budget telephoto","I've had this lens for a couple of weeks now, shooting with it on an E-420. My primary concern before buying were reviews citing slower and wandering AF as light becomes low. These are generally true, but it should be said that the only conditions I've encountered trouble with so far are indoors and at night, which is not a major knock against this lens. The AF is a little noisy but not intrusively so, and while the external focus tube precludes the use of a polarizer because it rotates during focusing, I understand the need for this kind of design in this price range. Optics are good enough that a sensor like the E-420's can't faithfully capture visible flaws in image quality. Capable of surprisingly delicious bokeh. Build quality is just fine and zoom action is smooth, AF/MF switch is nice. If you're on your first DSLR and need a first telephoto with a lot of focal length range, this is your top choice in the 4/3 system.""
"20090604","4.0","Long Lens","I love this lens. Yes, it has limitations. The only really annoying one it the occasional focusing issues. The worst case, is if you focus on something say 5 feet away, and then try to go to a near infinity shot. At least with my copy. None the less I have several stunning shots iv taken with this. Including a Great Blue Heron.""
"20090524","5.0","Very impressive lens, very well made","The ZD 70-300mm lens isn't the best long telephoto lens you can buy, it's the absoluete best one you can get for $350!This lens is incredibly well made, with a very solid feel and a nice fit and finish. It is made in Japan, and has a metal lens mount. This looks and feels like a lens that Nikon or Canon will sell you for $750.While it is a fairly heavy and substantial lens, it is downright petite when compared to other 140-600mm equivalent zoom lenses.You will be very impressed with the macro ability of this lens. It will deliver nice isolation and nicely blurred backgrounds. This lens is also excellent for wildlife photography, and the limitation of a slower lens speed isn't a real problem when shooting in good light. Which is what you usually have when shooting wildlife.This same lens with a f/2.8 maximum aperature would cost six times more, be four inches longer and weight twice as much, so I think f/4.0 was a good choice by the designers. This lens is an excellent compromise for folks on a budget.It will have some problems hunting for focus occassionally, but that is to be expected from lenses in this price range and aperature. Overall, I'm glad I got this lens because it really expands my reach as a photographer. I highly recommend this lens to anyone who wants a moderately priced long zoom lens for their 4/3 camera.""
"20090523","5.0","A great addition to my camera bag.","I had waited to purchase the Olympus Zuiko 70-300 until I had upgraded to the E520 with image stabilzation.  The combination of the two delivered some very pleasing results.  Like the other reviews I have found the lens has difficulty focusing in low light.  I have learned to set the camera to one focus point when working with this it.If you are into wildlife photos or even people and don't have a fortune to spend on glass you can do plenty with this one.  It is a great addition to my bag.""
"20090522","5.0","Olympus best field lens","I think this is the best economical field lens Olympus/Zuiko has produced. I have taken hundreds of shots, and I have yet to find a problem. Yes I am happy with the lens, it has became my daily use lens  and on those few occasions I do switch lens,then I all ways switch back to this great quality lens. You should see the pictures it takes and with the addition of a 2X converter, wow! This is a good buy for any one that wants to reach out and capture the moment on pixels, and not spend thousands of dollars.""
"20090428","3.0","It depends upon what you'll use it for...","I've had this lens for a couple of months now and I can say that I'm pretty happy in some respects and not so happy in others.Over all it is a nice lens FOR THE PRICE. That is the crux of the matter. If you can't afford something better then this will do in a pinch. It's not a bad lens.However, If you are a birder then I don't think that you will be happy in the long run.Here's the thing. When people say that this lens is slow to focus they mean that often (though not always) it has to go through a long procedure of spiraling its barrel (external barrel) from one end to the other. It hunts and pecks its way until finally it finds a focus. That usually means that your beautiful shot of that cardinal is GONE!I'm often confused as to why sometimes it focuses quickly and other times it has to go through this frustrating procedure. I think that it comes down to this... when you see the perfect 'money shot' in front of you it purposely chooses this moment to mess with your head!One other thing that really bothers me is that, as I said, it has an external focus barrel. This means that if you use a polarizing filter you have to twist the filter AFTER EVERY TIME YOU FOCUS since the filter thread twists during focusing.Lastly, don't think that this is going to get you as close as you want for birding. No matter what, you will always wish that it was three times closer!Having said all that, for most other uses, including taking shots of your daughter on the soccer field, you will be relatively happy.Cheers!""
"20090413","5.0","Outstanding product : Olympus Zuiko 70-300mm","This is a reasonable priced zoom lens that is well worth the time and trouble to carry it around. I have had very good success using it with my Olympus E-520 camera. Crisp clear photos are the result of using this product.""
"20090413","5.0","Affordable birding lens","Along with E520's inbuilt images stabilization, this lens offers the most affordable birding, wildlife lens with a effective reach of images stabilizated 600mm (2x crop factor) well under a grand. This combo is very lightweight and hand-holdable making is very useful for hikes.Just make sure you have sufficient light, and keep ISO to 400-800 range so that shutter speed is at least 1/100 to avoid shake from handholding. IQ is very good from F6.3 to F9 and beyond. In low contrast situations this lens is slow in focusing, but this is expected at this price range with any lens having a maximum aperture of F5.6. Use only center point focus to improve focus acquisition.Colors are very nice with E520, unlike the bland output from Canon Rebel and EFS55-250 combo. Of my half-dozen Zuiko lenses, this has the highest VFM. With Canon, you might pay over a grant for the lens alone (ex. EF 100-400 IS). Nikon has nothing in this range.This lens puts 70-300m lenses from Canikons to shame as far (pun intended) reach and IQ is concerned.Highly recommended.""
"20090412","5.0","Great Lens","Works very well with the Olympus e-520Still discovering its full potential...will update in a few months""
"20090409","4.0","Telephoto Lense","So far, so good.  I used it in Florida without a tri-pod and most of the pictures came out great.  Toward dusk, it didn't work as well but on the whole I think I got some great pictures.  Looking forward to taking it to Alaska with me this summer.""
"20090404","5.0","Very good telephoto","Bought an Olympus 70-300mm lens last week from Amazon and put it through some tests on an E-510 yesterday and today.  I was careful to separate narrow depth-of-field telephoto characteristics from lens image resolution.  Auto-focus is quick (enough for landscapes) and accurate, though can be slow in low light. At infinity, shooting distant landscapes, the lens is very sharp corner to corner at F8 from 70mm up to around 220mm--beyond that, the corner resolution begins to soften (inspected at 100% enlargement).  By 300mm at F8 (when shooting images both near and far), the edge resolution is noticably demolished. Was relieved to find that stopping the lens down from F9 to F11 greatly increased image corner resolution at the longer end of the lens--especially 300mm at F11.The longer telephoto end of the lens is probably not quite as sharp as the wider to middle range, but overall, the lens can delivers sharp, even resolution across the whole image frame from 70mm to 300mm--though a tripod or monopod looks to be necessaty above 200mm (or there abouts) in low light, even with the E-510's anti-shake feature (and trying to keep ISO at 100). With pixel peeking, there is very little chromatic aberration to be found throughout the zoom range.  A harsher color fringe may crop up at high-contrast edges near the margin of images--but this is easily removed in Photoshop software.  Images show good color and contrast.  An excellent lens--and a keeper.""
"20090320","5.0","great lens","I ordered my lens from Amazon and got it on time and the order process was very easy. I am very pleased so far with this lens and recomend this lens. I put this lens on my Olympus 510 and it works great with it. The pictures are clear and crisp. Even on moving objects. Thanks Amazon.""
"20090318","5.0","Great BANG for the buck","I wanted a lens to replace the 40-150mm lens that came with my E-500 kit and stumbled upon this one. .....  And you know what? I bought it and have used it for a few weeks and I love it. For pictures that you zoom in close or when you use the macro I would highly recommend a tripod, but it still takes great pics off the shoulder. I am getting much better pictures of the birds that are coming to feeders than ever before. I have not put it through all of its paces but its will no doubt perform as well or better than I expect. I actually have not taken it off of my camera since I got it.CheersUpdate: Its been 4 months since I have had this lens and I am still loving it. Great value for the beginner. The lens works best in full sunlight but still gives great results in low light situations. You cant go wrong with the lens.""
"20090217","5.0","Zuiko 70-300mm","An excellent telephoto lens, and what a treat to have micro capabilities!  The pictures are crisp, and I am able to capture beautiful action shots of wild life.  I've had it for a year, and totally love it!It does get confused in a dark lighting situation (dawn or dusk), and it also gets confused while focusing.  The day is saved by clicking the manual button on the lens so I can focus what I want.Because it is a DSLR, the shooting speed is significantly reduced.  I found a way around that though.  I put it on one of the pre-sets...the man running icon, then lock in the manual focus on this lens.  Works like a charm.""
"20090216","5.0","Like It For The Little Things","I would echo previous reviewers in that the 70-300mm is another great bang-for-the-buck Zuiko lens.  Made in Japan, great quality considering the low price.  A suitable alternative if you're not ready to drop the hammer on the 50-200mm.IS, monopod, or tripod usually required at the long end.I find I really like this lens for shooting the little things.  Gets up close and personal like a macro from 2 meters away so you don't frighten your subject.No issues focusing on my E-30 or E-500.  Not lightning fast but good all-round performance in all but the dimmest light.""
"20090214","5.0","Perfect Adventure travel lens","This lens packs a huge zoom range into one lens.Its not high-speed with the max aperture being f4.0  but what it lacks in speed range it makes up for in zoom range.Very nice and sharp lens, its a good compliment to the Olympus kit lenses, light weight for adventure travel and globe trotting.""
"20090126","4.0","terry bennitt","then lens is great, super sharp clear pic even at twilight . that being said it has one seriuos flaw. when you need it for fast action focus it really really sucks . it is so slow it can hardley be used for nature pics  ie  birds flying , deer running anything fast except for people , people it can keep up with ! its the only downer but a major downer .""
"20090122","5.0","Wow","A great lens at a great price.  Delivered quickly and in good condition.  First photos  were of a crescent moon at night.  Shocked at how clear and sharp photos were.  Can't wait to get in the wilderness!  Its going to be a great summer!""
"20090118","5.0","Love it","What else can I say.  It's economical, easy to handhold, sharp, etc.  I have have had a bunch of fun with it.""
"20090117","1.0","it just stopped working!!","I have had this lens for 6 months, used it 3 times, and now the 4th time i tried to use it, only 6 months after receiving it, it wont work.""
"20090103","5.0","Great value","This is a big lens. Compared to the kit lenses, this is about twice the length and one third more girth, giving about 3x the overall heft of the kit lenses. You want to brandish this at your Nikon-toting friend and say 'No, mate, this is a lens' like Crocodile Dundee.The girth means that, mounted on an E510, when you put the camera down the camera rests partly on the lens. This makes the lens more prone to cosmetic scuffs unless you are very careful. Otherwise, though, it handles nicely on this camera. It may slightly overbalance an E410 body.It is not particularly fast, f/4.0, but this is a realistic speed at this price level. It is fast enough to use inside at high-ish ISO's and shorter zooms. It makes a nice portrait lens at 70mm, it seems to do a better job with shortening the depth-of-field compared to the 40-150.It does not have a tripod bracket on the lens, a sad economy. The upshot is that it does not work well with monopods or cheap tripods, because the high-frequency shakes generated from the tip of the heavy lens pogo-ing a cheap monopod leg appears to be outside the range that the in-camera IS (Image Stabilization) is programmed for. Fortunately, if you merely hand-hold, the IS works so well you'd think it was optimized for this lens.It is hard to criticize at this price. I picked mine up while Olympus were running a $100 off deal, this bringing the price down to what might be considered 'beer money'. Even at the normal price, it is a steal. However, a well-heeled four thirds enthusiast might bypass this and go straight for the 50-200, an item from the High Grade series, and heavily preferred by all the experts on the Olympus forums. A non-SWD 50-200 (if you can find one) is only a couple hundred dollars more. The 50-200 is a better useful range for most people, as the reach out to 300mm is not something that is often used unless you need a cheap wildlife lens.""
"20081229","4.0","First Class Lens","As with all Olympus products, the movements are silky smooth. Good autofocussing and a sharp image from edge to edge.""
"20081227","5.0","Just What I Needed","I had been reading about the Olympus 70-300mm for quite awhile. I am interested in wildlife, mainly birding right now and wanted something to bring me a little closer to my subjects. I was afraid to order this lens at first. I kept reading how it was horrible in low light and that there was a large learning curve to boot. Finally, I took the plunge and I am glad I did! From the moment I put it on my E520, I have gotten beautiful pictures, not only of the birds, but the moon too! I couldnt be happier! Dont be afraid to try this lens. It is alot of lens for a small price.""
"20081221","5.0","Love it! Love it!","I am very happy purchasing this Olympus Zuiko 70-300mm LensI feel bad that I am ignoring my other lenses.But, it is awesome!""
"20081220","5.0","great option for less money","This is an excellent lens that doesn't cost thoussnds of dollars. I have used it now for several weeks and it's easy to focus, has given me great pictures and gives me the zoom quality I wanted.""
