"20120609","1.0","Fell apart","Fell apart the first day I took it out.  The cord detached itself from the lens cap.  Don't waste your money.""
"20120524","5.0","Bower Pro Lens Cap Keeper for SLR Cameras","Very satisfied with the product, after losing and replacing many lens caps over the years this device is certainly a solution that keeps the lens cap with the camera.""
"20120424","1.0","Didn't last","I bought a couple of these cap leash before (not sure which brand) and they lasted.  This one however didn't last.  The double sided tape didn't hold and my cap fell off.""
"20120418","5.0","Great for the price","Fast shipping, works as it should. I needed it for the lens cap on my Sony NEX-3. It has sticky foam to adhere to the cap. So far it seems sturdy, but I'm not going to press my luck.""
"20120313","5.0","great accesary","It works great for me, become neccesity if you have lens cap, I bought 5 of them, one for each of my lens cap, plus extra.""
"20120113","5.0","Does what it says it does","WHY these don't ship automatically with a new lens is beyond me. It would cost Canon fourteen cents to include it with a brand new lens which would be a lovely bonus and would be impressive to customers. But anyway it's great. It does what it says it does and my adhesive is staying on just fine.""
"20111220","5.0","Bower Capkeeper","Before buying this product I had lost two lens caps in the last year off of my Nikon D40. I finally bought a 'capkeeper' and couldn't be happier with it. Nikon should include something like this with all of their cameras.Pros:* The adhesive is very strongNote: The capkeeper will not work effectively in the center of the lens cap due to the 'Nikon' branding. You will have to attach it off-center.""
"20111213","4.0","Good buy","The cap keeper works, simple as that.  Though its a tad small for larger DSLRs and lenses, it works fine on my Olympus E-420.""
"20111120","5.0","Capkeeper","I purchased the cap keeper for my grand daughter for her camera that she uses for her photography class. The lens cap was forever getting lost and the cap keeper solved that problem. I like it so much I bought 3 additional cap keepers for my self because lense caps are aggravating to keep up with.Now it just stays teathered to the lense for which the cap is intended.""
"20111031","5.0","awesome","that was very quick service and the item was as promised.... thanks so much. i'm really enjoying itthanks again""
"20081216","4.0","Good Product","Good Product. It does look strange, however it works as advertised. It barely fits around my Canon 17-85 IS lens.""
"20080922","4.0","great idea!","This is a great idea and I bought it because I don't always have pockets, and was forever placing my lens cap down and leaving it somewhere...then had to go and retrace my steps to find it.  I have enjoyed using it, but the sticky part wasn't as strong as I thought it should have been - because I've only had it for just over a month, and the sticky part came off from the lens cap...I pressed it back on, but I don't know how long it is going to last.  Maybe there is something that is better out there...because it is a great idea to keep up with that important lens cap!  Hope this helps you!""
"20080916","4.0","wish I had another one","I bought this on a whim, attached it on one of my lenses. Presto!! No more digging in my pockets for the lens cap! I have an SLR camera and more than one lens and get irritated when I switch to the other lens and have to go through the stow and hunt routine. Must purchase another!!""
"20080804","4.0","Lens Cap Keeper","One of 2 brands that I bought. Both do the job but for larger SLR lenses, it is a tight fit around the barrel but still usable. Recommended though especially if you don't want to lose your lens caps and risk exposing your large and very expensive lenses and filters like K&auml;semann until you get a replacement.""
"20080804","4.0","Lens Cap Keeper","One of 2 brands that I bought. Both do the job but for larger SLR lennses, it is a tight fit around the barrel but still usable. Recommended though especially if you don't want to lose your lens caps and risk exposing your large and very expensive lenses and filters like Kaesemann until you get a replacement.""
"20080804","4.0","Lens Cap Keeper","One of 2 brands that I bought. Both do the job but for larger SLR lennses, it is a tight fit around the barrel but still usable. Recommended though especially if you don't want to lose your lens caps and risk exposing your large and very expensive lenses and filters like Kaesemann until you get a replacement.""
"20080517","1.0","Poor Stick","I find the Bower CK501 a poor product.  It needs a stronger adhesive on the button.  I also think that the cord should be 2' longer.""
"20080414","5.0","Life Saver!","I wish I would have purchased this item when I first purchased my DiMage z20, but I didn't and I ended up buying a new one.  Now I have this on my new cap and will never lose it again!!!""
"20080222","4.0","Good shipping, Great product!! A++","This is a great cap keeper.  The lanyard is kind of short for my tastes but it still works well.  The shipping was great and the cap keeper works just fine.  A++""
"20080222","5.0","Lense Cap Rescue","Just what I was looking for...works like a charm and no more 'missing' lens caps!""
"20071119","5.0","job done well","I've been using these or their twins for almost 40 years. They do the job and there's not much higher accolades one can give for such as these.""
"20111008","2.0","Failed after a year","After a year of a very few usage of my lens, the part attached to the lens cap just broke apart. The glue is very good, so the paper glued to the lens cap still there, but the foam between the paper and the plastic circular thing just wearied out. Again, with a very few usage of my lens.""
"20110913","5.0","A great little gadget!","I have lost several lens caps for my Nikon 300 at 15.00 each.This little 'lens leash' keeps it dangling within easy reach, so far it has performed well, even when I rotate the camera.""
"20110907","4.0","fast shipping","Item was received very quickly and as described. The sticky part of the attachment did fall off my camera once already,so I would recommend using an extra bonding product to secure it.It was a good item for the price though.""
"20110901","4.0","As expected ..good for value, shorter than it looks","Good product to keep the lens cap. This item is not as long as it looks from the picture.It may be around 6-7 inches long; If you have bigger lens may not be of enuf length.The attachment of elastic to the cord is metal...I was expecting plastic. I have another of this but not from bower and it has plastic and is very well made and durable.""
"20110830","1.0","Junk!","The elastic broke the second I tried to attach it to my lens.  There is no place to stick the 'stick-on' button either.  I don't understand why this gets such good reviews.""
"20110824","3.0","decent bur broke down easily","I was looking for something to hold my lens cap and thought this would do the trick. It does but with a little pressure, the plastic came off the adhesive rubber. I put in a permanent glue and now it stays there. I could have given it five stars if it held perfectly though.""
"20110719","1.0","Horrible","It broke within an hour of using it. Basically it's a cheap foam pad glued on with some equally cheap glue onto the plastic. Even though it's really cheap, don't waste your money buying this.You are better of buying a spare lens cap! I wish I could give this thing -5 stars!""
"20110627","1.0","lens cap leash","The piece came off the adhesive on the lense the first time I put it in the camera case.  I have tried to reattach, but doubt that it will hold.  Disappointed""
"20110619","2.0","Lasted a couple months until I dropped my lens cap into a river","The product worked well for the first few weeks, until the adhesive wore off and it fell off. Fine, no big deal. I super glued the thing back onto the lens cap. Made the mistake to not superglue both sides. When taking photos over a river the adhesive decided to fail once again dropping my poor lens cap into the river. But really in the end you're paying less than three dollars for this thing. Expect a three dollar product.""
"20110508","4.0","Does the trick.","Loosing a lens cap sucks and thats what happened to me and the original ones are not cheap. Given the price of this cap keeper it does a good job in keeping the lens cap safe and attached to your camera at all times. Must buy for any camera.""
"20110222","5.0","Bower Lens Cap Holder","Bought 1 at first to make sure it was a decent product and after having it a while and using it outside I liked it enough and bought a 2nd one at the same total price and am happy with the second one as well.""
"20110204","4.0","i wish the string is longer","It is a good product.  I've used it for about two years now and it held the lens cap of my camera pretty well.  Before I got this capkeeper, I always get paranoid about the lens cap.  Now, I know that the cap is always secure.  I just wish the string that connects the lens cap to the strap is longer so that it doesn't have to feel like it's always pulling the lens cap off of the lens.""
"20110128","4.0","Does exactly what it says","I've only had this for a week or so but it is exactly as it describes.  I attached it to my Sony NEX-3 without any problems.  The band is elastic so it should fit around any barrel just fine.""
"20110115","1.0","Item did not arrive.","This item has still not arrived. The sender claims to have mailed it to me several times. I ordered it a month ago. Very disappointing.""
"20101129","5.0","nanj","Came as described. Works great. Serves the purpose I got it for very well. Glad I got it.I have had no problems with it.""
"20101031","5.0","Very functional","Price - very affordableQuality- highFunctionality- impressiveIt works as advertised. Would like to see it come included with the camera I bought but for the price its a must have.""
"20101022","5.0","Lens cap saver","I had to purchase a new lens cover for my camera after losing the original one while on vacation.  This tether is just what I need to prevent this in the future.""
"20101016","2.0","String is too weak","I read the reviews and I decided to purchase th Bower Capkeeper and just add some crazy glue.  i've only had the thing for about 2 weeks and today the elastic string broke.  poor quality and i'm sorely miffed.""
"20101015","5.0","Works for me","I hear a lot of whining here this won't hold.Mine holds fine and am I glad it does.I used to use one of these years ago, but when I got the new T2i, just never got around to sticking one on, until recently after I got tired of slipping the lens cap into a pocket and then looking everywhere for it. I did get pretty good at holding the lens cap in one hand while shooting, but hey, I figure, hey, why bother, and finally broke down to see if these things are still made.Still are, and this one gets her done.Seems to stick just fine.Maybe you might want to wash off all of that sludge from when you dropped the lens cap overboard before putting on this button, dude, or where your kid marked the lens cap up with crayon and peanut butter.Maybe then this will have a surface to stick to, you know what I mean?Me, I wiped off the lens cap very thoroughly, and then stuck on this button at about what we used to call six o'clock, if you recall, then slipped the elastic circle around the lens.Ok, so like, it would be nice to be able to see the precise lens setting on the zoom lens, which gets covered by the elastic band, but hey, I figured I would be looking through the eyepiece anyway, and not at the lens ring, to cut back to the best shot.Less is more.All around this is a great little item, essential to what we do, and gets the job done very well. Highly recommendable.Use it, or lose it, the lens cap that is. Better safe than sorry.Get one for all of your lenses!""
"20101011","5.0","Works just fine for me","I recently bought a Sony Alpha a380L DSLR kit that comes with an 18-55 mm lens and 75-300 mm lens. I seemed to have a knack for misplacing the lens caps, so this product proved the perfect solution to eliminating this problem. Now I know where my lens cap for each lens is at all times. I have read some negative reviews that I would like to address:1. The way this product works is by slipping the elastic end over the lens (generally at the base, though you can put it really anyplace you like that is comfortable for you) and then attaching the circular tip (which is about the size of a stereo headset earpiece) to the front of the lens cap using the adhesive on the tip. I have read many complaints that the adhesive does not last or is not strong enough. However, as a matter of practice I never trust a simple foam adhesive pad, and easily and quickly secured the tip to my lens cap by putting on a dab of Marine Goop, though Krazy Glue and other similar glues would work fine. It's just a matter of preference and what you have on hand. My connection is now nice and secure.2. On my telephoto lens, if I put the elastic at the base of the lens, then it is too short to attach the lens cap if the lens is fully extended to the 300 mm length. There are two solutions: Either close the lens to a shorter focal length before putting the lens cap back on, or else just put the elastic band someplace else besides the base of the lens, which is what I do. I definitely would not want the cord to be any longer because it works just fine the way it is.Before you purchase this product, realize that when you take pictures you are going to have a lens cap dangling from the camera. Personally I find it a bit annoying sometimes and will hold the lens cap in my left hand while taking a picture. I could do that without having purchased this product--except before I bought this product I not only misplaced the lens cap, but one time knocked it off in my house without even realizing it. So this product is essential for me.Bottom line: I paid less than three dollars for each of the two cap keepers that I bought with no shipping charge. It took me about two seconds to put the glue on the tips for an extra secure connection. The cap keepers work fine, and contrary to other reviews, I don't find the elastic cord to be flimsy or the cap keeper to be poorly constructed. I am very happy with my purchase.Update December 3, 2010: I just bought another two cap keepers to use on a Sony a390 DSLR and on another 75-300mm lens. I really like these. Once again I used a dab of Marine Goop to ensure a secure connection to the lens caps.""
"20100923","5.0","Great features","The edges of the molded plastic are smooth, it's seamless where the elastic enters the button.  The self stick adhesive pad appears to be very sticky when the protective cover is removed and should stay stuck for a long time.  When the cord is pulled it stretches nicely and returns to it's original length when let go.Overall,  appears to be a great product that I hope to enjoy for a long time.  This is much more superior then a shoe string and a piece of tape.  I'm very satisfied with my purchase.  LOLIt is what it says it is and good quality at a reasonable price.""
"20100810","3.0","Bower Capkeeper","This product didn't fit on my camera (Canon Powershot SX20 the way the instructions said to install it. I saw a photo from another reviewer and installed it that way and it appears to be working ok. Put the loop on your strap near the camera and superglue the small end to the lens cap. You need to superglue it because it will not hold with just the sticky that is on it.""
"20100803","5.0","what a luxury!","i know this is a such a small purchase and minor detail, but SO critical for me. i keep my digital camera in my purse and grab it out to snap photos several times per day. i generally DESPISE dealing with lens caps and losing them, but they are completely necessary with how much wear and tear i have on my camera. thanks to this little guy, i just pop the lens cap on and off without having to worry about it. i just let it drop and start snapping away. i haven't had any problems with this yet. the adhesive on the little round pad seems to be sticking fine (especially for how inexpensive this is), but i figure if it ever did come off down the line (from wear & tear), i can just add new adhesive to it. again...so far, so good!""
"20100715","2.0","ok but cheap","I thought this item was really a necessity for my SX10 is. However after using it for about two weeks consistently, it keeps coming off of my lens cap. Not the best quality unfortunately.""
"20100713","4.0","capkeeper","This was a gift so I cant comment on how well it works only to say that I see it is a great product and seems to be working fine for the person I gave it to. The delivery was quick and I had no problems with this buying experience""
"20100707","3.0","Only OK","Product was exactly as described.  I dont like that the little foam sticky pad comes off everytime I take my camera in or out of the case.  Glad I didn't pay too much for this item, I will definately not purchase these again though.""
"20100701","2.0","Great Idea.. Worthless adhesive.","I purchased this Bower lens Capkeeper for my new Canon camera. I received the product quickly from the seller. After 2 days of use, the adhesive holding the button to the cap released. Luckily, it happened while in my padded camera bag so I didn't lose my cap. The best reviews for this product mention that they added super glue to strengthen the bond. I could have super glued my cap to a piece of string and tied it to the camera strap to achieve the same result. Won't be purchasing anymore products from Bower.""
"20100701","1.0","Sure, it's cheap.. But that's all you get.","This is a cheap product and you get what you pay for. It wasn't on my lens cap for more than a week before the adhesive holding the cord to the piece on the cap had weakened and then detached. Now the little piece is attached to my cap, but with no actual purpose.It's cheap, but save your 2 bucks and put it toward a better product.""
"20100626","5.0","Gave my husband peace of mind","I bought this at my husband's insistence.As a woman I often find myself wearing clothes that have no pockets in which to keep my lens cap when I take it off my Nikon D60.  My husband was very worried that I would scratch my lens, but I wanted the freedom to take pictures without the hassle of finding a place for my lens cap everytime I took a picture.  The capkeeper works perfectly.  It fits on any lens I have and if it ever seems to be getting in the way dangling from my camera I can just attach it around my wrist like a bracelet.  I have put it through a lot of stress already and it has held up beautifully.""
"20100615","5.0","Works great!","I'm so glad I got this for my Canon Powershot SX20IS. It attached to my lens cap securely and now I don't have to worry about losing the cap.After reading reviews about the little button not sticking to other people's lens caps, I simply made sure to clean the cap first and wait a decent amount of time (overnight) to allow the button to adhere properly. The little button sticks so well that it stayed on even when my cat grabbed the tether hard enough to remove the lens cap from the camera.""
"20100521","5.0","very good","use superglue and you will never worry about it not sticking. I would have lose the cap 100 times if not for this item. Shame on Canon for not providing this lens cap keeper like in the old day.""
"20100328","5.0","worked perfectly with Canon Camera","After dropping the lens cap 3-4 times, I decided to buy this lens cap keeper. I have used it for 3-4 days and over a long hike, and until now, the cap keeper has done its job well!""
"20100222","4.0","this product works...","and since other reviewers were kind enough to mention that one must use a bit of extra glue when applying the saver button to the lens cap, all four I purchased have worked beautifully.  The only reason for not giving them a solid  stars is due to the fact that the product will not last as long as something made with better quality elastic and cord.  Otherwise it's quite good and does the job as expected.""
"20100214","3.0","The sticky thing keeps falling off!","The lens cap holder works great, but if you keep your camera inside a case, as I do, the cord and the small sticker that hold the lens cap can get stuck.  The small foam sticker on mine came off after about a week,  You can stick it back on, but it comes off when you take the camera out of the case.  Then again, these days, what do you expect for less than $5?""
"20100207","5.0","Are you till sticking your lens cap in your pocket??","Easy to use, peace of mind, one less thing to worry about not loosing. Now I can focus on my shooting than worrying about the cap, where I put it. This is my second one. With the hood or not works with both of my 18-135mm, 50mm lenses on Nikon D60.I have to tell youa very funny story. So I got this 50mm from a pro second hand on craigslist. I went to his place, he has all this equipment and I take out my camera and it has the 18-135 on it with the lens keeper. I am totally amazed with all he has and he goes crazy on my lens keeper and asked me where I got it!! there I was looking at all that he has he is all over my cheap lens keeper!! it was soo funny. It gave me the idea that he needed this:))""
"20100130","3.0","very handy","Very handy. The elastic cord does not force the cover from the lens.""
"20100127","5.0","So Simple . . . . Yet Perfect","This simple little gizmo is so inexpensive that I was somewhat concerned about quality.  I've been using it for about a month now with my new Canon Powershot SX20 IS and it works great!""
"20100121","5.0","Lens Cap","It works exactly as I had hoped. If it keeps me from losing my lens cap it is worth more than I paid.""
"20100118","3.0","Glue it!","The price is good but quality is lacking.This is very usable but make sure you 'GLUE' thoroughly'all parts' of the attachment to the lens cap.Fell off because I missed gluing everything. LuckilyI found it on the ground.""
"20100107","5.0","capkeeper","works great but the tape that comes with it SUX better off taking it off and use a good glue and glue it to the lens cap and your good to go""
"20091229","1.0","Didn't work--lense cap is missing now","I bought this item to attach it on a new Nikon lens capfor my Nikon D80. I was on a cruise vacation with land excursions and with in 3 days of using it, the stickiness had already unsealed on my lense cap and the new $19 lense cap was gone. I would not recommend this product at all.""
"20091219","2.0","Seemed like a good idea...","Well, all I can say is that it worked great, and seemed like a good idea so that I would not haveto be putting all my lens caps in my pockets and break them or loose them.It worked great (as it was supposed to) until on the 5th day, my lens cap fell into a river that Iwas standing on and I had to spend almost 10 minutes chasing it down :sIt seems that the glue it's just not that good and it stops working very soon...So, im back to putting my caps in my pockets :D""
"20091211","4.0","works as advertised","Not crazy about having a leash, but after losing the cap several times, I don't see how I can get by without one. Putting it in a pocket, or in the case, perhaps, but invariable it is misplaced anyway. As a previous buyer suggested, krazy glue definitely helps. BTW, I bought mine from Amazon marketplace A+R photo for one dollar and forty nine cents, no tax (despite being mailed from Brooklyn) and free shipping - can't beat that! Of course, it came in a regular white envelope without padding but in fine shape.""
"20091127","5.0","Bower CK501 Lens Cap Keeper","This was just what I was looking for .  Best Buy did not even know what I was talikng about :)So off to Amazon. They went right to what I needed. this cover is working work so good.The price for 2 of then was great.  Under $10.  Now I will not lose my lens caps :)""
"20091116","1.0","It broke after 3 photo outings","I treat my camera and equipment with respect and gentleness.  This little gadget sounded like a great solution for not losing a lens cap, and while it lasted it worked as described.  However, after only 3 photo outings, the string broke off the doohickey that sticks onto the lens cap.  I was glad I could get the doohickey off without damaging the lens cap.A wonderful concept, but poor quality.Guess you get what you pay for!""
"20091103","4.0","Well worth the price","I bought this for my Canon Powershot SX10 IS and I'm sure without it I would have lost the lens cap by now.  I haven't had any trouble with it, it works great!""
"20091020","5.0","Great for not loosing your camera lens cover!","I have previously ordered one of these items, and needed more as I purchased additional lens for my camera outfit.  I wouldn't  be without this so I no longer have to 'keep track' of my lens caps when i take a photo.  The item was delivered only a few days after the order was sent-and was in great shape""
"20091017","5.0","Get one for every lens!","I have one of these for each of my lens.  My old Kodak camera came with one of these so I was not use to keeping track of the lens cap.  What a pain! When I got my rebel I was very disapointed and I was always misplacing my lens cap.  For very little money this took care of the problem!""
"20091017","5.0","Lens Cap Must Have","After purchasing my Canon Rebel I realized that unlike my previous Canon the Rebel did not have a lens cap string.  You have to remove the lens cap and place it somewhere.  With this product you can remove it and let it hang.  Its simply wonderful.""
"20091011","5.0","Love this!","I have already lost one lens cap and i hate taking it off the lens and when it's time to put it back on i have no idea where i put it. this helps me sooo much!""
"20090924","4.0","Great idea and useful!","The lens cap holder does its job. It secures the lens cap to the camera. I have the Canon SX10 and lost my lens cap. When I purchased the replacement lens cap for $10 I also ordered this item. Upon reading some reviews, I decided to add a drop of krazy glue before applying the product to the new lens cap. It is definitely on the cap securely. Works for me!""
"20090924","3.0","Keeper falls off zoom lens","The lens cap keeper is 'attached' to the lens via an elastic band. The problem is that when the lens is retracted, there is little room for the band and it easily falls off the lens.However, for the price you cant complain too much.""
"20090923","2.0","The non-sticky cap","the sticky part is no longer sticky after it came of a few times , I don't use it any more""
"20090922","5.0","Lens cap keeper","If you buy the Cannon SX10 this is a must have - the lens is not attached to the camera so this lens keeper is just the right solution - works perfectly.""
"20090912","5.0","lens cap is a keeper!","What an awesome idea. It works perfectly! Now, that's the way we like it - uh huh!""
"20090912","1.0","Fell apart within minutes","I bought this item because my digital camera did not come with a lens keeper strap.  This item fell apart within minutes of putting it on my camera.  I would not buy this item, nor recommend it to anyone.""
"20090909","1.0","Piece of crap","I spent more for the shipping on this item than the item itself (because it is a drop-ship item and did not qualify for free shipping). I put it on the camera & then headed out to shoot some photos. Literally the first time I removed the lens-cap from my camera,the elastic band broke that secures it to the cap. I managed to tie the remaining cord to my camera strap, so I am still using it. But the sticky-dot often falls off of the cap & I find the lens cap on the ground. Save your money! I'm thinking I may be able to drill a small hole in the cap & tie a longer string through that to my strap...could work!""
"20090907","3.0","held up for about a month","I love using a lens cap leash, they've saved me tons of money in lens caps over the years.  This one, however, only held up for about a month before the plastic circle detached from its adhesive.  I'm just going to use some superglue to attach it again, but was a bit disappointed about that.""
"20090821","1.0","Waste of money, even if it's only $1.84","Don't waste your money on this poorly-made, cheap, Chinese piece of junk. As soon as I took it out of the package and handled it, the cord ripped. The cord is very flimsy and where it is clamped to the elastic band the sharp teeth from the clamp cut into the cord.This product will not hold up. The corny silver ring sticker also fell off within minutes, and the adhesive is very weak.Simply put, this is another cheap, mass-produced, foreign product that is a WASTE of money.Do yourself a favor and look for a better solution, I know I will. This a cheap product that shouldn't be on any high-end digital camera.""
"20090820","5.0","It's cheap and it works","I think the title sums it up.  So far my lens cap has been kept.""
"20090818","5.0","Does its job well!","I could not believe that my Canon SX10IS camera did not have a Cap Leash when I purchased it, so I ordered this little item.  I noted that some of the reviewers complained that the felt did not stick so I did as one suggested and put a dab of crazy glue on it, attached it to the cap, and it worked like a charm.  I love not putting the lens cover away and then trying to remember where it was -- Canon did not get this right -- if Fuji can attach a lens keeper, Canon could have too -- but this leash does the job and I am pleased.""
"20090809","5.0","Does a Great Job At a Very Reasonable Price","The lense cap on my Cannon SX10 is has no lanyard cord and is very easy to loose.  The Bower lense cap keeper saved the loss of the lense cap countless times.  It very quickly and simply adhears to the lense cap with the peel off sticky tape. Very simple to install. Great price and a very good product!""
"20090801","5.0","A simple inexpensive solution to a vexing problem","Why didn't Canon put some kind of tether on the lens cap. It is so easy to misplace. The Bower CK501 Lens Cap Keeper keeps the lens cap attached to the camera.""
"20090723","1.0","Broken in Minutes","This cap keeper arrived quickly, looked good, and broke almost immediately.  The elastic meant to hold the keeper around lens fell apart as soon as I tried to stretch it around my lens.""
"20090719","4.0","Good accessory for loose lens caps","I purchased this 'Bower HQACAPKPR' lens leash for my Canon SX10IS.  Would be nice if a 'leash' was included with any camera that has a detachable lens cover.  It does it's job and was inexpensive.  This tether is much cheaper than replacing the lens cap or scratching your camera lens while waiting for a replacement cover. Like others shared, the adhesive failed.  An easy remedy with a dash of 'Super Glue'.  Not many people carry 'Super Glue', so I suggest a drop of glue when first attached.  Seems when I use a point & shoot, I look for simplicity and wish not to be troubled by concerns for the lens cap.  I've had this Bower lens tether for over a year and I haven't had to replace my lens cap.  I give it four instead of five stars per the adhesive problem.I also own a DSLR Canon with multiple lens & rather than using this or a similar tether on my multiple caps, I guess my mind adjusts and I place these lens caps in my pocket as I did with my old SLR's lens caps.""
"20090604","5.0","PowerShot SX10is Must Have","A few months ago I was in the market for my very first digital camera (my cell phones have always provided enough quality for what I wanted) and ended up with the Canon PowerShot SX10is MegaZoom Point-and-Shoot camera. As previously reviewed, the lens-cap is a poor fit and I hardly ever get it on snug the first try.Luckily I purchased this Bower CK501 when I ordered the camera off of Amazon and installed it right when I took it out of the box. Since this was my first digital camera I had no clue what to do with the Cap Keeper and realized it came with no instructions.Don't worry! If you're having a hard time simply slide the elastic band over the lens and attach the double-stick tape pad to the outside of your lens cap & voilla.Although I am a rookie photographer, I can't tell you how many times this product saved my lens cap (especially with the poor design of the PowerShot SX10is). Definitely recommend this to all owners of the SX10is.""
"20090603","5.0","Works Perfect for my Rebel XTi.","I bought this because I misplaced my lens cap and had to replace it. I'm not willing to pay for another lens cap, so I bought this to avoid losing it again!It works as described. I'd say the attachment string is a bit on the short side, so if you have a really long lens, this might not work very well.""
"20090518","5.0","Nice lens cap keeper, sticks pretty well, recommended for Nikon LC 52 Lens cap","This lens cap keeper is very handy, as it sticks pretty well to the Nikon LC 52 snap on front lens cap. I stuck it on the side to avoid covering the Nikon label, but it still works well. I gently tussled with it to see if it would come off, but it looks quite sturdy. For those with some doubt, use some super glue, but I want to try it first without super glue and see what happens.It fits snugly on the stock 18-55 lens of the Nikon D60, but if you have a larger lens, you may find it uncomfortable, too short or too tight a fit, so you may need to get a longer one. This one is sbout 4 inches in length, and might stretch another 2, but that's about it.It is a must have for someone with a camera with a lens, as it saves you the mental aggravation of having to look for the misplaced cap, or the financial agony of having to replace it!""
"20090518","5.0","greatest accessory!","These little cap keepers are the best accessory I have.  They fit any lens, any cap.  Get them for all your lenses - you'll never lose another lens cap again!""
"20090406","5.0","Great Lens Cap Keeper","Great product--works just as promised. Several had reported that sticky dot didn't work well. So far we have not had any problems with that. However if/when we do, we'll just use a drop of Super Glue.""
"20090327","1.0","Worthless","I recently lost a lens cap and wanted something to make sure it didn't happen again, so I bought this product. The cord is too short to reach on my longer lens (a 70-300mm Canon), though it fits the stock 18-55mm lens OK. But it doesn't really matter as the adhesive is so weak that it just fell off after a few days of use. This product was horrible. Do not buy it!""
"20090309","5.0","Gets the job done","Gets the job done. The adhesive is strong enough. Excellent value for price. I have been using it for three months. The cord length is just right for me, but this is subjective.If the adhesive ever failed...I'll just use superglue""
"20090222","4.0","Highly recommended","I lost caps constantly before I found these. They help me keep my lens covered and clean during shoots and I rarely find they obscure my shot.""
"20090222","5.0","Best thing ever!","PERFECT CAMERA ACCESSORY!! Very essential on your photography journey. There's been SOOO many times where I take off my lens cap and misplace it. With this lens cap keeper, you'll never have to worry about losing your cap or better yet, scratching your lens again :)""
"20090219","1.0","Bower Lens Cap Keepers","We bought 2 Bower Lens Cap Keepers just before a recent 5 week trip. We have just returned and neither of the cap keepers are still intact. Very disappointing!""
"20090218","5.0","It works","This is a reasonably priced lens cap keeper. It comes with a dot of double-sided sticker-foam to stick on the lens cap. It is meant to be there permanently, which was fine with me. Out in the field the stick never lost its hold on my lens cap. If you're looking for a bit more security or peace-of-mind you might want to use some super-glue.""
"20090203","5.0","OK with Canon SX10IS","Purchased this because the Canon SX10IS does not include a tether for the lens cap. This tether is unobtrusive, functional, and fits in nicely with the SX10IS by strapping around the base of the fixed lens barrel. Didn't mind paying a couple of dollars for postage for a good product, and at under $5 including postage it's really not an issue.""
"20090129","1.0","Good price ...but postage & mailing defeats  'on-line' ordering","the cap keeper is OK..no problem so far.. I should not have ordered it 'on-line' ...Paid more for P&H.These are available in local photo stores at the same price. Check local stores before you order for it. you will save P&H.. The item as supplied is Ok for '3 stars'  but on the whole I giveonly '1 star'""
"20090104","5.0","Good Product","I have only had this product for a few days.  I like the shorter attachment string as it keeps the lens from hanging too low when in use.This really seems to do the trick.""
