"20120416","5.0","Great product","As a new DSLR camera user, this product has everything I needed. The lens pen is awesome! Def worth it!""
"20120415","5.0","Absolutely awesome!","This pen works fantastically!! I went to Florida and used my cannon rebel at the beach, so my lenses were start to look very dirty with sand and water spots. I was going to take them in and pay an outrageous price, but for $17, I said what the heck. after 5 days, I received a package in the mail. There were no instructions included, so I still have no idea how to use the cotton swabs. I mainly use the pen and the blower. I am very happy with my purchase.""
"20120413","3.0","Ok Cleaning Kit","This kit isn't the best quality, but some of the components work well.  I didn't really care for the wipes and lens cleaner, but air blower and brushes work well.  I haven't used the LensPEN much so I can't say too much about that.""
"20120229","5.0","Quite satisfied","Great tools. The lens pen is a must have for every photographer. The blower-bulb smells at first but functions well. Fast shipping. I had a problem with the cleaning tissue and cleaning cloth. The seller contacted me and adequately solved the problem.""
"20120210","5.0","This is a must when you go out with your camera","Great kit.  I bought it mostly because it has the lens pen, so the rest is a plus, including the blower.  These two items should be mandatory on every camera bag.""
"20120130","5.0","Very happy!","I'm so glad I found this product! My camera lenses look so good. The lenspen alone is just amazing. I know there are a lot of cheap knockoff lenspens around so I wanted to make sure I got the right one. Very happy with this.""
"20120115","4.0","Useful, practical Kit. Smelly blower-bulb.","A useful, practical Kit.However, the rubber material used in the blower-bulb emits an awful smell, which actually strongly clings to ones hands.Hopefully, with time, the smell would dissipate.""
"20111230","4.0","ALMOST PERFECT!!!! Pen ALONE is worth the price.","The Pen is AMASEING... it works so well and the nice thing about the kit is for the liquid spots on the lens that the pen couldn't get off (little rain drops or spit particles from the little kids ) the lens cleaning solution and the microfiber took it rite off after some polishing. also the seller was prompt with responding to emails and responded within 12 hours (i sent the email late at night and they responded in the morning) Also the package came earlier then the estimated delivery date. This is just an amazing deal!""
"20111109","3.0","I was disappointed when I received this product","I was disappointed when I received this product. It was old and smelly. The quality was ok-wise. Wasn't extremely great nor too cheap. Overall for the price to quality ratio is expected, but very unhappy that I received a old smelly one.""
"20111007","5.0","Item is great!","The lens-pen is really great. It really cleans the lens of my DSLR. Also, the other items are great. The price is cheap and they shipped it on time. :)5 stars!""
"20110607","5.0","A really nice cleaning kit","Boy, this kit has everything you need to keep your camera in tip top clean shape.  Great price for all the goodies.  Love it.""
"20110404","5.0","Good prduct, did what it was supposed to.","After having discovered that my DSLR sensor had some dust that the Ultrasonic cleaning couldnt get rid of, and trying a blast of compressed air-in-a-can, I ordered the lenspen+cleaning system.The lenspens by itself did a good job of cleaning the sensor, however left some larger pieces of fuzz behind. The air blower got rid of them, returning my sensor to a pristine, dust-free state. I havent used the rest of the product yet, but the stuff is in my bag ready to use.""
"20101209","4.0","Decent little kit","If you own any sort of optical instrument, you must buy a lens pen. It's worth the price of the package. The blower is also good quality, the rest is just o.k., the bag it comes with is junk. Overall very satisfied. Get a lens pen!""
"20101103","4.0","Good Products","I like the pen and the air blower very much.  They are very useful, especially the pen!  My lens was very dirty before I used the pen, and after cleaning it, it was almost like new.  The air blower was very useful for cleaning the loosen dirts in unreachable area. Not a big fan for the clean cloth though -- I also used the solution and the clean cloth to clean some spots on the lens, but the cloth left something on it.""
"20100815","4.0","It cleans","The pen is pretty handy, scrubs the guck off my lenses. The blower could be more powerful, but just get a rocket blower and you'll be set. Other than that if you're looking for just a basic little cleaning kit, this one suffices.""
"20100713","5.0","Great kit for an affordable price","All one needs to clean a camera or binocular lens.  Even has it's own carrying pouch to store it all in.  Satisfied customer.""
"20100415","5.0","great deal","this package is a great deal. i wanted only the lens pen, but since i bought it i used the rest of the things too. lens pen is very efficient. the liquid and the cloth are perfect for cleaning the screen of my ipod touch.""
"20100324","5.0","Excellent Value","Just wanted to say two things that were great about this product: 1)The Lenspen is authentic (there are some generic ones here on Amazon), and 2) the blower works GREAT. I had read a lot about having to get a Giottos Rocket Air, because nothing else will do the job. While I'm sure the Giottos is excellent, the blower included in this package works fantastically (very strong air stream, high quality bulb), and it's not the size of a large turkey drumstick! (I know there are different sizes of the Giottos blowers, but mostly what you find on Amazon is the large one, and it's HUGE) The rest of the equipment provided in this package is generic, but perfectly decent, but the combination of a real lenspen and a good blower are the two things that make this a great value.""
"20100105","5.0","Great","Just received my cleaning kit on time. Tried it out right now and it works great. Even has a little pouch to put everything in once you are through using it. Don't know how I can rate it below 5 stars since it does what its intended to do.""
"20091207","5.0","I love this cleanng kit","I don't use everything in it however, it is here if I decide to.  I mostly use the lenspen, lens tissue paper, q-tips, cloth and the air blower.It has a really nice carrying case.I carry it in my camera bag so that it is there after I use the camera.I really do like it, it works very well.""
"20091031","5.0","Perfect kit for the price","Wow. This kit made the difference for my dirty lenses. And the price is very good too.I have to say that it's worth to buy this kit just because of the pen. It is really soft and won't cause any damage to you lens if you correctly use it.5 stars! I recommend it""
"20091022","4.0","DSLR lens cleaning kit","The LensPen is the best part of this product.  I'm not that impressed with the cloth, but so far I really like the pen.  The brush seems to work well too.  I have yet to try the cleaning solution.""
"20091022","4.0","Pen is amazing!","Everything else I could do without, but I love the lens pen. I take it everywhere my camera goes at is useful. I picked this vendor as it had other stuff that came with it.. I should have just stuck with the pen. The other stuff I haven't touched at all as I have no use for it. The pen is freaking amazing.""
"20091013","4.0","great item","the Lens pen really works. The cleaning kit leaves a bit to be desired (I actually toss it and don't use it), however the blower does  come in handy :-)""
"20091008","5.0","Excellent cleaning kit for a great price.","Kit included everything I needed. Cloth is great and the lens pen work perfectly. No complaints!""
"20090805","4.0","Great cleaning kit for the money","PROS====1. The pen is FANTASTIC! Worth purchasing the whole kit just for the pen2. The cloth it comes with is fabulous! Soft, and cleans LCDs & lenses so well too!3. The cleaning solution really works well!! Especially on a Q-Tip!!4. Comes with a little bag to hold everythingCONS====1. Some of the stuff is slightly on the cheap side...but barely.Conclusion==========I don't regret purchasing this kit. The seller's service was great, the items that are in the kit are mostly of good-great quality.It has everything I need to clean my Canon 5D Mark II & L series lens' -- that's all I care about!!""
"20090529","3.0","Lens Kit","Pricing was great and delivery was prompt, but 1 item was not what I expected based on photos.""
"20090517","5.0","All-in-one","No need to purchase all of the items separately.  This is a complete cleaning kit.  Works great and makes keeping your cameras in top working order easy.""
"20090425","5.0","Great kit","The lens pen is a great tool that every photographer should have in their bag. Fast and painless way to get smudges and dust off of the lens. The bundled cleaning kit is actually pretty decent. The microfiber cloth is actually a microfiber cloth and doesn't leave behind lint like some other cheap ones. The blower is compact and fits well in my camera bag. Haven't used the lens cleaning fluid, tissues or swabs yet, but they appear to be of decent quality. Totally worth it for the price even if you never use the cleaning fluid""
"20090313","5.0","Camera lens cleaning kit review","A very good product. I used this cleaning kit for my Canon S3 IS camera along with the telescopic lens that I have.Cleans to sparkle... dust free..""
"20090305","5.0","Excellent Tools","I've used the blower and the LensPEN on my lenses so far and I have to say the LensPEN is amazing!  It works like a charm!""
"20080814","5.0","Perfect tool kit","Need to take care of your lenses?  This is the perfect all-in-one lens care kit.  I mostly love the LensPEN for its ease and portability.  Keep it in your pocket (with the cloth in case of water on the lens) while out shooting and you can clean just about anything.  Then take it home and use the rest of the kit to keep your lenses factory quality.""
"20080713","5.0","Magic","This thing is like magic for lenses. I mean you open the cap and just rub away anything. The little brush on the other end is great to. Firm enough to get in the cracks but soft enough not to scratch anything! A must have for any photo enthusiast.""
"20080612","5.0","Love this!","I love this cleaning set.  The pen is great for quick cleaning, like a little dust or salt water on the lens.  EVen the accidental finger print.  And the cleaning paper is great for further cleaning without lint.  I do find the felt cleaning cloth does leave lint behind.  I use it more for the outer parts of the camera and maybe sometimes the view finder on my nikon D60.  There were some extra items that were unnecessary and sit in my camera drawer for possible future use.  I do not need two brushes or pump blowers.  But I may someday.  We can always use extra, right?!?""
