"20120607","5.0","Customer Service Great","Turns out, they accidentally sent the wrong order.The were very apologetic and were willing to do whatever it took to make things right.Would recommend them again.""
"20120605","1.0","It's NOT a genuine Canon lens cap","This is not a genuine canon lens cap. So so quality and the letter 'Ultrasonic' is smaller than the genuine one.you can buy it less than $2.00 at ebay.com whit free shipping.""
"20120520","5.0","Canon lens cap","Thought I lost one of my lens caps and had to get another.  I found the lost one so this is just an extra which is probably a good thing to have on hand. Works perfect.  Cant tell from original.""
"20120416","5.0","Great lens and service","I was super happy to get this lens cap as quick and as inexpensive as I did. I would use these guys again without a doubt.""
"20120404","5.0","Muy buenas tapas","Me encanto este modelo, la forma de los seguros son mucho mas c&oacute;modos que los cl&aacute;sicos. Es mas facil colocar las tapas con este sistema, adem&aacute;s tienen agujero para colocar una piola de seguridad.""
"20120327","5.0","Lens Cap To The Rescue","I am really pleased with the way my Canon 77mm Lens Cap fits so well. Now I know that my lens is fully protected.""
"20111110","5.0","Great price for a legit Canon lens cap","The cap I received is definitely a true Canon lens cap, and not a fake/replica. I've purchased a fake cap before, and the quality is noticeably different. The Canon cap that I received is significantly heavier and thicker plastic, and the pinchers on the side are much stiffer.""
"20111109","5.0","Good lens cap replacement","I lost the lens cap for my Canon 24-15mm lens off the side of a boat while trying to shoot planes in an airshow. On the bright side, I got the shots. This replacement (which is, from what I can tell, a Canon product and not a knock-off) works great as a 77mm replacement. I've only had it for a few weeks, but haven't noticed any issues.""
"20111016","5.0","Great cap...","Hard to give it a rating less than 5 stars....it does what it advertises....it caps the lens.  Would never buy a substitute product when this one is available.""
"20110830","1.0","Not genuine canon product","Item shipped is not a genuine Canon lens cap but an imitation. If you want genuine canon lens cap opt to buy from Canon USA directly. It's a few bucks more, but you don't support counterfieting.""
"20110825","5.0","What Can I Say!","What can I say about a lens cover? It protects my 77mm wide-angle lens. It fits perfectly and looks just like the original one that came with the lens! I am very happy with it and I sure hope I don't lose it (again)! The price was very good and it was very promptly shipped and delivered.""
"20110613","1.0","Won't fit is you use a Hoya UV fillter","If you have a UV filter on your lens, as most of us do, this cap will not fit.  At least, on the Hoya 77mm UV filter.  If I take the filter off, it fits the lens but it is a real pain to have to take the filter off each time you want to put the lens cap on.""
"20110605","1.0","DONT BUY EBAY HAS THEM CHEAP","i looked on ebay and wowwwww you can get x3 for the price of this one.. dont make the mistake i did""
"20110425","5.0","Works as it should","I didn't want to take my chances with generics, so I paid a little more and bought it from seller who guaranteed it was authentic.  It works as it should.""
"20110421","5.0","It may be a little "shiny," but it's just as good","Can't beat it for the price, unless you really want an official lens cap.  says 'for canon' or something on the back, but works just as good as the actual cap. a good buy""
"20110303","2.0","Seller "iGet it FAST" sells non-OEM part","As other buyers are indicating, some sellers ship the non-OEM, knock-off version of this cap. Seller 'iGet it FAST' (Utley) is one of them. Do not buy from this seller.To quote another review 'The back of the cap says 'For' Canon, indicating that it was made by a 3rd party.The finish isn't quite as good as a true Canon cap. The plastic isn't shiny on the back side, and the chrome Canon logo doesn't have as nice of a chrome plating as my other 'real' Canon caps.Be sure and ask the seller if you're getting a true Canon cap before you trust this product, because you can get these knock-offs on flea bay for about 2 bucks.'""
"20110225","2.0","Beware: NOT OEM","As another reviewer has stated, the lens cap I received was not OEM. It fits like an OEM, but there are easily identifiable signs that say it isn't. The finish isn't as high quality as a true canon cap, and also the back says for Canon.  Nowhere on the packaging does it say Made in Japan like the product pictures show it.""
"20110124","5.0","All's well that ends well ...","I paid the premium price to get this cap because I wanted a genuine Canon product, but I received a generic. The back of the cap says 'For' Canon, indicating that it was made by a 3rd party. People are saying that this cap is better than  the generic brands, but this IS a generic knock-off, albeit a fairly good one.The finish isn't quite as good as a true Canon cap. The plastic isn't shiny on the back side, and the chrome Canon logo doesn't have as nice of a chrome plating as my other 'real' Canon caps.Be sure and ask the seller if you're getting a true Canon cap before you trust this product, because you can get these knock-offs on flea bay for about 2 bucks.Update: I received a second knock-off from a different seller, but was offered a replacement with a genuine Canon lens cap and now I'm completely satisfied with this product. Learn from my mistake - if you don't receive the genuine item be sure to complain and send it back (at no cost to you). Kudos to the seller for resolving the mistake quickly.""
"20110109","5.0","Just What It Was Supposed to Be","Dropped a lens cap in the river an needed an replacement, preferably OEM.  This is a Canon OEM lens cap, just as advertised.  As you'd expect, it works great.""
"20101121","5.0","Perfect OEM Replacement","I was unfortunate (i.e. stupid) enough to let my wonderful Canon lens drop out of my backpack onto a very hard surface.  The good news is that the original lens cap absorbed the fall and took the damage, instead of my lens.  I'm a whole lot happier spending less than $10 on a new lens cover than I am spending over $1,000 on a new lens!  This lens cover is made by and for Canon lenses and is a perfect replacement.  It fits like it should and functions like the original.""
"20100628","4.0","ok","I got this item to replace the one I lost there are no camera stores around here that carry them any more""
"20091026","5.0","Better","The Canon lens cap is better than the cheaper one, it stays on in rough handling of the camera.""
"20081024","5.0","blocks 100% of the light","the 77mm lens cap only works well on lenses with a 77mm diameterif the lens is bigger or smaller then light gets through and the cap falls off. worth every penny""
"20080427","4.0","Good choice","The cap fits great and this size is hard to find in the stores.  My only complaint is the shipping cost were about half as much as the cap which made it very expensive.""
"20080403","5.0","The best OEM Cover","I had a third party lens cap and I couldn't stand the way it fit.  Never went on easy or came off easy.  If you have a Canon lens get a Canon cover.""
"20080226","5.0","Lens cap","It works great!  I have different sized lens filter sizes and this was the perfect solution.  The price was very reasonable. Thank you.....""
"20070420","5.0","Snug fit.","It is pricy but it does fit like a glove.  Off-brand is much cheaper.""
"20060910","5.0","you gotta have protection","The Canon front snap on lens cap is included with the purchase of your EF lens. If you happen to lose the lens cap, you need a new one. This protects the front element or your UV filter from damage while your lens is not in use. To save some money, look for an off brand version. There are no special parts to this cap. However, don't risk damage to your lens that will end up costing more than a replacement cap.PROS:Protects your equipmentCONS:Expensive for a piece of plastic (but you gotta have protection.)""
