"20120509","4.0","Canon 52mm snap on lens cap","Does what it is advertised to do, nothing more nothing less. It snaps on easy, even with a uv filter in place, and comes off easy. It's a bit easy to misplace though.""
"20120316","5.0","Canon 52mm Lens cap","Canon 52mm lens cap fit perfectly adn securely on lens with 52mm filter size.  It attaches much more securely to the lens ring than my old third-party lens cap.  Beautiful Canon logo too.  Price is quite affordable as well.  Hightly recommended.""
"20120222","5.0","Enter the Snap-on Lens Cap","I am the proud owner of a Canon Powershot S1 IS, and it comes with the pop-off tethered grey lens cap. That thing annoys me to no end. First, it pops off. Lame. Second, it has a tether, which is forever getting in my way, no matter what I attach it to. It was time for a change: enter the E-52U Snap On Lens Cap.Now, this doesn't fit the S1 IS lens all by itself, which initially made my stomach feel like I had left it on top of the refrigerator and I had jumped down. However, you can remove the lens ring, attach the 52mm extension tube, and then snap this puppy right on the end. It stays in place, and there's no annoying tether to get in my way.This was just what I needed.""
"20111027","5.0","Bought for SX40","Bought for my SX40, fits perfect. Fits better than the original which may have fallen off and got lost. I'll probably buy another as a spare.""
"20111010","5.0","Exactly What You Expect","Not much to say here accept this is an OEM replacement lens cap that is exactly what you would expect to receive. Solid Canon quality, good Amazon price.""
"20110901","5.0","It works!","A bit on the expensive side, but it is a genuine Canon cap. I lost my original cap a decade ago, while at Yosemite Park, and bought a generic replacement. It was the right size but kept falling off at all times, especially with my camera in a bag, so it was not really protecting the lens.I finally lost the replacement a week ago, so I bought two of these, to be safe rather than sorry, but it is clear I really only needed one. It snaps on and it holds its position. If I lose this one, it will be because I will have misplaced it, not because I will have accidentally knocked it off the lens (or actually the UV filter screwed on the lens).Some would say all caps were created equal, but if so, this one is much more equal than the others. A perfect cap, well worth the extra cost!""
"20110826","4.0","Great","Does the job, a tether would be nice for the price of a piece of plastic.  Seriously it probably only cost 7 cents to make would a 3 cent tether kill ya Canon.""
"20101216","5.0","Perfect replacement","This is a perfect replacement cap for the one that I had misplaced... and found 2 months after I got the replacement.""
"20100531","1.0","Beware....","I bought this hoping it will replace my canon cap for my 18-55mm Canon Lens kit. But, the cap is so small so i am returning it.""
"20100131","5.0","Fits great","Fits my Canon SX10 very well, wish there was an attachment cord to the camera.""
"20091118","4.0","Canon strikes your pocket!","I always take an extra Cap in my bag for my lenses. Just in case you lose the one on the lens, it's not really worth damaging your lens, or probably even your filter. Some caps that come with filter sets are 'usable' on the canon lenses / protective filters, but often they just fit better when used with the filter they came with, so i tend to shy away from this approach experimentally. I would like to see a 3 or 4 way cap with that many tabs, so when you brush it, it doesn't just come off, but of course this might make it harder to take off than is desirable.Summary:+ Fits properly.- Cost (should be at most $4 MSRP).- No 'cap keeper' included.""
"20081010","5.0","Does the job!","What can I say?  It's a lens cap that does what it's supposed to do.  I lost the lens cap for one of my Canon lens' (feel overboard on a boat) and I ordered a replacement from Amazon.  It fit perfectly as I expected it would...""
"20070527","4.0","Great for it's purpose","I'm using this to cover a couple Tiffen filters and a Lensmate adapter I purchased for my S3 IS.  It works perfectly, just loses a star for the lack of a tether.""
"20060713","5.0","a cap is a cap is a cap","I can't help but give the lens cap 5 stars, what can I say, it fits, it covers the lens and keeps the dust out. The bad part about purchasing from this place was paying as much in postage as for the cap itself but it was hard to find elsewhere. I also could not have it delivered here on Fort Wainwright Alaska because I'm only allowed a PO Box so I had to have it shipped to my home in New York and then had them send it on to me-go figger.""
