"20090221","5.0","Canon's 18-200 image stabilized zoom","So far, I am pleased with the performance of this zoom.  After reading the reviews, I sold a 28-135 IS Canon zoom and an EX HSM Sigma 17-35 zoom.  I think the image stabilization is more sophisticated than in the older 28-135 because I have been able to avoid blur at slower shutter speeds.  My guess is that it buys one additional f_stop at equivalent conditions compared to the 28 - 135.  Its convenience cannot be over-emphasized.  It really is one size fits all for that range of focal lengths (effectively 29 mm to 320 mm for the 1.6 crop factor in the EOS 50D.  I have not compared it to an older Canon 100 to 300 L-series zoom at equivalent focal lengths.  But, I believe it will do just fine.""
"20090217","4.0","Decent walkaround","It is a decent walkaround lens and like with any lens with such a long range, it has its shortcomings at both ends. I always keep this lens on my camera, but when I am on a photographic trip I also carry my other lenses. But for most purposes, this lens should work for you...""
"20090213","5.0","Great upgrade to kit lens","This lens extends the range of the kit zoom lens.  Image stabilization is critical at long focal lengths without tripod.  EF-S limits bodies that can be used, and keep in mind that actual focal length needs to be corrected for small sensors like on the Rebel series DSLRs.""
"20090125","5.0","Good single-lens solution, better than Tamron 18-270","I am very pleased with this lens on my 50d.  Yes, it does have noticeable barrel distortion at the wide end (which decreases significantly by around 24mm) and chromatic aberration (purple fringing, noticeable on tree branches and wires against the sky) but not to a degree that overshadows the sharpness, quick accurate auto-focus and faithful color rendition that I get from this lens. I won't be giving up my 17-55 f/2.8 and 70-200 f/4 lenses, but for a single walk-around lens solution, I think this is tough to beat - better in all respects (except for giving up 70mm on the long end) to my Tamron 18-270.""
"20090125","5.0","An all around lens.","I have found this to be a very good choice for someone who wants a single lens to use in a wide variety of situations.""
"20090124","4.0","Very good all-around lens","I purchased this lens to go with a Canon Xsi body.  I was looking for an all around lens that would take good shots (see posted shots for this lens).  The micro-motor used for auto-focus does not annoy and is relatively quick, still didn't understand why Canon didn't use a USM motor with this lens.  Range of shots without changing lens is great and camera and lens fit in LowePro toploader Z1 bag.  I recommend this lens to others who don't want to carry around a bag of lens or wish they had the right one for the shot conditions.""
"20090121","5.0","very pleased!","nice upgrade from my 35-120mm. I have seen a significant difference in all my photos so far. Eventually will be upgrading to 200mm f2.8 and 400mm f2.8.""
"20090121","4.0","A good compromise lens","I did a lot of research on this lens before I purchased it. I bought it for my first SLR camera in many years. It works perfectly with my Canon xSi DLSR camera body. I did not want to be constantly changing out lenses (that is one of the reasons I moved away from an SLR) so I got this lens as a compromise. Some of the reviewers mentioned some distortions at the extreme ends of the lens focus but I can honestly say I have not seen that yet. But, then again I am a hobbyist not a professional photographer so maybe my eye is not as discerning as others.I was reluctant to get any lens that was less than 300mm but thanks to the 12.1mp on the Canon body I am able to crop and stretch the picture with no real loss of resolution. The stabilizer function on the lens seems to work great. All my pictures taken at the 200mm length are perfectly clear with no shake.I was a little concerned about the weight of the camera/lens combination.  But, I recently bought a Tamrac 5767 camera sling pack that works great with even this longer range lens.""
"20090119","5.0","Good choice","I am very happy with this lens. If you need one combined lens for traveling, this is a great choice. Pictures are excellent""
"20090114","5.0","Excellent lens","Being able to go from extreme wideangle to semi-extreme telephoto in one lens, during one through-the-camera viewing of a scene, allows me a degree of creative freedom I never had before.""
"20090106","5.0","An excellent Lens","This lens is excellent value for money. I have had it for 2 weeks now, it works extremely well with low lights and all in all i am very happy with it.""
"20090105","4.0","Almost a great lens, except the focus ring.","I got this lens along with an EOS 50D, and so far I'm thrilled with the quality of the photos. But I noticed right away that when using manual focus for botanical photos (a must), the focus ring feels loose and really difficult to use. I've since found the same complaint on a number of photography Web sites. As a work-around I focus as close as possible with the focus ring, then use the zoom ring to make fine adjustments. Otherwise, I agree with the other reviewers that this is a really great all-purpose lens, and I highly recommend it, but it does have this one frustrating flaw that hopefully Canon will fix in future models.""
"20081231","5.0","Great Lens!  Would buy Again","I started out with the Tamron 17-50mm F2.8 and the thing would just not focus correctly.  I went through two copies and still didn't get a good one.  Then I switched to the Canon 18-200 IS lens and am sure glad I did.  The comparison is apples to oranges because the lenses are different fundamentally so take it for what it is.  I do miss the fast f2.8 of the Tamron but for a carry around lens the 18-200 rules the roost IMO.  The focus is tack sharp 95% of the time.  I think at least 3% of that is due to the camera choosing an unintended focus point when I have it in 9 point focus mode.  If you are looking for a lens that will focus perfectly almost every time then this is a good choice (among other reasons).I'm very satisfied with this lens, the IS works as advertised.  Would not hesitate to recommend to anyone looking for a good all around carry lens.One note, if you are putting this on a Canon XSi or similar small body DSLR this lens weighs more than the body.  It is a heavy lens but I wouldn't consider that as a deterrent. Get the Canon battery grip to add more bulk and weight to the body and it evens out nicely.""
"20081223","5.0","Great Lens","When I received my Canon 18-200mm Lens I couldn't wait to try it out and I have to say that I'm very PLEASED.  I took a few shots in a shaded area with my flash off and the pictures came out GREAT.""
"20081220","5.0","excellent lens","Tired of switching L lenses. Tried this one and love it. Excellent travel lens. Works perfectly with my Canon 40D.""
"20081216","5.0","Perfect realtors lens","I purchased this lens for my real estate business because I needed a lens that would shoot wide angle interior photo's as well as exterior and aerial photo's of properties. The 18mm more than exceeded my needs as it delivers realistic dimension to rooms and the 200mm gets me in close on aerial shots from 5,000 to 8,000 feet elevation! I love it for my hobby shots as I do considerable wildlife shots as well! Lens is tight and with f/3.5 capability can shoot in near dark conditions! Great lens!""
"20081215","5.0","Excellent for sports","I use this lens for picturing my daughter ballroom dances.This lens is fast in low light. Very satisfied with the results.Cons: a little expensive.""
"20081212","5.0","Best Lense EVER!!!","I have a Rebel XTI and the original lense it came with was awful.  I got so many blurry pictures that it was no fun taking pictures anymore, until I took my daughter's advice and buy this lense.  Now I follow my grandson's football teams, basketball teams, and I even pop-in on some Volleyball games to take pictures of my friends' daughter playing.  Buy this lense.  It will make a world of difference in your picture taking.""
"20081203","1.0","Does not fit Canon 10D","I didn't realize this when I bought it but this lens does not fit the Canon 10D.  I don't understand why a company like Canon (and others) sell high end products and then make lens that don't fit!!""
"20081128","5.0","Great all around lense","I bought this lens with my new Canon XSi/450 instead of the kit lens. Since I wanted to travel light, this lens has done a great job. Having a wide angle, zoom, and IS in the same lens made it a great all around lens. I am using this lens for sports, kids and mostly indoor photography.""
"20081113","4.0","Comparing This Lens to the Sigma 18-200mm OS Lens","I've had the Sigma AF 18-200mm f/3.5-6.3 DC OS lens for several months and found it to give sharper images with my 40D than the Tamron 18-250mm (non-IS/OS) which it replaced.  Then along comes Canon with their own superzoom 'travel lens' so I bought one to see how it compares to the Sigma.  My tests show mixed results regarding image quality.  With both lenses wide open the Sigma wins at the wide end from 18-24mm, especially away from the center, while the Canon wins at the 135-200mm long end, also especially away from the center.  Further, the Sigma is f6.3 wide open at 200mm while the Canon is f5.6.  This is only a small difference, but it does give the Canon even more advantage at 200mm where shutter speed needs to be the highest.Both lenses auto-focus accurately (no front or back focus) although the Sigma is slower to lock focus in low light and is a little noisier in getting there.  Their IS/OS are equally effective at about 3 stops of compensation.  Build quality, size and weight are about the same and both use the same 72mm filter size.  Sigma includes a lens hood while Canon wants to sell you one.In summary, the Canon is slightly better for me due to the faster and quieter low-light focus and improved telephoto image quality.  The trade-off is poorer image quality than the Sigma for wide angle shots, even after stopping down.  Finally, the Canon lens costs about $200 more than the Sigma at this time.""
"20120109","5.0","Perfect on the go lens","I purchased this lens in advance of a week long trip to London and was extremely satisfied with the results.  As a whole I got great shots, and not having to swap out lenses to take shots at a variety of ranges meant I could carry less while we walked around, which made for a very enjoyable trip.  The lens is a bit on the heavy side, but not really a problem for me as I had my camera on a sling.""
"20120104","4.0","Good Lens","This is a good lens that allows a person to go from a good wide angle to a decent zoom. It only locks at the wide angle and will creep when extended and pointed about straight up. It is pretty heavy as well. I don't see those things to be enough to not get the lens though for the good price. This is a great lens for a hobbiest. I really like this lens.""
"20111230","5.0","Perfect intermediate lens","A beginner photographer and this lens is amazing!! A great multi-use lens in multiple light conditions. I couldn't be happier with my purchase.""
"20111227","2.0","disappoingly soft image quality","It is almost impossible to get a sharp image with this lens no matter how perfect your focus is.  The kit lenses that came with my old entry-level Olympus E520 are dramatically sharper than using this much more expensive lens on my 60D.  Chromatic aberrations (basically bluish-reddish ghosting where the image is not converging properly), an artifact I never even noticed before on any other lens, are also quite bad with this lens, adding to the softness of the image.I'm not a professional so it's not like I expect perfection, but for me, the tradeoff of the zoom range of the 18-200 isn't worth the poor optics.  If you don't mind that 95% of your pictures will be soft, then you might not mind this lens, but it drives me nuts to look at.  The lens is somewhat sharper at different focal lengths and F-stops, but still it's mediocre at best.  You'll never get a tack-sharp image.4 stars for the image stabilizer and build quality, 1.5 stars for image quality.""
"20111219","4.0","The bear of affordable lenses","This is actually the 2nd 18-200 Canon EF-S IS lens I have owned.The first lens I got used from a store in Honolulu for a good price, however within the week the lens started giving resistance in coming back to the 18mm mark, a day or two later the focus jammed and on troubleshooting that, the zoom also jammed open.  Upon putting it back into it's box I heard a rattling sound, flipped it upside down and a tiny screw came out.  I hastily brought the lens back to the store for a full refund.However!  I had my wife get me a new one off Amazon as quick as possible and I've had about 3 months of playtime with it, this is what I can say:- It's significantly heavier then they would like you to think.  It has a wonderful range, making it ideal for use as an everyday lens however I will not lie that my neck will hurt most days I spend walking around taking pictures for more then an hour.- I had rented a new out-of-the-box Canon 24-105mm f/4 L series lens that covered similar ranges for a photo shoot I was doing for an outdoor portraits class and I frequently switched from this lens and the L series and noticed that I preferred this lens more to the L series one. It felt better to the grip and the manual focus adjustment was smoother.- I do find that when pointed down without the lens lock feature engaged that the lens will drift all the way fully zoomed.  Based on previous reviews on Amazon I didn't think it would bother me at all but the longer I have had this the more annoying it became.  I almost gave it a 3 star rating for this.- I have had consistently high expectations on what the IS feature will keep stable and it's pretty consistent with 1/2 of the zoom length (If I'm at 18mm with my CMOS sensor adding 1.6x I can usually keep a clear picture at about 1/20th a second) which is not usually obtainable due to heart beats and has helped me with a number of night shots that I should have used a tripod for.All around I could insist that you should save your money and get a L series lens instead, but I personally don't see the need to spend 3 times the amount.  Enjoy!""
"20111213","5.0","Super lens","I love this lens because it is a GREAT all purpose lens. Landscape to close-ups. Great for traveling.If I could have only one lens this would be it""
"20111209","1.0","Should have saved $300 & bought a 3rd party brand","Bought it online last night, received it today. Very let down. Will probably try to return it. The telephoto zoom is HORRID compared to my $150 Sigma 50-200mm. In fact, I stood in the exact same location & took photos of the same immovable object with both lens (Sigma & Canon), & the Sigma FAR outperformed the Canon at 200mm. The subject was MUCH larger / closer in both the viewfinder and the actual photo with my old Sigma. On top of that, the lens is a pain in the butt to zoom in and out. My Sigma slides nice and easy. The Canon didn't want to slide AT ALL when I first tried, and FINALLY moved. But there is almost NO difference in zoom between 170mm and 200mm...in fact, there's hardly any difference between 135mm and 200mm....This model has been known in the past (just Google about it) for screws breaking inside the lens and preventing the zoom from working properly. So I checked my serial number against the defective serial numbers online. Mine doesn't fall in the range of the defective ones. Or so they say.Basically, this thing is garbage compared to my MUCH cheaper Sigma for long range zoom photos. And that's what I use it for 90% of the time. I only bought this Canon lens because my Sigma (with a low end of 50mm) can't take wide angle and closeup shots. I was tired of carrying a small point-and-shoot when I needed those types of shots.VERY displeased with this lens... $560 ain't chump change, Canon!!!""
"20111203","5.0","Jack of All Trades - Master of {few} - Excellent Walk-around !","If you want a jack of all trades (master of none though!) get the Canon EF-S 18-200mm f/3.5-5.6 IS. I fretted over the Tammy 18-270mm F/3.5-6.3 Di II VC PZD and the Sigma 18-250mm F3.5-6.3 DC OS HSM. After reviewing comparison images, settled on the Canon. Yep - it's more expensive than the other two, and has a bit less zoom range, but 1/3 stop better in low-light when fully zoomed.  As with all of them, you will get some pincushioning and barrel at the extremes and maybe a little CA (all can be calibrated and corrected in Photoshop with a free lens compensation plug-in!!) - however - please note! I took the 18-200 on a 1-week trip overseas, along with my Tokina 12-24 (just in case). I never ONCE needed to put the 12-24 on the camera - the 18-200 did it all. Although I spent about 5 hours creating the lens calibration plug-in, I haven't felt the need to use it on ANY of the photos I've taken with the lens. IF you take wide-angle architectural photos of subjects having long horizontal/vertical linear runs - you WILL want this plug-in !!  The IS works well and my images have been well exposed, reasonable color saturation, and acceptable bokeh (this is NOT an f/2.4 lens!)..SO - - bottom line:  If you want a VERY NICE walk-around lens suitable for just about all but the most demanding professional situations, you CANNOT go wrong with this one.  Just for grins, I have uploaded a few of the 400 photos taken on the trip mentioned above (see pg 16 Ooops - they've moved up to Pg 13 & 14 - of the customer images) - - One of them is the obligatory 'I've been to Germany and looked at the Castles' photo of the back view of Neuschwanstein {Disneyland Castle} in Schwangau taken from the bridge between the two mountains.  So look at the examples - then YOU decide if this lens will float your boat or not.  For me, it's a keeper.""
"20111128","5.0","Good price for an "all purpose" lens.","This lens is quite the buy for a photographer who is looking for a relatively inexpensive, 'all purpose' lens. Of course this lens isn't going to have quite the image quality as an L series lens, but with the zoom range going from a decent wide angle of 18mm, to a pretty nice telephoto of 200mm, you don't have to buy 3, or so L lenses, to get the same range that you get on this lens. In conclusion, if you have the money to buy those L lenses, and don't mind spending the money, they do take sharper and just better pictures. However, if you're not interested in spending a few thousand dollars on getting a set of L lenses, but still want some pretty great pictures, I'd highly recommend this lens. I got mine 9 months ago and it's worked great and I'm very happy with my purchase.""
"20111128","5.0","New telephoto lens","I bought  a Canon 18-200 mm lens for my 7D from Amazon, and am totally thrilled with it.Saved money, great service, and will definitely continue to shop Amazon for my photography needs.  You should too!""
"20111115","5.0","Great all-purpose lense","I've had this lense now for about two years and I'm very happy with it. I have since bout other lenses which have small fast apertures which are more for indoor low light stuff, but if I'm going on a trip or heading to a ball game there is no better choice then this. The range of super wide to long telephoto is so handy for all situations.  I for one don't want to carry around multiple lenses, so being able to have a all in one lense is very nice.  The image stabilization is also a nice thing on this lense.The higher price tag may seem scary, but when you take into account that this is like having a few lenses in one body it makes it easier to swallow. A great buy.""
"20111020","4.0","Canon ef-s 180200mm","The lens is a lens of all trades magician.  It would be nice if it were a little faster for lower light conditions but it is so much better than the kit lens I had that I am very pleased.  Plus, the 18-200 zoom range makes it very versatile.  I hardly ever use my 300mm lens because changing is not my favorite thing.""
"20111003","4.0","Great lens","Just got this lens so i cant yet speak for it's picture quality with the exception of some around-the-house pictures and they look great so far.  The zoom range is great and the only downfall to this lens is that it has some weight to it.  I think it is going to take some getting used to but i look forward to try it out.""
"20110924","5.0","Great Walkaround Lens","This is a great lens. For the prosumer (is that still a word?) or super-consumer, I find this to be a great general-purpose lens that I leave attached to my camera body all the time. I have access to some other wider-angle lenses and more-telephoto lenses. That being said, i've traveled in several US states as well as france, germany, romania, spain with this lens and I've had a great time with it.I shoot nature long, nature macro, buildings, scenes. I don't really do portraits.This lens has satisfied in all of the settings above. I've even shot some portraits with it and they've come out well. I use a Canon EOS 50D with either the HOYA 72mm UV filter or the HOYA 72mm CIR-POL filter.CONS: there is a little distortion in the lens at 18mm. Perhaps a little chromatic aberration at 200mm.PROS: Everything else. This is a little pricey, as lenses go, but it's good glass. And I'll stand by it. I liked it so much, I've purchased it for my father in his new EOS 7D birthday present.""
"20110919","5.0","Great all around lens","I bought this along with a Canon 60D body to take with me on a two year world tour for the America's Cup World Series.  This was not intended to be my only lens, but rather the workhorse, adding other lenses as needed.Well it IS my workhorse because I'm finding very few situations where I would need/want any other lens.  No, it isn't as sharp as a prime lens, hey, it's a zoom!There are situations on the race course where I'd like a little more reach, so I plan on getting the 100-400 L lens.  There have been only one or two situations where I'd would have liked something a little wider than the effective 29mm (the 60D doesn't have a full sized sensor), so maybe if I'm feeling flush one of these days I'll get the 10-22mm.Pictures are plenty sharp for my eyes.""
"20110829","4.0","OK optical quality but great flexibility.","To me, it was worth paying the extra money in order to get this lens because of the flexibility it provides. I often have this on my 60d when hiking.I would say the optical quality is satisfactory. Certainly not the best lens for the 60d (or any of the other 18mp Canon DSLRs) but not bad either. I would put it on par with the other kit lenses in overall image quality. My main complaint is photos with this lens come out looking a little soft. But just some extra sharpness adjustment in the camera will help compensate for this.The lens is rather heavy compared to the kit lenses. It's fine on the 60d and probably ok on the Rebel T2i/T3i. But on the lighter T3 it might feel rather out of balance... even though the lower megapixel count might be a better match for this lens in terms of resolving detail. However, the build quality of the lens is also a notch above the kit lenses.This lens suffers from lens creep as well. Which isn't a major issue for me... but if you have it pointing upwards and have it extended out about 3/4 of its focal length, it might start to retract on its own. Fortunately the lens has lock so you can hold it in place at the desired focal length.Negative points aside.. I find this is a very handy lens to have. It's just nice to be able to just take this one lens with you on a hike and not have to worry about fumbling with different lenses when you see something some distance away from you that you want to get a shot of. And even though there are better lenses out there, I have still gotten some very nice shots with this lens. And consider this well worth the money. Buy this lens along with the nicer EF-S 15-85 and you'll have a pretty good budget-oriented setup for your T2i/T3i/60d Canon DSLR which will pretty much cover all the bases while keeping the overall cost close to or under $2,000.""
"20110820","2.0","No good","I tried this lens with D60 and was very disappointed - the lens is very loud, slow and dark, D60 AF did not work for me 50% of the time shooting indoors with day light.A decent lens of such range should normally cost well over $1000 - this one comes as a kit lens and it's very poor choice to use with high end camera like D60 - quality of stills going to be on par with some advanced point-and-shoot cameras if not worse, and those cost 3 times less.""
"20110718","5.0","Perfect "walkaround" lens","I have a Canon SLR, so naturally I use Canon lenses. My photos are very important to me. I have several lenses, but changing them is always practical, especially in less than ideal situations (like outside, wind blowing junk around in the air) or when you want to get that special picture but have the wrong lens on your camera. So you get dirt inside your camera and on your lens and miss the picture. Since this lens goes from 18mm to 200mm, unless you're staying in one place and focusing on one particular subject, it's perfect. And being Canon, it's well-made and makes good pictures.""
"20110718","4.0","Very versatile lens","After lot of research and looking around I bought this lens instead of the sigma 18-250mm OS lens, and I am completely satisfied with it. The pictures come out really well even at the 200mm zoom level. I bought a few filters for the lens and they fit perfectly and compliment it well. The only complaint I have is the weight, and due to that the camera slides forward when pointed downwards.Update: Seems as if you cannot zoom after 135mm. Picture at 135mm and 200mm zoom level look same.""
"20110715","4.0","My Favorite lens","This is my favorite carry around lens for my 50 D. I am not a fan of changing a lens unless I really need to. I find this lens works for most purposes with the exception of macro and for that I have a Canon EF 100. I took the 18-200 lens on a recent trip to Peru and it performed well in the low light of the Amazon jungle and equally well at Machu Picchu. I rarely took it off during the 3 week trip. I took 9000 photos on this trip and was well pleased with most results.I rarely used my 70 - 300 although my friend did use his. He missed a lot of shots that I got and my results were over all much better than his and we both used a 50 D. He has now purchased an 18-200. If you want an over all walk around lens,this is a good choice.""
"20110630","5.0","Vacation lens","Amazing lens which allows me to take wide angle and zoom capability digital images. The auto focus during video filming can be heard during video playback but other than that there no other lens to take with you.""
"20110530","5.0","Great lens","I'm very happy with this lens. I wanted to purchase the Cannon 7D at Best Buy but they would only sell it with the 28 to 135.  This lens has a smaller apeature but still works fine in all conditions. The only complaint I have was I was going on vacation out of state and wanted to take it with me, so I paid the extra for 'Next Day Delivery' and it came two day's later,after my plane had landed.  So I recieved the lens 10 days later (back from vacation) for an extra $20.""
"20110503","5.0","Good general-purpose lens for the price","The only thing that really sticks out about this lens is noticeable vignetting at full zoom. It's not terrible given the price and target audience for this lens, however. Otherwise, it's the lens I normally keep on my camera for general use and does a good job.""
"20110416","5.0","Love it!!!","I am not going to write an overly technical review. I'm just going to say that I LOVE THIS LENS!! I'm not a professional photographer, just a hobbyist. I have gotten rid of all my other lenses (save for fisheye and a few other specialty lenses) because with this lens, I just don't need them!""
"20110416","2.0","Broke after 1 year","I was a fan of this lens until recently.  I shoot a fair bit, even sell stock and found the quality of shots produced with this lens acceptable, even for stock, which can be picky.  It's a very nice range for walkabout and the IS is quite good.I carry it in a sling with a inner suspension system and it's never been dropped or anything but recently, it stopped being able to zoom all the way back to 18mm, which means I can't lock the lens and I've just lost the range from 18mm to 35mm.  I'm going to send it to Canon, but to repair it I know will be about $125.I expected better from Canon.  If I'd wanted a throw-away lens, there are many that are much cheaper.  You buy Canon and cry once, I'd thought.  Nope, I paying *twice* for buying this lens.""
"20110329","5.0","BEST VALUE CANON ZOOM","One way I passed the snowy winter months in New York was to do online research for a standard zoom Canon lens. I purchased my Canon EOS Rebel XSi with 18-55 mm EF-S 3.5-5.6 kit lens about 5 years ago. Boy, was I ready to upgrade! I enjoyed the user friendly Amazon interface for reviewing various Canon lenses including manufacturer's specs, prices and customer reviews. I also researched sites by Consumer Reports, Best Buy, B&H, Adorama, Photonet & Digital Picture--all of which gave me different added detailed insights, often TMI (too much info-as I am a mere amateur photographer!). Hey, it took my mind off the snow and no vacation south! So when I tell you that this is one of the best lenses for the money, please believe me. So far I have taken winter snowstorm scenes(no surprise). The photos on my 20' iMAC desktop and even on the camera's LCD screen were noticeably sharper & brighter with this EF-S 18-200 mm f/3.5-5.6 IS than the kit lens. Naturally, this is not a surprise, just a reassuring acknowledgment of superior optics and money well spent. Amazon gave the best price/free shipping deal. I'm looking forward to using the new lens later this spring at Manhattan's High Line elevated park and out on Long Island at the Bayard Cutting Arboretum among other places. A close runner up was the Canon EF 24-105 4L IS USM-L (for Luxury), full frame and much more expensive. When someone said that they had a hard time telling which lens their prints came from(this EF-S 18-200 or the EF 24-105 4L), I could finally make up my mind! I also seriously considered the ultra compact EF 70-300 mm f4.5-5.6 DO IS USM with the green ring and the EF 70-200 F4L USM. Hope this helps you out as there are so many choices!""
"20110325","5.0","Awesome lense","I was using 18-55 & 50mm fixed for about 2 years and was planning to get 70 -300 IS for outdoor shoots.But then I came across 18-200 and thought of taking a chance. I must tell you its worth it, I am very happy with my purchase. Pictures are very crisp and I don't have to carry multiple lenses, this is all in one for me.Highly recommend.""
"20110319","4.0","Good All-Purpose Lens","I bought this lens to the upgrade to my kit-lens. Even-though, I had my friends 70-300mm for zoom, but it becomes really messy when I need to take pics in my room. I have deal through this changing of lenses. Finally after my research, I decided on buying 18-200mm, the results were fantastic. The color and sharpness was cool, very nice. There are few other lens like 18-250mm (Tamron), 18-200mm (Sigma), 18-270mm (Tamron), which are much more cheaper than this Canon lens, but I feel Cannon les on a Canon mount works the best, crisp and sharp images.""
"20110317","5.0","Awesome Lens","I have had the 18-55 and 55 250 kit lens.. got this recently and just cant help notice the upgrade..it is an extremely useful lens with an amazing picture quality..""
"20110130","5.0","Great Handyman Lens","I have about a half-dozen other lenses in my arsenal.  All of them are better than this lens in some respect, e.g., better in low light, faster focusing, better optics, lighter, and so on.  But when limited to a single lens to be used in a variety of circumstances, I take this one.  Some of this lens' limitations can't be overcome, like low lighting, but most can with a properly used good software program.  There is no such thing as a perfect lens for all situations, but this one comes pretty close most of the time.""
"20110119","5.0","My new favorite lens - Canon 18-200 EF-S","I am an amateur photographer who prints mainly 4x6 images of family events. I use this lens on a Canon T2i dSLR. Compared to the Canon 18-55mm kit lens, this one is heavy. The kit lens weighs about 7 ounces as compared to 21.5 ounces for this lens. This 18-200 lens is about an inch longer than the kit lens, for me, that makes it easier to use as my hand fits under it better. When mounted, it fits in my camera bag so I no longer need to fret about not carrying my 75-300 EF lens. I'm not sure I would want to carry this around mounted with a neck strap all day, it is a bit too heavy for that. For my 'grab and go' camera bag use it is perfect.The image quality, to me is good. I took some hand held shots of a full moon this morning, against a dark sky, with the kit lens and this one. I used various 18-55mm zoom settings, 1/60 - 1/750 s, at various f #s and ISO settings. No matter how I processed the raw images, this 18-200 was always clearer than the 18-55 kit lens. Although not very scientific, that was the only test I needed to convince me about the image quality. It even out performed my lower priced Canon 75-300mm, f4-5.6, EF lens, no surprise. I think the '-S' made the difference with that test.Conclusion:Although a big expense, for me, I am totally happy with this 18-200 lens. My 18-55 kit lens will only now be used when weight is of importance, as in a day long trip to Disney Land. Even in that case, it would be a hard choice not to carry this lens. :)""
"20110117","5.0","Canon 18 - 200mm EF S lens","Bought for a Canon T2i and works flawlessly. Haven't had time to put it through it's paces, but will update later on features and surprises.""
"20101229","5.0","great range travel lens for me","i liked range and don't need to carry many lens at travel time, i keep this lens 18-200 and also 50mm prime with few filters, highly recomend this lens to everyone who travels with dslr. you can look my video review at [...]""
"20101008","5.0","Canon 18 - 200 IS len","First image stabalized lens I have bought. We picked it up just before our trip to Vegas. I took a lot of photos in Vegas, day and night. From action Dolphin shots to the wax museum.  I was sure the night shots wouldn't turn out as I didn't take the tripod with me to pack around. When I got these photos home and onto my computer I was more than happy with the results. I haven't put any other lens on my camera since getting this one. Down side it makes the camera heavy and bulky to pack all over Vegas etc. with, but I was sort of expecting that so no surprise.""
"20101003","5.0","great - reccomend the trader and product","great - reccomend the trader and product - Fantastic!! A perfect match for my eos500D - brilliant.""
"20100928","5.0","The best Canon lens for me","An excellent lens that offers a great opportunity to use photos from as far away as well for more open environments. It is a clear lens and excellent quality. Recommend.""
"20100925","5.0","Canon Lens 18-200","I love this lens and it stays on one of my cameras all the time it is great for every day shooting.""
"20100912","4.0","Sleeper......","If I had a dime for every 'expert' lens review......I've had this lens for a bit, and here's a recent report-from yesterday. Small town parade. Sitting on the curb at a curve in the road. I can see just about straight down the parade route. Shots were made at 100+ yards, shots were made at a few feet.Bright mid-morning with the sun to my back.Did I change any of my L lenses? Nope.Did I switch on or off the lens lock? Nope.Did I spend time listening for niggling lens noises? Nope.Did I need to impress anybody with lens whiteness a la L zoom? Nope.(To tie in with that last one- Am I a lens snob? Nope.)Did I score hits? You Betcha!Were they sharp? Mostly-I goofed here and there. The keepers were very nice.Do I worry about distortion? No, silly goose! I have that new fangled software that helps with such issues.Did I already microfocus adjust this lens? Uh-huh. Sorry, 60D video camera - with - photo - capability owners. You no can have.I'm being a little snarky, mostly towards lens snobs. I feel they and the wanna-be's hurt more than help. You don't need a Benz. A Corolla does the job beautifully. Get the idea?  For the majority of non-studio people, I'd submit that focal range generally trumps aperture when concerning yourself with capitalizing on opportunity. A parade is a great example. The lighting was great. I shot at f8 all morning. With that in the bag, all I really needed was zoom flexibility.This lens will do it for you. Don't get too wrapped up in the numbers game people play. You'll find that experts only see whats bad in a thing because their experience and discriminating tastes and endless wallets all point them to know what shouldn't be. Only what they own is good enough.The EF-S line's newer additions are real sleepers. Canon doesn't want you to feel better about buying the 'low end' glass than buying L glass. They won't (I think) EVAH designate EF-S as L grade, because somebody might figure out that APS-c sensors are just fine, and related glass is really doing the trick!I have L glass, but I get that for particular needs. Low light is one of those needs. The 18-200 is what stays on my camera. I get a great hit rate under most conditions, and have really sharp pics because I'm set up pretty well.Oh, and I see the lens lock as a non-issue. Carry your camera like you love it. Whenever I used the lock, I'd end up missing shots because I'd forget I had it engaged. Duh.""
"20100815","5.0","one of my favorite lenses I wish I've known about it before","I love this lens, its one of my favorite because its all in one the quality is great and the pictures are even better the only problem is that its heavy but its great for travel because you don't need to carry more than one lens. I highly recommend this lens.  canon you did it again !!!!!""
"20100815","5.0","Great family outdoor lens","I bought this to take photos and video of my kids with my T1i.  They move much faster than I do so it's hard for me to be where the shot is- this lens lets me quickly close the gap between where I am and where they are, then zoom out when they come back my way.  The wide range also lets me change perspective from stunning wide angle to compressed telephoto without having to dink around with lens changes.  I lug enough stuff around when I travel with kids, so I don't want to have to carry extra lenses.  Nor do I want to risk both lens and camera changing them on sandy beaches or when trying to chase my kids.  This lens lets me get the shots that I wouldn't get otherwise, because of that I think it's perfect for my needs.Of course, there is no such thing as a prefect lens, every lens has some compromise, whether it is flexibility, image quality, weight, or your pocket book.  This has more compromises than most, which is to be expected from a lens with this zoom much range.  As you'd expect, image quality is not its strength- there is very noticeable barrel distortion at 18mm and vignetting at longer zoom ranges.  I try to stop it down to at least f8, as it is not sharp wide open.  Even wide open, it is pretty slow- f5.6 at most focal lengths.  Because of these issues, I wouldn't use this lens in situations where I have the ability to carry multiple lenses and have the time to change them.  I also wouldn't use it indoors, it is too slow for low light photography and not sharp enough when wide open.  If you pixel peep or are inclined to complain about image quality, don't waste your money on this lens, it's not designed for you.This is also a fine lens for video if your camera can do that.  The zoom range is helpful and it has a quiet image stabilization mechanism.  Image stabilization is critical for video, maybe more so than stills.  I'd previously used a Canon 28-135 lens, the IS on that was noisy and audible on the video- this one is not.I can't afford to buy every lens that I want, but even if I owned a large assortment of L lenses, I'd use this one for family trips where most of my photos are outside.  On a Canon crop body, it is light enough to not be a huge burden (though quite a bit heavier than the kit lens).  It is far easier to travel with than having a backpack full of lenses and it lets you get the shots that you'd otherwise miss.  I've seen some suggestions that a superzoom compact camera is a better choice than this lens- I don't agree.  Even at ISO 1600, you'll get higher quality images with this on an SLR than with any compact that I've seen.  Plus you get the better viewfinder and focusing that an SLR will give you.I've owned this lens for more than a year and am very pleased with it, but don't buy it if you can't live with its compromises.""
"20100722","1.0","Would not buy again","I purchased this lens with a 50d about a yeas ago. And have been dissapointed ever since. When I received the lens the picture quality was lower than my G7 point and shoot. The photos were ok but not what I expect and at this point did not know if it was the camera or the lens. It seemed that I could tweak the quality by shooting at about 80mm at f10. Even at those settings I ran into problems with focus when overhead panning. It appears that when the lens is tilted up (or down) the lens zoom will creep changing the setting. So now I had to tape the zoom ring when panning. At this point I decided to rent the same lens and an additional 'L' series lens. The 'L' lens operated flawlessly and the picture quality fabulous.The 18-200mm standard zoom rental had the same issues as mine, proving my camera was ok. Whenever I contacted Canon it was the same story, they knew about the lens creep and described the focus mechanism as their older  motorized technology. If your making a decision on a lens purchase I suggest you rent it first.For me it will be the canon 'L' series lenses for now on.""
"20100706","5.0","Excellent Lens","Grsat Lens,particularly for outdoor trips.  Lens stabilizer system works well.  Lens rotates smoothly.  Sharp details, even at the corners.""
"20100429","5.0","great lense","this is a great lense.I was undecided as to what lense i would buy; a sigma or tameron or canon) my photography instructor advise me to go with a canon lense since i had a canon camera. it's been great! i am completely happy with my choice.""
"20100424","5.0","A great "all purpose" lens.","I recently got this lens, and after putting it through its paces on a family vacation to Florida, I couldn't be happier. As a parent of young children, I never know what I'm going to be shooting next.  One second the kids will be right in front of me, the next they're on the other side of the playground, if I had to switch lenses every time that happened I'd miss too many shots.  This is a great one lens solution, the pictures that I'm getting are sharp and bright.  I highly recommend it if you need one 'do-it-all' lens.I bought this lens to replace a Sigma 18-200 (the older, non-OS version), which I was never very happy with.""
"20100422","1.0","Warning! Do not buy this lens.","Warning!  Do not buy this lens!  There is a design flaw with the lock and the lens is not durable.I recently purchased this lens for an upcoming trip.It was used with a 40D delivering semi-sharp images.Three days into the trip the lens lock jammed.The lens no longer worked in either the automatic or manual focus setting.This lens is an expensive purchase and the design/quality/durability is lacking.I had to buy another lens while on the trip, a 55-250mm f4.FYI: I also have a 1D and an EF 70-200mm F2.8L IS lens.""
"20100419","5.0","Way Better than Tamron!","I just picked up this lens Sunday at the Big Blue & Yellow box store, Big Buy!  I had gone in to National Camera exchange and tried out the comparable Tamron 18-200.  The two don't even compare.  The Tamron is half the price and I think you truly get what you pay for.  Like the guy said at Big Buy, buying a Tamron lens for Canon 40D is like putting Unleaded fuel in your brand new Corvette.  I fully agree.  The picture quality is amazing, perfect range for an 'everyday' lens and one that I will use for Senior Pics and Family portraits (for sure)!!  It is much smoother zoom motion than Tamron, and MUCH quicker focus response time.  The focusing is noticeably quieter too!  These differences are enough to convince me that spending the extra money WAS the RIGHT decision.  PLUS, I got an open box lens that had hardly been handled for $150 less than the price listed.  Got it for $549.  Cannot beat that deal whatsoever!!""
"20100404","5.0","A comparison with the 70-200mm F4 L","I recently purchased the Canon 18-200mm 3.5-5.6 IS lens to replace my 18-55mm kit lens. I found that I often needed a longer focal length than 55mm, but was too lazy to keep changing to my 75-300mm lens. Another great lens for the price by the way! Although I have been very happy with the lens, I've never really been able to compare it to something in the 'same' class (similar focal lengths). Well this weekend changed that as I got the chance to borrow a friend's 70-200mm F4 L IS lens. It's a beautiful lens which has received extremely good reviews. How will the 18-200 hold up against this pro lens?Firstly, the results were remarkably similar at all zoom ranges. Aperture wise, at around F7 - F9 the 70-200 is sharper, but at F5.6 and F11 the 18-200 is sharper. Focal length wise, at 70mm and 200mm the 18-200 appears to be slightly sharper, especially at the edges. The centres are virtually identical, but at 135mm the 70-200 has a slight advantage. This advantage is really marginal in bright sunlight, but is a bit more pronounced in lower light like shade or indoors.I did some handheld indoor shooting. The 70-200 beat the 18-200 hands down, but probably only due to it being a faster lens when zoomed in. At 70mm the 18-200 was possibly sharper, but at 135mm and 200mm, the 70-200 was fantastically sharp even though it was handheld. Settings at 200mm were F5 and 1/13s for the 18-200 and F4 and 1/40s for the 70-200. Although the shutter speed was so ridiculously low on both lenses, the shots came out very usable indeed. The IS works an absolute charm on both lenses! On the 70-200, you can actually feel the IS working. It gives off a slight vibration in the lens which lasts for about 5 seconds after taking the shot. The 18-200 gives no indication that the IS is in use.One big plus point for the 18-200 was the colour saturation gain over the 70-200. Virtually all shots were richer and more vibrant with the 18-200 and felt slightly washed out with the 70-200. Nothing that can't be sorted out post-processing, but still, I didn't expect that. The bokeh award however, undeniably goes to the 70-200. Creamy smooth bokeh at all focal lengths. Not that the 18-200 is bad, but when compared, the 70-200 is definitely better.Overall, I found the 18-200 to hold up extremely well against the 70-200. I honestly thought I was going to be depressed in the knowledge that I needed to cough up around $1200 for a 70-200 as well, but I am very pleased to say, that won't be the case. Although the 70-200 is indeed a fine piece of work and marginally better than the 18-200 in low light, in bright sunshine the 18-200 is right there with it. Don't think that the 18-200 is bad indoors - not at all. It's surprisingly sharp at F3.5, but this stops down quickly as you turn the zoom dial, decreasing your shutter speed significantly and introducing blur when hand held.At wider focal lengths like 18mm and 35mm, the 18-200 is plenty sharp. I took some test shots of a brick wall during a very cloudy day at F3.5, F5.6 and F10 at 18mm and F4, F6.3 and F11 at 35mm, and was greatly impressed at how sharp the images were. There was a very slight hint of vignetting at 18mm F3.5, with a noticeable amount of CA at all F-stops at 18mm. This was only significant however when the image was fully maximized on the screen, and only on certain very high contrasty vertical and horizontal lines. Mostly horizontal though.My biggest gripe with the 18-200 however, is the fact that it is not a true 200mm zoom. In fact, when standing at the exact same spot with both lenses, and zoomed exactly the same on both, the 70-200 was consistently more zoomed in than the 18-200. Only slightly, but noticeable. The biggest difference comes in at 200mm. The 18-200 basically stops zooming at 170mm. It is in fact a 18-170mm lens. With today's high pixel count and excellent image sensors, that's not too big an issue as you can just crop the image as you need afterwards. But it is a little frustrating when the 70-200 gets in that much closer considering it's supposed to be the same focal length.Would I recommend this lens - ABSOLUTELY!! This isn't the kit lens for the excellent 50D for nothing!""
"20100402","5.0","Recommend Buying an auxilary flash","I've had this lens, along with the Canon Rebel xsi for almost a year.  The lens is extremely sharp, and allows for very high quality images.  This is the only lens I have at this point and I love it, it is certainly a great all around lens.  One issue that I do have, is shadows appearing in pictures that require flash.  I believe this is a result of a combination of the location/height of the flash on the xsi body and the length of the lens.  Not sure if anyone else has had this issue, but I think it might be resolved easily with a separate flash.""
"20100401","5.0","Very Versatile Lens","I am a 'serious amateur' photographer who takes pictures of birds, nature scenes and people themed events.  I have a few EF 'L' series lens and while this lens is not quite up to par with the 'L' series, nonetheless, it is very good. I specifically purchased the lens to photograph recitals in an auditorium setting and to take when I hike.  The versatility of the lens gives me the ability to quickly take wide angle audience reaction shots as well as to focus in on one person with no changing of the lens.  Of course there is a trade off - the low light available in an auditorium prevents razor sharp images even with image stabilization on.  After saying that, when I used the lens outdoors with plenty of light, the results are extremely nice.  Other reviewers mention the awkwardness of the 'lock' button.  Perhaps I am missing something, but I never engage the lock since you can only lock the lens at the widest aperature.  Of note - I attach my XSi and this lens with a wrist strap while hiking over even or slightly inclined terrain - I've had no problems with the lens extending on its own.  I would recommend this lens to anyone who needs a versatile lens at a moderate price.  Please remember this is an EF-S lens and not an EF lens.""
"20100323","4.0","Great lens, accepting the tradeoffs you get for the long zoom range...","I won't rehash what people already said, regarding the concessions a lens has to make to cover a very wide range. This lens outperforms the 18-55 IS lens easily. For the person who is happy with the stock lens, and wants to add range, this lens will be perfect for you and you won't notice any shortcomings. I find I use the lens most frequently in the 25-100 range, any longer and I notice the slowness at the end of that range. I don't take many pictures in full sunlight or well-lit areas, so I'm a bit partial to a fast lens. Because of this, if I had it to do again I'd probably get the Tamron 28-75/2.8 Di for the mid-range and the 70-200/4L for the telephoto end of the range because this combo is better suited to my photography habits.""
"20100313","4.0","I use this alone","I am sometimes dismayed by the people who like to quote minute details about some arcane specs on these lenses.The proof is how it works in real life.This is a great lens that covers wide angle to telephoto. The image stabilization gives me extra stops of light. I always have great results. This is the only lens I carry anymore for landscapes, portraits and weddings.""
"20100223","3.0","Not as good as I want it to be","The lens is soft at its widest - especially on the edges. A real bummer.The lens is fast - works very good when I photograph sports or dance performance.  It is just not as clear and crisp as I want it to be.For the money - half way to an L lens - save your money and get the 70-200 L or 24-105 L""
"20100205","5.0","Excellent build quality","I love the range of this lens. It is a bit heavy but that was not a surprise. It is very well built and, so far, the quality of images produced is excellent. I am just an amateur so when I say 'excellent' I mean the pictures look great to me.I didn't perform hundreds of technical tests, I'm just loving the results I can see. I own a faster non zoom 50mm lens that I prefer when that range is appropriate but if you want to attach just one 'does it all' lens, I would say get this one. It is a good value.""
"20100127","5.0","Works well.","I am new to Digital SLR. When looking for this type lens my son did alot of the research work and decided that this lens was the best for what I am looking for.""
"20100126","4.0","Canon EF-S 18-200mm Standard Zoom Lens","To put it simple, this is a great all-around intermediate lens and one of my favorites.  Picture quality is great in the mid range. I have had it for about a year and have had no problems with it.""
"20100119","1.0","Avoid this like the plague","I bought this lens last September. I used it on one occasion and then it sat in my camera bag until January. I took it out to photograph a snow storm using my 7D body on a tripod. After a few shots, I removed the camera and lens from the tripod, removed the CF card and copied the images to my computer. When I put the card back in and picked up the camera the lens lock was broken and the lens jammed.I attempted to use it with manual focus but that failed (it cost me a wedding shoot.)I sent the lens to Canon's California Repair Center and after a couple of days I received an email stating that they would charge me $124 to repair the damage. I called and was told that only factory defects were covered under warranty. I attempted to explain that the poor design of the lens lock WAS a factory defect. All I got was an offer to knock 20 percent off the repair price.The lens is still at the repair center. I don't know what will come of this.Other than one very cheap and poorly designed part, the lens is great. But what good is a great lens if you can't use it?Until Canon addresses this issue, DO NOT buy this lens unless you enjoy throwing hundred dollar bills at it for something that could have been avoided with a 5 cent part.Update:  I've been unsuccessful in getting Canon to repair or replace the lens.  I finally gave in and had them charge me for the repair since, 'the warranty does not cover broken parts.'  I need the lens so it's cheaper to pay the $100 than buy a new lens.I told the woman who stonewalled me that I would review this lens in as many places as possible to let people know that: 1) it has a poorly-designed lens lock and 2) that Canon's repair/warranty policies are horrible.I cannot recommend this lens to anyone.  I would also suggest that potential buyers look carefully at ANY Canon lens to see if it has a lens lock of the same style that this one does.  I'd suggest that buyers stay away from this style of lens.  Personally, I plan to find a way to ensure that the lock cannot be engaged in hopes of preventing another costly and time-consuming repair.Second update:  I called Amazon.com's customer support line and after a bit of discussion, the person I spoke to refunded the amount that was charged by Canon.  I'm very grateful for Amazon's help in this matter.  I do a great deal of my shopping through Amazon and I'm happy to report that I'll continue to do so.""
"20100116","5.0","A very nice and useful lens","This lens can produce some very sharp images, with a bit of care about shutter speed. The vibration dampener works very well. It's a bit large and heavy, but is worth the extra weight. The one downside I've seen is the clumsy location of the lock button, under the lens on the right side. Most photographer's hands are not positioned when shooting for easy reach of this feature.""
"20091119","5.0","This Lens ROCKS!!!!","I am a professional photographer specializing in weddings for over 30 years. I have used medium format cameras, 35mm cameras, and now digital since the Canon D30 hit the market. I have used all types of lenses, Prime, USM, IS, even the pricey L series. Not much of a fan of the L series too heavy for my likes. I have used USM lenses solely because of the focus speed, but after using the 18-200mm I couldn't believe how fast and spot on the focus was, I lock my focus with the rear AF-ON button using the center zone. I was amazed when I did use auto zone focus the lens still performed spot on! I photographed with a Canon 40D with the 18-200 for an entire wedding... over 10 hours and 2600 images with fantastic results. I read somewhere that Canon updated the connection on the rear of the lens to communicate better with the camera body, perhaps the reason for eliminating the Ultra Sonic Motor (USM) on this lens and other EF-S lenses. Selling my 1D MKII for a Canon 7D and most of my lenses for more EF-S... perhaps another 18-200mm!""
"20091115","5.0","Excellent Lens","An excellent lens.  I'm not that picky about what's happening at the 18mm and the 200mm ends of the lens.  I've been looking for the problem discussed in other excellent reviews of this lens, but I don't see it.  I'm sure that's important for the professional photographer.  But for the hobbyists among us, you can't do much better than this.  I haven't used my 18-55mm since I bought this lens.  I highly recommend this lens and would buy it again if I needed to.""
"20091027","5.0","Great Lens","The lens is great, wide angle and telephoto don't think I will ever have the need for another lens.Only con is that it some big and heavy but that is a function of wide 18-200 range of the lens.Amazon shipped it quick and easy.""
"20091018","5.0","Loving my new lens. Only problem so far is keeping the zoom from extending when the camera is tilted.","This is a great all purpose lens. I used it this morning to take a photo of a large group. Very easy to operate with the remote. This will be the lens that stays on the camera most of the time.""
"20091009","5.0","Range vs. Distortion","Everybody already knows the 18-200 mm range comes in a package with barrel and pincushion distortion. Nevertheless with sophisticated or even free image softwares both distortions may be easily corrected. I think the price we have to pay for the wide range is fair. Construction is also great. I use it in my 30D and 50D and the 1.6 crop factor boosts the telephoto end. Overall is a great lens.""
"20090925","5.0","A great, versatile lens.","Lens works as advertised and is, in my opinion, a great value among Canon lenses.  It has become my primary lens. I especially like its relatively compact size for travel.""
"20090916","4.0","Good compromise","I used this lens on a Digital Rebel Xti, and now on a 50D.  It's not perfect, but I feel it's a good compromise considering the range and aperature it has.  I've gotten the lens to produce some pretty good detail.  There is some variation from wide to telephoto length, and there is some distortion present, as others have noted. I thought the focusing speed and noise level weren't too bad, but not quite up to levels of higher-end lenses.  I have not had any problem with zoom creep so far.  I would recommend this lens if you need to travel light or carry one reasonably sized lens.  It's been handy to use when sightseeing and shooting a variety of subject matter.""
"20090905","4.0","Range, Versatility, and Accuracy","When looking at the Canon EF-S 18-200mm f/3.5-5.6 IS Standard Zoom Lens you see a lens that does a pretty good job at a lot of things, but is not perfect at any of them. It has a very nice zoom range, its wide angle ability is respectable, and its macro ability is adequate. All in all this lens does it all well and is the ideal first lens for any photographer. Then if you require a more task specific lens you may pursue at a later date.The AF is fairly fast, but a tad noisy. (it's not a USM motor, hence the noise) It handles low-light focusing well and the image stabilizer is very good. The lens lock ensures the lens won't be sliding down as it's slung over your shoulder provided you remember to lock it.All in all this is the ideal first lens for anyone. It works very well across the spectrum without any real problems.""
"20090831","5.0","Amazing!","This lens is the ultimate.  I used to have to switch often between my 18-55mm and my 75-300mm lenses, but now with this I have most of both of those ranges.  This lens produces such amazing quality.  It did cost more than my Canon XSI but it sure improved it too.  The image stabilizer is also the best I've seen on a lens.  If you have the money, I definitely recommend this lens!""
"20090831","5.0","Simply the Best "Wide angle zoom" lens out there!....","Look, I'm not a professional photographer where as I'd have a mess of lenses to switch to and fro!... I mean that no one lens does it ALL!...So, the Pro's will switch lenses when one lens will not do the job!... So, DO YOU WANT TO HAVE THEIR ASSORTMENT OF LENSES IN YOUR LENS BAG?..Thats what this lens is partially about!...you can simply keep it on your camera for MOST shots!..some call it a great 'carry around' lens....And, NO, this lens will not do it all!...and for you 'perfectionists' out there, if its perfection you seek, then, you'd better go for the extra moneyand get an assortment of lenses for that 'PERFECT SHOT!'.....I speak from experience having purchased the other so called GREAT LENSes like the Canon 70-200 2.8 lens that certainly solved my shooting invery LOW LIGHT problems. But, I had to return that great lens due to the problem that it could only go wide at 70mm. I needed a WIDER lens.And, I also returned another great lens, the Canon  17-55 2.8 IS lens because it couldn't zoom any closer than 55mm. So here, I'm sounding like an idiot who returned two great rated Canon lenses because one would not zoom far enough and the other would not go wide enough!..So, what to do, what to do......I finally decided that there was no one lens that would do ALL that I wanted it to do!..and, I wasn't going to buy three separate lens which would have solved my problem. Even if money were no object, I simply wasn't going to keep changing lens to suit my dilemma!..So, in my final research for this amateur but passionate photographer, I decided to go for the Canon EF-S  18-200 ,3.5 IS lens. And, the reviews I've read about this lens were no where near a good as the lenses that I had returned!....This lens goes as wide as I want it to and it zooms as far as I want it to. I had no need for any zoom longer than 200mm.Another plus for this interesting lens is that I can gain three to four shutter stops due to its 'Image Stabilization' abilities. So, even though itsa f/3.5 lens, I can shoot HAND-HELD in very low and existing light!... that was a tremendous plus for me since I rarely if ever use the flash!..So here we have a Canon lens that's gotten just OKAY reviews and I'm as happy as a pig in mud with it!..I love this 'OKAY' lens so much that I also bought the additional three year extended warantee so that I don't go into the 'depths ofdepression' should I drop it. Yes, you read that right. The warrantee DOES cover it if you UNINTENTIONALLY drop it. So for $62.00, I've gotpeace of mind for that three years its under warrantee.So, if you like to shoot pretty wide, from 18mm to pretty far out, 200mm, and like to hand hold shooting in very low light, thats what this lenscan do. There's also a Sigma  18mm-200mm  3.5 OS lens out there thats also pretty great too!Look, I'm pretty sure a top professional photographer would not be caught dead with this lens in his lens bag, but for me, there's simply nothing likeit!.. my shots all come out sharp, clear & focused.. 'good enough for this very critical,amateur!... I only wish Canon would have made it a f/2.8, but thats another story!...""
"20090828","5.0","Canon EF-S 18-200mm Review","Where do I start... This lens gets the most action/time on my camera. Images are clear and color accurate and the zoom range makes it hard to take off. I am a 1:1 ratio person that hates photos that only look good from far. I try for that pixel to pixel perfection that makes my hobby harder, but so much more enjoyable when done right. I don't use or run photos thru photoshop, because a part of me thinks it is cheating (leads me to retake photos often). I suppose someday I will change, but until then, I want a simple and clean photo.The 18-200mm has surprised me over and over. I have compared it to my L lenses and it keeps up. If you go to Canon's website check out the lens diagram info, the guts of this lens is very, very, very close to the L 24-105mm. I had to check because it was surprising me too often. In real life, I have taken the same shots between the two and find myself checking DPP (Canon's Digital Photo Professional software) to see which lens took which photo. When I test new lenses during an event, the 18-200 goes back on for the rest of the event because it produces GREAT shots and saves time in lens changes and looking like a wannabe pro. The only comparible L lenses I have in this range are the 24-105mm and the 70-200mm, both f4 and with IS. This lens STILL trumps them when it comes to function. My only complaint is the vignetting which usually only shows up when I photo something in the sky. I let is go until it get a great shot and that shot i open with DPP and let it remove it. My 50D has an option to do this in camera, but I have all that post shot cheating turned off. (no noise reduction, auto highlights, etc...)===L Lens Info for new folks:===Don't get me wrong, there are reasons to own an L lens. Tack sharp clarity may not always be the case. The 24-105 and 70-200 are similar to the other L series lenses, they help take the guesswork out of the shot. If anyone make a lens with well coated glass, low aperture, and supreme motors, the lens no longer part of the challenge with taking photo. The joy of photography is to enjoy it, and if you are in it to make money, then L is the way to make your life easier. For the rest, it is the challenge of getting that perfect shot. The advantage between Pro and Enthusiast is that Pros will come to learn which setting will or will not photograph well. Enthusiasts will be able to see each scene in a mechanical way, a way that they will know which Aperture, Shutter Speed, and ISO will get the shot the best. It isn't the lens that makes the shot, it's the photographer. But, L lenses make it MUCH easier to not worry about little details. L does mean luxury (not better photos) in the true sense that these type of lenses take out some of the guesswork for photography. I will say again, it isn't the lens that makes the photo -- it is the photographer; more specifically, it is the TIMING and LUCK.I will compare this to the list of lenses I have used and maybe you will have something to reference it by. BTW, I don't review lenses unless I spent a few weeks with them.Note: EF-S lenses handle power much better with longer battery life on Rebel (1.6 factor) Cameras in my experience than EF or non-Canon. I have seen this difference on my XS, XSi, two X1i's and my 50D.EF-S 10-22 USMno comparison (part of my travel trio)EF 300mm f4L ISno comparison (part of my travel trio)EF 50 f1.8 IIThere really is no comparison. This is a low light, close subject lens that is better than the 18-200 at 50mm.EF-S 18-55 IS (kit lens)The 18-200 has a better focus control. Image quality is the same, however, 18-55 is better at 18mm.EF-S 55-250 ISThe 18-200 has sharper corners all around, but I miss the extra 50mm.EF 24-70 USMCompletely better than 18-200 in the 24-70 range, but no IS. No IS makes it really hard to take macro shots.EF 24-105 f4L ISNear identical shots, can't tell when sorting (have to use DPP to find lens info sometimes). Overall, 18-200 is more useful.EF 70-200 f4L ISThe 18-200 is near same IQ up to 190mm. After 190mm this L lens has an advantage.  I love the 70-200 shell (nothing moves) but absolutely hate the noise that IS makes. I can hear and FEEL it start up and spin down. Annoying compared to the quiet 18-200.Sigma 150-500 OSThe 18-200 is better between 150-200. This Sigma did really poor at 500mm. Images were soft past 300 and at 500mm photos looked like double vision. I hope it was a bad lens.Tamron 18-270 VRThe 18-200 shots are cleaner at all ISO and focal length mm. The Tamron is a lens to be used in bright light at 800+ ISO. The range is advertised at 18-270, but in my experience it was more like 18-220mm. My 55-250mm Canon got closer to the subject.""
"20090731","5.0","All around lens","I recently got my 18-200 canon EF lens, it replaced the 18-55 that came in the package deal with my XSi Canon. I am extremely pleased with it, it will be my all around lens for every situation. And to top it all off, my wife doesn't even notice that I have got it, even though the barrell diameter is much greater. Great lens, would recommend it to anyone.""
"20090726","5.0","A must len when going on vacation","Just came home from Italy, from a family vacation. Knowning we were going to Italy and visiting many historic places. I wanted to make sure I could capture it all without being dissapointed that I didn't have the right lens. Let me tell you this len really surprice me how well it perform. The sharpness of the pictures where WOW !!!! Even when traveling in our tour bus at a high speed the pictures came out cleared without distortion. In a nut shell, If you had to take one len with you.This is the one. FYI, my camera is a Canon 50D.""
"20090716","5.0","As long as you know it's not an L lens ...","If you know what you're buying this is a great lens. With all 'super zooms' there are compromises, and this is not an L lens. I bought this as a traveling one-lens-to-cover-all at a descent price. Buying Canon lenses, the next significant step in quality seems to be buying two lenses at around $1000 each, which I wasn't prepared to do.""
"20090712","5.0","Excellent vacation lens","Bottom line, the 18-200mm lens has good sharpness across the focal range for producing sharp snapshots and nice enlargements. The autofocus is fast and accurate on my Canon 40D body. I do not miss the Ultrasonic technology on most of my other Canon lens. The $100 plus price advantage over the Nikon option seems to be a smart trade-off on such a casual lens.Image stablization is state of the art and includes auto panning capability making hand held low light shots a snap.I have an excellent 1.4 50mm Canon EF lens and made comparisons. There is and has to be an improvement compared to a simple prime lens that uses less than half the elements. I have other lens and find carrying their bulk to be distracting from . . . well . . . the vacation. The low level light capability of SLRs is their best feature in my opinion. This 18-200mm lens coupled with an SLR's low light capability is a great vacation combo.Finally don't underestimate the risk of dust getting into your camera body while you swap out your expensive lens to get the perfect vacation photo. I recommend saving those great lens for settings where you have control of the environment and use this lens for general purpose work.Highly recommended.""
"20090701","4.0","Solid buy with some problems","I will try to not reiterate what's been said thus far in other reviews. Everyone is on target and the lens' faults seem to affect some people more than others. Just so you know where I'm coming from: I consider myself an advanced amature and tend take about 20 shots/week on average.This is a solid everyday lens. I've taken some nice wide angle shots and have zoomed in on children playing with great results. Very nice to go from one extreme to another without having to change lenses.The barrel slips when held vertically. This is a pain in the rear when I take a shot, let the camera hang by the neck strap, then try to take another shot with the previous settings. In these cases, I have to refocus and can miss that spur of the moment shot. This is the #1 drawback for me. As long as I keep the lens horizontal, everything works fine. This problem has acutally made me a better photographer; I have had to pay attention more to my surroundings--when a good shot might be coming up and when it's best to enjoy the moment instead of worrying about capturing it. You can learn to live the lens slip.I don't see much difference between 170mm and 200mm. Maybe I'm just not experienced enough to make the note but thought I'd put it out there.I love the lens stabilization feature. I would have gotten some poor results in lower light with no tri-pod if not for this feature.I would actually give this a 4.5 stars if I had that option. I've recommended this lens to friends after letting them know about the lens slip. I think it's a good buy.""
"20090629","5.0","Just what I needed","I wanted a zoom lens but could not afford the one I 'really' wanted so this was a good starting point to expand my library of lenses.  So far I have been very happy with this lens.""
"20090624","5.0","I love this lens!","For the last two years I've been using a Canon EF 70-300mm IS USM lens. That lens works well for capturing far away subjects like birds--but it is just not a practical everyday lens.This lens, with the 18-200mm range is perfect! I can capture wide angle and still go all the way to 200mm which is close enough for most objects.  I was a little concerned that it did not have USM, but I haven't even noticed a difference. If I could only keep one lens I would definitely keep the 18-200!""
"20090519","5.0","Great lens","This is a great lens, you don't need any other lens because this one can fill your expectations.""
"20090429","5.0","A great lens","I'm very satisfied with this lens. This lens is fast in low light and excellent travel lens.""
"20090405","5.0","A must buy All-Purpose Lens","My brother recommended this lens when I was considering a start in the world of photography. When I checked the price I was shocked, but after reading almost every review on the market I shut my eyes and bought it.This turned out to be as critical a decision as the camera I bought (Canon Xsi) its a very good All-Purpose lens with a range from 18-200mm, after you get comfortable with the lens you may want to buy faster lens even though I bought a 50mm f1.8 which is another must buy lens.Remember to buy a filetr I bought the Tiffen 72mm Circular Polarised filter.""
