"20120609","5.0","great photos","For the price this is a great lense. The pictures are very clear and takes great action photos. I recommend it.""
"20120523","5.0","Versatile Lens","As a high school yearbook/newspaper adviser, I have a wide array of cameras that I provide for my students. The majority are small point-and-shoot cameras, including several PowerShot models. (I use exclusively Canon products.) In addition, I have several EOS Rebels and one EOS 40D.For classroom use, I've always sworn by the EF 28-135mm as a terrific all-purpose lens. For sports like football and golf, the EF 70-300 has always been my go-to lens. The problem is that the former doesn't provide much zoom, and the latter doesn't work well for close situations.What I really like about the EF 55-250mm lens is that you get the best of both lenses. I still get a certain amount of zoom capability and if I'm taking a sideline shot I don't have to back up to get everyone in the photo. Add the fact that this lens is about half the price of the other two and its a win-win.I've had this lens only a couple of months and have only used it at a couple of boys golf meets, but I've been very happy with my purchase.  HIGHLY RECOMMENDED""
"20120515","5.0","Just for Fun","I ordered the Canon EFS 55-250mm f/4.0-5.6 IS II Telephoto Zoom Lens on April,11 2012 from DavisMax and it arrived on the 15th. Now that's speedy service. I have used point and shot cameras for many years and wanted something a little better because of the arrival of a granddaughter. I also like to take nature photos, so that's the main reason for looking at zoom lenses.After researching for several months I choose the 55-250 over the 75-300 mainly because I would not have a focal length gap between my 18-55 and the zoom lens.As others have said the auto focus is a little slower than the 18-55 that came with my Canon EOS Rebel T3, but I don't use auto focus much. I do keep the IS turned on due to a slight shake in my right hand and I think it works great.As an amateur I think I made a good decision choosing this lens and would recommend it to anyone looking for a zoom lens.""
"20120423","5.0","Great value for this lens!","This was the perfect purchase for my third lens (after the kit lens and the Nifty Fifty). I was looking for a zoom lens that wouldn't break the bank, and liked that this one had IS. So far it has worked perfectly for me. I have used it for zoom purposes as well as portraits and other normal shooting. I was very pleasantly surprised by the sharpness of most photos. As other reviewers have stated, the focus is a tad slower than some other lenses and it is not the best in low light. But that was to be expected, so it hasn't been a problem at all. For the money, I think it is a great buy!""
"20120326","5.0","Great Lens for the Price","Great lens.  I debated between this IS lens and the 70-300mmn std lens-very happy I got the IS.  My first usage was at Disney's Animal Kingdom.  It took great closeups from the Safari Ride and most were very clear, even though you were riding in an open 'safari truck' over bumpy terrain. Also took some bird pictures on a nature walk and it made them look like you could reach out and touch them.Can't wait for my next chance to use this lens.""
"20120316","5.0","Great buy!","This Canon 55-200mm IS lens is a great buy for the price! If you are new to SLR or just looking for a lens that fits your budget, I highly suggest trying this lens. Recently I was talking to a professional photographer and his advice was, 'With lenses, you usually get what you pay for.' This Canon lens provides you with the features of a much more expensive lens. As a young professional, I was looking for a lens that would be sufficient while not breaking my wallet. This lens provided me with exactly what I was looking for at a fraction of the price of other, 'better' Canon lenses. While the auto focus is not extremely quick, it still surpassed my expectations! I highly recommend this to anyone looking for a high quality lens who is on a budget!""
"20120311","5.0","Great zoom lens !","The zoom on this lens is pretty awesome ! It is not the best zoom lens, but what you pay for, you can do amazing stuff with it !Here is an example shot from around 25 m away.[...]""
"20120224","2.0","Disappointing","Very disappointing.  The reviews seems to love the CANON 55-250mm.  Perhaps I received a reject, 2nd, or otherwise not 100% lens.  The clarity and auto-focus is less than mid-range point and click digitals.  The auto-focus is slow.  The results leaves me wanting more and wondering WHY and IF all Canon Digital SLR lenses are of less quality than point and shoot.  Wish I could present a favorable review for this product AND/OR seller but in all honesty, I cannot.""
"20120103","5.0","Great lens at a great price","Perfect addition to my Canon Digital Rebel. Adds to the range of the 'out of the box' lens. Lens was new in box, no signs of the dreaded gray market or refurbished. Works flawlessly. Seller was prompt. I'm very happy with the  purchase.""
"20110310","5.0","Excellent Lens and On time delivery.","This is an excellent lens with very sharp images and is easy to carry around. The deliver was on time and I was very pleased with the packaging.""
"20110302","5.0","Nifty Two-Fifty What a steal...","There are plenty of good reviews on this, so I'm not going to get into too much detail other than to say it is WELL worth a couple hundred bucks.  (and then some) I bought it, took some test shots and blew myself away.  It's surprisingly sharp, even wide open!  Now, if you step down a couple and pull back on the zoom it just gets better.  around 2 steps down at 200mm seems to be a sweet zone for this lens (at least in the quick testing I did). IS is very effective, and the bokeh looks great.  I had a seasoned shooter who lives w/ the 70-200L f/2.8 take a look at the test shots, he was impressed as well.  So, its not just me.I do have a couple complaints.... A: It is slower... focusing full range takes some time.  B: It is slower... only f/4.0 at best, so you will be shooting higher iso, longer shutters etc in lower light.  But, both of those are to be expected, so I will not hold those against the lens... just like inner focus would be better etc.  It's a $200 lens, you cant expect $1500 lenses to not have anything on it...Lastly, my biggest complaint is that it DIDN'T COME WITH MY CAMERA!  Ok, not a complaint on the lens, but it's really an impressive lens for the cost and so far I love it.  It's not an 'L' lens, so don't expect to get the same results.  But for $200, I would buy it again and again.David""
