"20120612","5.0","Search is over","After weeks of researching different sites and Ebay I concluded that there were no other 70-300mm lenses in this price range comparable to this Sigma lens. I then read all the reviews from customers who had bought this lens. Like 168 reviews. Well, I just received the lens and took it out on my covered patio. It's raining and heavy overcast. Attached to my Nikon D3100 this lens is auto focusing perfectly and has no 'low light issues' at all. Many reviewers noted less than stellar low light abilities. Images are sharp and clear. Bokeh is soft and inviting. The autofocus motor in the lens can be heard but is in no way obtrusive. Only time will tell if the lens holds up, but for now, for $169.00, it's the best 70-300mm deal out there.""
"20120604","4.0","Sigma 70-300mm f/4-5.6 Lens Review","I bought this lens for my Nikon 3100 since I was looking for a Teleobjective lens and it was extremely cheap; I had only the standard lens that was coming with the Nikon 3100 camera (18-55mm). I am not new to photography, but new to the digital world of photography, not using my 'obsolete' 35mm cameras anymore. I use my Nikon D3100 and experiment a lot with it.I definitely recommend the Sigma 70-300mm lens, it works well for me and I am still experimenting with it. The sharpness, color resolution and distortion are very good, I do not have any flare control issues and in general, I cannot complain. It is a very good product. I am constantly inventing new situations to use it and comparing. I agree with a comment made before that people are saying it is a little soft beyond 200mm but really, that is just being nitpicky. Basically, it does the job well, pictures are very sharp, color is very good, it is nice and light and it is CHEAP.""
"20120602","3.0","For the price hard to bitch","For the price hard to bitch. but here are some lil thingAF is slow.not not fast but slow in any thing but grate light. and misses foces in that light. but in good light still not fast with the AF can be tack sharp.this lens will give u grate photos if u take the time .it is not a 2K Nikon 70 200.remember that .if that is what u need you are short $1800. but it is good for the price""
"20120530","5.0","Great Lens","So far, I love this lens! Great purchase and at a great price. I will try and upload a picture or two that I was able to capture with this lens.""
"20120514","4.0","Best lens for the price","I purchased a Nikon D-7000 from Amazon last summer and bought a basic 18-105 mm lens elsewhere. Eventually I wanted a longer range telephoto lens with at least a 300 mm range but the Nikon lenses were out of range price wise. I looked at reviews on Amazon and discovered that the Sigma 70 - 300 mm was highly rated and was a fraction of the Nikon price. The only set back on this lens was that it didn't have VR (vibration reduction), but as a number of reviewers stated, with that range (300 mm) you should have a tripod anyway and that takes care of the vibration, especially with a remote control or using the self timer. So far, I'm pleased with this lens and think the buy I got on Amazon was great.  Erik M.""
"20120513","5.0","WOW-SUPER","I love this lens and planning to get more in time. I was in shock with pictures quality and and how far you can go and even you take a picture and look later in your computer and you will see things I could not see with naked eye. Very happy with price and quality of the product.""
"20120508","5.0","Sigma lens review","I had second thoughts about buying a lens that doesn't match my Nikon D3100. The 70-200mm Nikon lens is $80 more. This Sigma lens is great! Such a good deal. It feels like good quality. It is quite a bit heavier than it's Nikon counterpart. Sigma gives you 100 mm more of zoom. You can get a least 2 more f stops than with the Nikon. I was so impressed. I tried it. The Sigma lens is very fast. The motor is a little noisy, but it's not a problem. No concerns or issues. My only concern is what to do with my extra cash I get from returning my Nikon 70-200 lens.""
"20120501","5.0","Nikon D3000","I did a lot of research before purchasing this lens. I also looked at the Tamron lens. This is the only one that would actually work in Auto Focus mode. All other lenses (besides Nikon) you can only use them in Manual mode. Very simple to use. I absolutely love it. And for the price you can not beat it at all.""
"20120412","5.0","Awesome!!","This lens is awesome for the price, even for more money!! Works perfect on my Nikon D3100.  Would strongly recommend this lens!!""
"20120126","5.0","SIGMA 70-300MM Lens","I was shocked.  It came in one day.  I took a shot with my55-200 Nikon and then I switched ot the Sigma.  Quality between the two shots was fantastic, each in thier own right.  Sigma rocks, for hundreds less than the Nikon 70-300.""
"20090806","4.0","Decent for the price","Well, I knew what I was looking for, and based on the reviews, I was willing to try and get a lens with decent zoom for a low price.  After receiving the lens rather quickly I may say, I started playing with the lens and testing it's quality.  Yes, the motor is noisy, doesn't bother me though; it's not the best lens by any means, but for the money it does a good job.  If you plan on using this lens at it's max zoom (300 mm) you better be outside where you can have a quick shutter speed or have a tripod or something to help you keep it still.  If you don't have a lot of light and you zoom out to 300 mm, you will be almost guaranteed to have signs of camera shake in your pictures.With that said, this makes a good outdoor camera if you're wanting to take pictures of your children at their soccer game.The macro feature works pretty good, just remember you'll have to be at least 3 feet or so away from your subject before it will allow you to focus properly.Enjoy, I know I do.""
"20090729","5.0","Great lens, incredible price","You really can't go wrong with this lens. Its bigger, buts not so big that it weighs down teh camera. The pictures come out beautifully. And, again, the price is crazy cheap.""
"20090727","5.0","Fantastic Lens for the Money","Don't concern yourself about the price of this lens.  It is an excellent value and it is a very high quality lens.I picked this up for my Nikon D40 as it has an built-in motor allowing for auto-focus on this model of camera.  I have been using the included 55mm lens, and I needed a telephoto for it.  Having the Macro built-in was another bonus, and it does a wonderful job at capturing those 'close up' images.Go ahead and grab this lens, you won't be disappointed.""
"20090712","4.0","Pleased","We recently purchased this item. I was very pleased in the timely manner in which we received it. It has been a great lens so far. We have been using it to shoot photos of our grandson playing baseball.""
"20090625","4.0","Works pretty well!!!!","I bought this lens to go along with me nikon nikkor 18-55 lens because I wanted more of a zoom!It was pretty cheap but works well, If you are looking for a macro lens, don't buy this for Macro, because it doesn't work well for it!! Anyway it works for those FAR AWAY shots and you may need a tripod for when you go up to 300mm!! I think it is worth the money, BUY THIS LENS!!!!!""
"20090609","5.0","Great buy!","Bought this after reading the reviews. Works as advertised and the shipping was on time. Used it at my friend's graduation and got some great long range shots.""
"20090607","4.0","Excellent Bargain Lens","This lens was all the previous reviews said it was. Inexpensive, quick to adjust, well made, and not too heavy. While I haven't blown up any photos past 8X10 those that I have enlarged are excellent.""
"20090605","5.0","Excellent lens... even better price","I bought this lens for my Nikon D40x.  I was a little leery about buying it because its price is so much less than comparable Nikon lenses.  I assumed it would be of lesser quality than a Nikon lens, but it did not disappoint in any way.  The image quality is excellent, the focus is super fast and most importantly, the pictures come out great, even displayed on a 24 inch monitor.  You'll need to buy a bigger camera bag... it's a very large lens.  Highly recommend.""
"20090527","4.0","good entry-level zoom","This is a nice lens for someone who wants a zoom but can't afford something fancier.  It is a bit slow to focus at times, but it is awesome in manual mode.  I almost always put it in manual mode for macro shots.  Over all, I love the lens, and I have recommended it to friends.  I've been able to take some sweet bird shots, and it works nicely for sports IF you're quick on the shutter button.""
"20090524","5.0","Good inexpensive lens","I recently purchased a Nikon DSLR and wanted a longer focal length lens to compliment the lens that came with it. After some searching on the web I discovered this lens. It has a good range of focal lengths, works seamlessly with all my cameras auto features, takes good pictures, comes with it own lens shade, and even has a macro feature. For a 300mm lens, it is a nice size and weight, which makes it easy to handle and to store. You can reverse the shade and place it back on the lens to store. I would definitely recommend this lens to anyone looking for a good lens at a bargain price.""
"20090523","5.0","Very good product","Definately worth the money! I purchased this lens just before going on an Alaska trip. I'm very happy I did! The photos taken with this lens are fantastic! I couldnt' see paying the $400+ for the Nikon equivilant. I'd definately consider buying another Sigma lens in the future.""
"20090514","4.0","Sigma 70-300mm","For the money you can't beat this lens. Pictures are clear and it is easy to use.""
"20090511","2.0","Dont get this","This lens is no good. Please, save up and buy a better one. I have taken so many different photos with this and not one is print worthy. The focus is so soft that there is no detail at all. The only reason I give it 2 stars is that I didnt waste too much money on it and it does work. You might get away with printing a 4x6 photo and not see the softness but, if you catch a great shot and want to enlarge it, forget about it with this lens. Dont buy this lens unless you dont care at all about getting a sharp photo.""
"20090504","4.0","Sigma 70-300 lens","For the price, it is a very good lens, in the hands of someone who knows how to use a lens of this focal length. In the 150-300 mm range, a solid tripod is a must, as is the case with ALL lenses of a longer focal length. While the auto focus is a bit clunky, I normally use it in the manual mode, as any auto focus lens can get confused when there is a large variation in the depth of field. I use the lens normally for flora and avian, though I have used it in landscape shooting to zoom in on a section of a cascade, and have obtained sharp results, especially in the f/8 setting. In short, it is a good addition to my arsenal, and would recommend it to anyone not looking to spend hundreds.""
"20090422","4.0","best lens for the price.","wow great lens these lens are amazing [...]. great quality. but one thing... the motor inside is bound to brake. and i dont know if in the long run is gonna be a waste or not. i guess i will just not use auto focus with it so much. but that is my only concern. these lens have brough happyness in my life""
"20090422","5.0","Sweet buy","Its my first Lens buy, where I bought one that didn't come with the body of my D40X camera. I was really nervous about the buy and it not fitting, but when I got it, it fit!! So I'm really happy about it. I think the turnings a bit tough with this one but I'll get used to it. And the Motor is really loud! Not really what I expected! But I'll get over it too. Another thing is that it is kind of heavy! It'll kinda suck cause after carrying it around my neck the whole time it'll be tiring and the shots can be less steady. Other then that, the lens is wonderful! It was a steal deal!I was disappointed the bag didn't come with it. But I'll just get a new one :)""
"20090414","4.0","Solid inexpensive telephoto","This lens does what it's supposed to, delivers crisp images with no fuss on my D90.  I'm sure that for a lot more money, I could have done better, but for the money, this one is hard to beat.  I don't think the lens is unusually noisy, like some other reviewers.""
"20090411","5.0","Great Lens!","I bought this lens for my Nikon D60. I wanted up to 300mm zoom and the motorized focus since my camera body doesn't have this feature. I tested it thoroughly at a state park and was VERY impressed. The pictures were clear and sharp even at 300mm. I absolutely loved using it for portraits of my kids as they sat next to flowers and waterfalls. It was perfect for close-up shots of flowers too. The waterfall shots were amazing!The lens is heavy and substanial feeling, not cheapy feeling at ALL. This has quickly become one of my favorite lenses and I am glad I saved money by not having to buy the comparable zoom AF-S from Nikon. I saved a bunch of money!""
"20090408","4.0","Sigma 70 - 300mm/macro lens","I really like this lens. Using it on my Nikon D60 works perfectly.It is heavy but I kinda like that. The weight gives it a good feel and makes panning smoother. I played some with the macro feature and it works.I do have a preference to MACRO with a shorter focal length lens and this lens Macro's between 200 and 300mm. Good when you need distance but pretty much limits you to available light photography unless you have robot flash system. Over all it a great bang for the buck.""
"20090321","5.0","Great Lens for a Great Price","If you are familiar with Telephoto lens this will be a great lens for all sorts of use. The Zoom is fantastic and the 70mm is excellent. The motor for the focus is extremely fast throughout the zoom ranges and the 200-300mm Macro is great! I do a huge amount of landscape, Still and HDR and this lens fits the need very well.I've mounted it on my Nikon D40 Back up Camera and I also own the 18-200mm Sigma OS mounted on my D300 so where my D300 cannot reach the 300mm telephoto will. It fits the need and fits the budget too.Get ready however, the motor is slightly on the loud side but because of the photography I do, It doesn't bother me! If your doing a lot of portrait and studio you might get distracted by the focusing noise.  On the other hand it is very fast to focus so you need to ask yourself...What's more important...?!?! The quick focus or the random noises...!Like with all telephoto lens beyond 200mm you should be on a tripod especially in lower lighting and no OS but on good lit days even at 250mm handheld it shoots beautifully. The color contrast on the lens is near exact to my Nikkor 18-135mm and the 58mm hood works great on bright days.Do I recommend this item... OFCOURSE! For anyone who shoots anything its good to have a Great Lens for this price! Back Up Lens or Priority... It suits my daily needs for that shot that's all worth while!!!Cheers...!""
"20090319","5.0","70-300 lens","Wow! What a great lens for the price, I have use it a couple of times and the photo's come out great, I didn't really have the money for the Nikon lens but this Sigma is the one for me. I can almost see our little downtown from my house. It is just what I thought it would be, very happy.""
"20090315","5.0","Sigma 70-300mm Lens is great!","I purchased this because of the reviews I read online so I am adding my two cents worth.  The price really allowed me to get the lens I wanted now.  I am using at my son's soccer games and love it.Chris""
"20090312","5.0","Great for amatuers","I have a Nikon D50 and this lens. I mostly shoot dragonflies, flowers, nature scenes. I am a  total amateur-I don't even know how to manually set any of the settings on my camera. The fact that I am able to take shots that have blown me away is a testament to how awesome my camera is and how good this lens is. I am auto focus, auto everything, run curves in Photoshop-and I generally wind up with beautiful pics. This lens in the hands of someone more experienced would produce greatness. And the price? Awesome.""
"20090312","5.0","WOW","After using NIKON FM-2's, for years, purchased the D40. In the past, when I couldn't afford NIKOR, Sigma was the lens of choice. Again, they haven't failed me. This 70-300 Zoom is fantastic! Have only had it a week, but am sure it will more than do the job!""
"20090310","3.0","You get what you pay for!","You definitely get what you pay for when it comes to SLR lenses. Spend the money and get one with AF and VR. I like this lense for the zoom, but you must use a tripod with it or else you will have blurry pix. Good luck!""
"20090302","5.0","The other reviews sold me","I have a Nikon and wanted a stronger lens. I began my search on Amazon based on the reviews I ordered the Sigma. It has allowed me to get excellent close up shots of birds. I am glad I looked on Amazon before going to a camera store and paying too much for a brand name lens.""
"20090227","5.0","Love it","Love this lens ive only had a d40 for about 3 months. takes great pictures comes out very clear i like the fact that the base is metal instead of plastic like the kit lens.my only dislike it the motor for the auto focus it very loud.""
"20090216","4.0","Good lense for the price","This lense is a good range.  The first time i had this range it was the Nikon 70-300 non VR lense.  This Sigma lense offers pictures of the same quality.  The macro setting is only between 200-300mm, and im guessing that is because the macro mode only extends the focal range, it doesn't magnify anything.  Dont get me wrong, you can still controll the depth of field alot more than i thought i would be able to.My only two drawbacks are the fact that there is a little slop in the feel of the lense, and the motor inside is quite loud.  but I then consider the price as compaired to other 'zoom macros' or true macros and am then satisfied.this lense works fine with my D200 and will be keeping it unless i try to sell any photos.  i do not recommend this lense for anyone with a small side buisness and obviously not to the person who makes a living taking pics.""
"20090213","5.0","Worked fine for a while then quit","I bought this for my Nikon D40x and it is supposed to autofocus. It worked fine for about 2 weeks, then stopped autofocusing. Called Sigma and they were unhelpful. I initially gave this five stars, now it's zero. DON'T BUY THIS LENS; the motor doesn't work with the D40, D40x and D60 as advertised and Sigma doesn't stand behind product.""
"20090213","5.0","Excellent quality - Excellent value","I'm just adding my 2 cents in case anyone is hesitating because of the lack of built in vibration reduction. I just got back from a 2 week vacation, during which I had many opportunities to put my new lens to the test. As long as you can achieve a shutter speed appropriate for the focal length you've chosen you'll have no problems whatsoever. Times when your shutter speed has to be slow just use a tripod (or monopod). The optional remote control (D60) is a good idea too.""
"20090208","5.0","Sigma 70-300mm GREAT","I am in love with this lens. It is the first Telephoto Zoom lens I have used and the results are Super Great. I do however wish to let future buyers to rememver to get a UV Filter to protect your lens from scratches and other mishaps.""
"20090205","5.0","Excellent for the price","From the perspective of a serious amateur photographer, I have to say that this lens is a great value for the money.  In good light, it cranks out sharp image after sharp image with great contrast and color, even handheld.  As expected, though, things can get a pretty blurry at the long end in dim light, so take a tripod along with you when you expect to have to use this lens.Construction feels pretty sturdy to me.  This thing is heavy and seems to have metal in the places where it does the most good.  I like how the zoom ring feels, probably even better than those of most of my Nikon lenses.I find the Macro mode a little cumbersome to use since it only works within the 200-300mm range.  Maybe I'm just a great big whiner, but in my opinion, this requires a little too much fiddling with the lens when I'm out shooting and want to switch to Macro mode or back to normal.  It has to be focused at 200mm or more to get into Macro mode, and it has to be focused at a non-macro distance to get back to where you can zoom out again.  It doesn't sound too bad, but these are things I'd rather not have to think about when I'm concentrating on composition.  However, I must say that the lens performs wonderfully for the rare macro shots that I take.Autofocus is where I see the most compromise in keeping the price low.  It will often hunt for focus when I use it indoors.  It's also pretty loud.  Definitely look elsewhere if you need to be discrete.  When using it on my D40, it seems to be about as fast to focus as my other lenses.  On my D700, however, it's noticeably slower than my Nikons.Overall, I think it is more than worth what you will pay for it.  In fact, if you have the money for the Nikkor 70-300mm, I would even go as far as to recommend buying this instead.  The biggest difference that I can see between the two is the VR (Vibration Reduction) on the Nikkor, but at 300mm, you should have your camera on a tripod with or without VR.  Save yourself $300 and go with the Sigma.""
"20090201","5.0","Bargain.","The lens is really a bargain for $140.  I bought it primarily as a macro lens, but I have started using it as a telephoto lens as well instead of my Nikon 55-200 VR lens.  The lens is surprisingly sharp in good light, even though it does not have a VR/OS/VC feature.  Highly recommended for the price.""
"20090130","5.0","Amazing value!","You'll love this lens! The results are amazing. The AF works very well and the macro function rivals with that of lenses worth ten times more.I do recommend a tripod for macro photography, unless you have very steady hands. You cannot go wrong with this purchase.""
"20090128","4.0","D60","I did my research to find a lens that I wanted for a price that I could afford.  I own a D60.  I'm not a professional by any means, but I do enjoy taking good photographs.I love the macro setting in the long focal range.  I've only just tested this, and not done anything serious yet, but I'm really excited to try it out.  (In one test shot, I could see individual snowflakes on a bench 10 feet away.  That was in full light, focal length 300mm, handheld, full auto setting.  And I was shooting through a window.)My only complaints so far are: 1) There is no VR in the lens (With a tripod or even bracing against a solid object this is a non issue.  Its really only at the biggest focal lengths that there are any problems at all.  Even then handheld images are still very clear, but the tripod would eliminate that extra movement.).  2) The AF motor is relatively loud. (So I just use manual focus in quiet places--weddings, etc.  Once again, a non issue.)This explains the four star rating.  I'm sure if I had spent $300 dollars more, I could have avoided these 'problems', but I'm very happy with this lens.And my friends say I'm like a child at Christmastime.  I can't put it down!""
"20090127","5.0","i love this lens","i love this lens. if you want a zoom lens for a great price and good quality this is the lens for you. i do portrait and wedding photography and this baby comes every were with me. it is amazing. the only down fall on this lens is the macro setting i wish it was a bit better but its a good start.""
"20090122","4.0","Super value for great lens","I bought this lens for my wife's D40 and am quite impressed. I had already bought the Nikon 55-200mm with VR and was very happy but wanted the increased magnification and Macro feature since she does nature photography. Over the weekend, she shot over a hundred photos at a local park on the Hillsborough River here in Tampa including a nesting and flying Osprey pair across the river. Even the shots of birds in flight came out beautifully without VR which had been a concern. She hasn't used the Macro feature yet but is ecstatic over the quality of the pictures so far. At $139.99, this is a great value that is worth every penny spent.""
"20090112","4.0","Great lense","Purchased the Sigma 70-300mm and I have to admit that I am very pleased with it but I thought it would be a good idea to give the pros and cons that I see with this lense The 'cons' of this lense include:.very noisy auto focus.macro feature is small ( have to be in the 200-300mm range).slight chromatic distortion (color loss) in low light, very low light.not real fast f/4 - 5.6.tripod needed in low lightNow on to the positivesPros:.very very sharp lense.well made (not cheap).true macro feature.metal lens mount (not plastic).auto focus works great in good light.full depth prited on lens.will work with nikon D40,40x,50,60,70,70s,80,90,200......ED glass.many lens elements (helps with lense distortion).= to a 465mm with 1.5x factor (Nikon). wonderful balance throughout its lense range.slight pincussion but not bad.GREAT LENSE FOR THE PRICEI usually shoot with nikon glass and was reluctant to purchase this lense but after having it almost two weeks now and with well over 200 pictures on it, I think this lens is great!It has produced pictures of the same if not better quality than some of my Nikon glass, even the 2.8! If you are a budget minded photographer or just do not want to pay the outrageous price of the name brands, this thrid party will suit you fine.Simply put, I would highly recomend this lens to anyone wishing to upgrade from a 'kit lens'""
"20081229","4.0","Works great with my Nikon D40","I absolutely love this lens! What a terrific deal over the $450+ cost of the Nikkor lens! I have had no problem with using any of the features on my camera with this lens, including auto focus as it states.My only problem with it (and the reason for 4 stars instead of 5) is that when using autofocus, the motor is a bit noisy and can be disruptive when doing nature photography as I do. So when photographing a wild animal that I do not want to startle, I just manually focus instead.""
"20081221","5.0","GOOD LENS FOR THE PRICE","did everthing stated. focus motor is a little loud but what do you want for the price. I would reccomend it to a friend""
"20081221","4.0","Sigma Zoom Lens","I was happy with the pictures taken with this lens although I should have paid more attention to the other reviews. I thought that the reported noise of the zoom wouldn't bother me but it did. The motion of the zoom seemed a little forced...just not as  smooth as the Nikkon lens I wound up purchasing instead after retuning this lens. I had also wanted it for the macro mode...which worked very well! Instead I went with a separate macro lens.""
"20081216","4.0","Just short of 5 stars","This lens comes with a superb feature set for a very affordable price. I paid $139 (shipping extra) for this lens, and boy was it worth it. Excellent zoom range, acceptable crispness of image, decent build quality and a useful macro focusing mode. The only disadvantage is f/4 maximum aperture, but otherwise a worthy buy!""
"20081212","4.0","Sigma DG 70-300mm 1:4-5.6 motorize for Nikon D40","Great lens! Good Deal! Just little noise when focusing, but it didn't bother me much. Great for beginner like me. Easy to use. For less than $150, it is well worth it.""
"20081122","5.0","Excellent equipment","My daughter was excited to get this lens for her birthday. It was very good quality and very reliable service. I would recommend this company to all.""
"20081027","5.0","Great lens for the money.","This isn't a pro lens but is very capable.  I couldn't pass the price up.  Very affordable.  I got some great shots with this lens.""
"20081023","5.0","Great lens and not just for the price","I recieved my lens about a month ago and have been nothing but pleased. It focuses fast, takes great pictures, and was very affordable. I have absolutely no complaints. My dad has a simliar Nikon lens for his D90 but admited after taking some pictures with my D40 that he did not see a difference other than the price which my lens was about $250 less. He is now considering buying one for my mom's D40. Excellent lens. I highly recommend it.""
"20081020","5.0","dufuss6","Being a novice camera owner, I needed a better zoom lens for my nikon D40 slr.  The sigma af 70-300 lens is a good lens for what we need.  It's a little heavy, but it performs very well.  The pictures we've taken since receiving the lens are all clear and with a little getting used to, this lens is exactly what we wanted.""
"20081019","4.0","need some help","i bought this lense and i love it but i cannot get it to do auto focus... i dunno if i amdoing something wrong or what but i would love some help.""
"20081018","5.0","I like this alot","I really like this lens, and the price was awesome. The vendor sent it relatively quickly. With all the scamming going on in the electronics websites, it's nice to see someone do it right""
"20081015","4.0","So far good for the price","I bought this camera for my trip to upper pennisula of Michigan. Read other comments online about how good a lense this is for the purpose of catching a shot of wildlife. It's loud when it tries to focus. Requires some strength to stablize it. I still haven't figured out why sometimes in Macro mode, the lense will be stuck and can't retract.But for the price of it, it's a good buy. I uploaded my pics here as well.""
"20080930","5.0","great zoom lens","This is a really nice zoom lens.  It is quick and focuses quickly.  It is a little louder than my other Nikkor zoom lens, but for the money, it is certainly worth it!""
"20080910","5.0","My new Sigma Telephoto Zoom Lens","When I received my new Lens in the mail I was very excited.  I could not wait until I could try it out on my D40 Camera.  It was very easy to use and adjust.  I took over 100 pictures the first time of birds, insects, flowers and closeup shots of my grandkids.  When downloaded on my computer to view the pictures I was amazed at the clarity of the shots. I love the way it handles. It was lighter than I thought it was going to be but I was having a little trouble holding the camera steady at first.  I will be getting a tripod to use with it for still pictures.  Thank you so much for making this item available to us.""
"20080906","5.0","Best price 70-300mm. Lens","I have the Nikon D60 I think it's the best lens for this price ,but the bad thing is that is not VD, if your are not a  professional photographer this lens can be a little difficult for taking pictures because of this. I'm telling you again its a really good lens.""
"20080905","5.0","Awesome Lens, Superfast Delivery","If you're on a budget or just getting started, this lens does the job. Buy this lens and get used to it before you try and upgrade. You'll be happy you did since it may take a while before you enter the pro division. Spend your money on other needed gear.""
"20080826","5.0","Sigma 70-300mm lens","I ordered this for my wife.  The ordering process was easy and the company was a breeze to deal with.  Good communication and fast shipping.  Now on to the lens.  It produces crystal clear photos and runs smoothly with her Nikon D40x camera in either manual or auto mode.  She's very happy which means I'm very happy.  Thanks.""
"20080823","1.0","Good for the price!","I think it is better if you can save your money and buy a better lens. This lens is OK, but it's takes a long time to focus. If you want to take a picture of an animal, by the time that this lens focuses the animal is already gone. The macro is not what I had expected!! You can do a better macro photography by buying a +10 magnifying filter which costs $30 and use it on an 18-55 lens that comes with Nikon D40x and D40.""
"20080815","4.0","Does the job","This is the first non-kit lens that I have used on my D-40.  The price was great for my budget.  The macro works well for what I need, although I can't compare it to one of the 800.00 macro lens.""
"20080814","3.0","Not Happy","I only had the lense for a week and had to send it back for repair because it stopped working. The auto focus would not work. That was 3 weeks ago.Andrea""
"20080812","5.0","A great Starter Lens","I am a Nikon D40X owner and a starter photographer. Bought Nikon with the Kit lens and decided to purchase a 200 or 300 mm telephoto lens to get more from the camera. I decided to buy Sigma 70-300 f/4-5.6 DL-M Lens, which was one of the few options at that moment for my camera, without knowing a lot about the lenses. The main drivers were the length that the lens offering (and it suits to my expectation), suitibility to my camera, macro feature that it offered and of course the price.First, it is needed to mention that this is not a professional lens, to me a starter and useful lens offering many features together. The length it offers is not suited for daily photos, however, a very good opportunity to get great pictures with its zoom, macro and portrait capabilities. When the lightening is good, you may get wonderful pictures at all lengths. The most you'll be surprised is how great portrait photos you may get at 70mm. The built-in motor works without any problem. Macro feature works, however, if it is your the one and main driver to buy this lens, be careful about how close it allows you to approach the item (it is not a great distance that you may approach for a macro photo).I bought this lens 2.5 months ago, and in the meanwhile I had chance to learn more about taking photos, the lenses and get more familiar with my camera. I recently decided to change my kit lens with a better lens and decided again on Sigma (they got my confidence) for a 18-50 f2.8 lens. This 70-300 lens will be a part of my lenses inventory as it offers many great opportunities to take great pictures.Summary : Including the supplier (47st Photo via Amazon), it was a satifactory and happy purchase at all steps.""
"20080730","4.0","Just buy it!","I have looked and reviewed all kinds of camera lenses. I am a college student on a tight budget. I wanted a new zoom lens for my d40x. Found this, read all the reviews, checked the price, bought it! I've taken about 15 shots already and I love the results so far. With some practice this will be a great asset! Can't find a better price for this type of lens.""
"20080728","5.0","Nice for the Price","I shopped for a lens that would let me take macro. I found this one and it works great on my D60. I have an add on lens to increase the macro even more. For me this lens delivers.""
"20080724","5.0","Sigma lens","The lens worked great for what I paid, which is way less than what a Nikon lens would have cost.""
"20080723","4.0","Great Lens, A must have for any DSLR Kit.","This lens is amazing.  I bought this lens because I needed something longer than my 200mm, and the price was alluring.  I was skeptical at first, but after doing my research on sigma, decided to go with it.First of all I love the 58mm objective on this lens.  It isn't too large, but allows for crisper photos in low light situations.  The Macro feature is absolutely amazing, and comes in very handy when outdoors.My only misgiving with this lens is that the focus motor is a bit on the loud side, not annoying, just obvious in a quiet room, and distracting in the middle of a service or ceremony.  A nikkor lens has a faster and quieter motor, but for the price, this is an amazing deal.Bottom Line - BUY IT!!!""
"20080722","4.0","A great deal for the money","I picked this up because I wanted to do a little experimenting with my D40. I figured the price was right and it had to do something I could use it for.Bizarrely, I've found that this is a great lens for outdoor portraits, and a weekend spent a Vegas pool with some friends completely verified that (see shots in the sample section). I have some trouble with long-distance scenery due to no stabilization and noticed that a circular polarized filter threw off focus at long distances as well (I could also just be cheap!).I'd purchase it again, but just make sure you try it in a variety of situations before you right a review. It's definitely got some high points if you keep trying something new.""
"20080717","4.0","Good lense","Too good to be true?!?  I thought so, as all the other lenses I priced were in the $400-500 range, but I am really glad that I read some of the reviews.  I don't know that I would use this for sports, etc, cause it does not seem fast enough for that; but scenery and still shots look great.""
"20080626","4.0","A great value for a good lens","I bought this to use on an upcoming trip to Alaska. I have used it in shooting around California including the Sierra's. The Lens focuses well but the use of a monopod is a great help or a tripod. The macro feature is an added bonus as well as the motorized feature. If you want to practice before buying a more expensive lens and camera this is the way to go. I have a Nikon D60 and am moving from my 35mm film camera to digital. I have to admit the auto focus is nice but the ability to still go all manual is wonderful.""
"20080604","4.0","Amazing pictures","It is only 4 days that I received the lens kit from the seller. I am not an expert photographer, and I own a D40.Out door pictures are simply excellent & autofocus works very well. Additional flash lights are a must for low lit areas, but we can do without it in well lit indoors. Handling is smooth, a tripod would be of an added advantage, but with some experience, you can  avoid shaky pictures.I will recommend this lens for this price you spend. Just enjoy taking new pictures!!""
"20080529","5.0","Great lens for a great price!","Feeling limited by my 18-135 lens I began looking into zoom lenses.  A friend of mine has the Nikon 70-300 VR which is an amazing lens but substantially out of my price range as well.  I debated saving up for the Nikon lens but after much consideration I decided to give this one a shot since it was within my budget and would get me that extra distance.  I am using this lens with my D40x and the pictures I have taken have been crystal clear.  I am extremely satisfied with this lens and it has performed well above my expectations.""
"20080516","4.0","not too bad","Its loud, it feels nasty, and its clunky.  Get past all that and its a great buy!  If you have used the Nikon version you'll notice the difference.  The color is good and there is not much distortion at all.  It would be nice if it had some kind of vibration reduction but if you have a tripod you'll be ok.  I'm just trying to get past how loud it is, after that I'll be totally fine with it.""
"20080513","4.0","AWESOME LENS!!","The lens is EXCELLENT for the price. Takes wonderful photos. The only drawback is that is does not have 'image stabilizer' but other than that this is the perfect lens for anyone. I would highly suggest it to anyone.""
"20080509","5.0","Excellent lens and an incredible value!","I hesitated purchasing this lens for my Nikon D40X--probably looked at this listing six or seven times before making the purchase.  Truthfully I was worried about how inexpensive it is.  Now, I'm probably a pretty average amateur photographer in that the majority of my pictures are family stuff: kids' sporting events, vacations, birthdays, and the like.  But that doesn't mean I'm willing to compromise on quality just to save some money, and I know that the Nikon 55-200 is a quality lens.But, I purchased based on Michael Del Priore's review (his was the only review at the time)--I figured, at this price (especially when compared to the Nikon 55-200), why not give it a shot, and I'm glad I did.This is an excellent lens.  The auto focus motor is fast and doesn't chew up the battery (I was concerned about that, but I shot almost 170 pictures at my son's games two Saturdays ago and didn't use any more battery than the Nikon 35-70 lens that came with the camera).  Like 'cinderoo' I haven't had any stabilization issues to speak of either, even snapping away while following 12 year old boys run the length of a field.  That may be more of an issue with macro photography, but I'd imagine most of the (admittedly limited) macro photography I'd do would probably be with a tripod anyway.Now, no one would mistake me for a professional photographer, but I can tell you that when I pull up photos shot with my D40X and this Sigma lens on my 24' iMac and view them full screen they are *everything* I was looking for when I decided to move to an SLR camera.""
"20080502","5.0","Super Telephoto and Macro Lens for Nikon D40..D40X..D60","I purchased the Sigma 70-300mm F4-5.6 DG macro lens for my Nikon D40..the lens has a Built in Motor Drive and does Auto Focus very nicely with the Nikon D40..D40X and D60..I shoot mostly landscapes, animals, birds, and flowers and have taken some very nice photos with this 70-300mm Telephoto and Macro Lens.  This lens does not have Image Stabilization however using the lens without a tripod does not seem to be much of a problem because I have not had many blurred photos..The lens is very reasonably priced for the amateur photographer..I have shared some of my recent photos that I took using this lens which are posted on this Amazon listing with my review.The lens shipped immediately by 47th Street Photo and was received in two days.I highly recommend the Sigma 70-300mm F4-5.6 DG Macro Lens.""
"20080413","5.0","Still a Great Lense for the Price!","So I was the first review for this lense and I have read over a few of the reviews. Please disregard any of the bad comments about this lense. I have owned this lense for quite some time now and it still is a great lense for the buy! You can't beat the price for the quality. I work in Studio and we use Canon 70-200mm f 2.8 lenses that are around $1300 and to me it's a waste if your not shooting indoors when you can spend $140 on a 70-300mm f/4-5.6. I have shot many jobs with this lense and have printed many pictures out. Optics in this lense is amazing. You do not have to use this lense on a tripod at all. I use it hand held in most everything I shoot except long exposures. The only thing that could be slightly difficult is indoor shooting. Overall this lense is good. Not worth the money to invest in a VR lense...Can't even tell the difference.""
"20120110","5.0","Excellent Lens!","I have a Nikon D3100 and this lens saved my life! The zoom is awsome and the image is very good!Recommend for everyone!Cheap and good!""
"20111230","5.0","excellent !","Awesome lens, takes beautiful photos. Great for multiple uses. I use it for action when I cant get close enough to the athlete. definitely recommend this product""
"20111220","4.0","Decent zoom lens at a fraction of cost of Nikon's","If you can't afford to buy an expensive Nikon zoom lens of this range, 70-200 or 70-300mm, this one from Sigma (made in Japan) would largerly bring the thrills and satisfaction of taking close up shots with a decent bokeh. This lens' target consumer is probably a beginner DSLR enthusiast (like myself), not spoilt by the quality you can expect from a professional lens with a larger aperture. I owned this Sigma lens for 6 month, and found I wanted to use it quite often. PROS: 1) Decent quality for close-up portraits (or when less depth of field is desired) at this cost! 2) Decent macro-mode with just a push of a button that makes this lense more versatile. CONS: 1) Requires tripod or bright light to freeze the action. 3) Not suitable for landscapes - not enough sharpness and contrast. 2) Auto-focus is fairly slow and motor is noisier than in Nicon's lenses but it is a reasonable compromise. This lens is fairly sharp in the center for close-up portraits in the 70-200mm range if properly focused. It is softer toward 300mm end. The macro quality is quite good and let you to be introduced to macro photography, e.g of large flowers and insects. The focusing distance in the macro mode is roughly a yard away (very convenient), and you only need to set the lens in the 200-300mm range and switch the lever (a tripod and bright light are still needed). I thought I had a small defect in my lens (small bubbles in the glass), but this did not seem to affect the pictures. I am glad I kept this lens so I enjoy close-ups and macro without paying premium. I do not think it makes sense to pay some more for a VR version, I would rather buy a Nikon's lens to upgrade.""
"20111218","5.0","SIGMA LENS IS AMAZING!!!!!!","I was looking for a cheaper lens than the actual Nokia lens and my tutor recommended Sigma.This turned out to be a great investment. I plan on buying more Sigma products in the future.""
"20111110","5.0","Great Buy!!","I have to say I am very pleased with this lens! It was delivered super fast,and in perfect condition.What I love about this lens: Fast focusing with the Nikon D5000.Clear,crisp,vivid pictures! I was very surprised by a picture I took of the family pet. The color that you see through your eyes is the color that the lens captures. And I am very satisfied about that!:)Very good lens build! The first thing I thought when holding this lens in my hand is that it wasn't a cheap plastic like I thought it would be! My Nikon camera [the D5000] came with the standard 18-55 mm lens. The Nikon lens felt like a less durable lens. I would hear the plastic squeak on the nikon lens and I just had it for about 3 months.I am not a professional photographer,or anything like that,seeing that I am only in my late teens. But using this lens will offer me so much more than the standard lens. It has a lot of numbers and symbols on it that I have NO clue what they mean,[lol] but I think with a read of the owners manual,i'll get it down!!:)This lens is big. It weighs quite a bit more than my old 18-55 lens. It doesn't bother me about the size though.I don't really have anything to say about the negatives,but there is one thing that gets to me..The focus noise. It is a little loud,but it is quite fast on my camera.So overall,I am very happy with this lens. Not sure how it will do on other camera bodies. Like I said,I'm a beginner,not a professional,but you can't go wrong when buying this lens for the Nikon D5000!!p.s,the lens with the built in motor DOES autofocus with the Nikon D5000.""
"20111018","5.0","Perfection","This lens is honestly perfect, it fits with my Nikon D3100, it takes amazing photos, and everything! The only problem I had was that sometimes it can be a little hard to focus with, but you'll find that problem with any lens this size I suppose. It's a great lens!""
"20110924","5.0","Got it today","Before I purchased this lens I read the many reviews and followed some groups on Flickr to see examples of picture quality so I figured it was worth a shot. Got it today and it works great on my D60. Yes, its feels a little light for lens of its size but it packs a pretty good punch. Very pleased with what I paid and what I got. Even tried it out on my 35mm N75, works out great auto-focus and all. Doubt I would use the auto focus on much the N75, imagine it would drain the camera's little batteries fairly quickly.  Nice lens, nice price. Hope she holds up for me!!!""
"20110918","5.0","Great lens! Especially for the price!","The lens does exactly what we were lacking.  The zoom really gets the shot right up to the camera.  If I were a lost little squirrel I'd get me one of the here lenses!""
"20110913","3.0","Camera Lens","This is a descent lens for the money. It can take good shots within a short distance. I like the Auto Focus feature. I used it frequently when taking photos of my son who likes to move around rather than sit still. You can push the shutter button and it will begin to focus on your subject (and then say smile).""
"20110903","4.0","Very happy with my purchase","I purchased this for my wife's Nikon camera. It takes amazing pictures. It has a macro setting for extreme close up shots of small objects like insects. It does take it a few seconds longer than a normal lense to focus.""
"20110821","3.0","LongDistance","It was a great product for the price and I would like to say that the pics looked great, but I returned the item because I was having to force the lens on my camera body.  I was fearful that in the long run I would damage something.  I exchanged it for the Nikkor lens. I loved the price however!!""
"20110817","5.0","WOW","Bought this lens for some macro and short telephoto work.Build quality is great. Solid construction. glass is very clear.The motor is a bit noisy but I use in manual mostly anyway.The hood it comes with is great. and if you don't want/need it just flip it around out of the way.It's heavy but it's a large lens.I gave it 5 based on my needs and price I paid.""
"20110804","5.0","A lot of bang for the price","For the price you can't go wrong. From operation to picture quality, its more than I expected. Would consider Sigma products in the future.""
"20110803","4.0","Like It A Lot","I'd like to call this lens 'The Best Bang For the Buck'.  Been using it for about a month and am glad I didn't pay twice as much for the Nikon brand.""
"20110803","4.0","Build quality leaves a bit to be desired","You're buying this lens to take pictures, right? And it takes very nice pictures, given enough light and a tripod (or a fast shutter speed). It's a bit slow to be useful indoors without a flash, but it's an excellent choice for daylight shooting.But the low price tag is apparent in the physical quality. It feels like a piece of plastic, the zoom and focus drift when you point the lens down, and everything just feels loose and flimsy. It's a good starter lens, and a lot of zoom and macro for the money, but don't expect it to last forever. Especially if you use the autofocus (which I don't) - the ease with which the lens pulls and turns on its own means you'll end up grinding the autofocus gears, and this seems to be a common point of failure for many people. Not an issue if you keep it in manual focus mode, of course.That said, it's a very functional lens, despite the lack of VR or large aperture, and I use mine quite a bit. The optics are high quality, just keep the $160 price tag in mind when you set your expectations. I'm a little surprised that Sigma doesn't fix the minor build quality issues - they could easily double the price they charge for this lens.""
"20110801","2.0","A promising lens...","I wanted to get a Nikor 70-300mm like my Mom's but got the bait and switch deal from an unnamed online store. The lens itself is a bit lighter, and has a strong motor to it. It's loud, but not bad. The macro option is a good touch too. Didn't find any problems with color. I recommend using a tripod anyway. This thing has no vibration reduction that I know of, but maybe it's just in there.My only beef with the thing is that it focuses out suddenly, leaving you out of focus when you need the shot the most, esp. if you're taking shots of an animal that you know you won't get a chance to see again later. This happened to me a lot. No manual focus ring to fine-tune your focus. It does lock in on your subject but is finicky...it will zoom out again before the shutter releases. That's frustrating.This is only how OUR cameras faired, and it was a brand new lens. We have a Nikon D60 (which just died) and a Nikon D5000 (great camera). It acted the same way on either camera. All in all, it's not a bad lens. Just...touchy.""
"20110711","5.0","perfect for price","This is an amazing deal on a great telephoto lens.  It is a perfect lens for birdwatchers that aren't ready to spend huge money.""
"20110710","5.0","Pleased","I am new to photography, and for a novice, this lens is easy to use, i am having fun with it, can't wait to print some of what i take to really appriciate it.""
"20110622","5.0","Great lens!","This lens has given me the added distance that I was looking for to get really decent candid shots of family at our family reunion. Most times with my 55-200mm lens people would notice me and pose, but with the 70-300, I am able to be less obvious and therefore capture some images that are truly memorable.""
"20110523","4.0","Very good "starter" lens","I purchased this lens because I found a great price on a used model from an Amazon vendor.  For the price, I wasn't expecting much but I am very happy with this lens.  Prior reviewers are correct in that this would not be mistaken for a 'professional' lens but considering the price difference, I'm not sure how you could make that error.The lens motor is noisy, the lens itself is relatively heavy, and its settings rather quirky - AF/Manual mode sometimes refuses to engage/disengage as does the macro mode.  Auto-focusing is sometimes a challenge.  All that aside, I think the lens is solidly built.  The picture quality has been very good so far.  Generally, I'm very pleased.Camera used with this lens is a Nikon D40XI am (at best) an amateur photographer and a professional might have a very different opinion of the picture quality, etc.""
"20110508","3.0","You get what you pay for... Unfortionatly","I bought this Lens for my Nikon D40.  I am an amateur sports photographer, and when I say amateur, I mean I take photos of my sons little league games.  I wanted more reach than my 55-200 so I bought this after reading and researching all I could find.  This lens takes great pictures but it's not good for what I need.  It doesn't have image stabilize, so I bought a monopod to go with it.  I got good pictures as long as it was bright but once the sun started to go down everything went blurry.  Everything, even 6 foot away and not moving.  I give it three stars because I'm not happy with it but honestly I know it's not the lenses fault.  It's a good lens, just not good for what I need.""
"20110502","5.0","Great quality for lower price","I really like this lens. The material is very soft, it almost feels like cloth-texture and makes it great for precise control on zoom and focus. Photos come out really sharp and there's really no difference between other similar lenses.""
"20110430","4.0","70-300MM Sigma Lens","I was impressed with the lens in that it cost less than my original D40 Nikon lens that was lost. The only fault I could find was that the motor is a little louder, but if you are wanting a low cost alternative it performed as well as the original.""
"20110420","4.0","Great lens","Got this one about 9 months ago with special focus on my upcoming Alaska trip then. Just what the doctor ordered for the trip. Good quality and everything and worked well with my Nikon D40 box. The only thing is the usual issue/spec. with a Non-VR lens. Needs good lighting when on high zoom and will need reasonably steady hands. But again this is a matter of how much you are ready to invest and want to go for the VR one with the additional cost. The Non-VR has worked OK for me and I haven't had any major concerns on my use with it so far. Go get it!""
"20110410","5.0","Amazing!!!","I really don't know how I considered myself a photographer before I had this lens. The range is absolutely amazing! I can do so much with it, and I feel like my camera is naked when I'm not using this lens!Really great lens, the only con I have found is that the motor is a little bit loud and it does beep to focus; but other than that 5 Stars (:""
"20110406","4.0","Just what I wanted","Needed a zoom lens and after doing some research this was the one I chose for quality and construction.  I have another sigma lens and have never had a problem with it.""
"20110315","1.0","Wast of $169","Hunk of junk. You can't shoot with it at all except in clear sunlight. Indoors or in an overcast sky or shade, it's completely useless, no matter how high you set ISO to cut down shutter time. Unless you plan to shoot only on sunshine days, don't get this. If there's a cloud in the sky, you'll be sorry you don't have something better.""
"20110301","2.0","Don't risk it","The autofocus motor on the lens broke within 30 days. Good thing it broke within the return policy's terms.Anyway, it's a pretty good lens. It has really good image quality, nice bokeh. It has a nice, matte, feel to it. Only if the autofocus motor was a bit sturdier. I read the reviews and saw the problems with the autofocus, but bought it anyway because I was enticed by the price.Don't waste your money and buy a Nikon lens.""
"20110202","4.0","Sigma 70-300mm Super Zoom Lens","This is a very nice product from Sigma. It took some getting use to with the AF/M button but not an issue.Mounts very securely to my Nikon D3000 with little effort and is not the least bit loose. There is a lockingswitch that allows you to keep the focus at 200-300mm without coming back to the 70mm reference.There doesn't seem to be any noticeable abberations on the edges and I havn't printed any photos yetto see how it affects the vignetting of the outside edges. I am not a technical photographer but appreciate the basic terms of a review.The lens does what it is supposed to do and was delivered in 4 days time just as they said.I am mostly an outdoor photographer and its rare that I even use the flash at such distances.It works 'good' at night as in many cases I have gone downtown to photograph display windows,old buildings and many of the lights down the street filled with cars. Set it up right and the distance shots areas clear as the closeups. Fast shutters are not an issue either even in low light.Overall, for me, its a great addition and love all that I have done so far. Cost was not an issue for this lenssince many of the 70-200's begin at the $300-400 range. Perhaps later, that may be another choice but, for now,I enjoy what is produced from this lens.""
"20110131","4.0","Excellent lens for surveillance work - well built","I use the lens for surveillance work.  Even though it does not have image stabilization, that is okay.  Most image stabilized lenses recommend turning the thing off when shotting at lengths over 200 mm anyway.  A good workaround if you don't use a tripod or other rest is to set the camera drive to shoot mutliple rapid exposures.  Some of the exposures will come out crystal clear.  The lens is heavy, but That is okay for my purposes.  One recommendation I would make is that whenever you want to attach something to the lens, such as the hood or a filter, that you flip the switch to manual.  I have read a number of complaints about the gears being stripped in this type of lens.  It is my opinion that the users have stripped them.  When the lens is not in manual mode, it rotes quite easily and you can hear the gears whining in protest.  Flip the switch to manual and you won't strip the gears.  Buy one of these and you won't be sorry (IMO).""
"20110123","4.0","Great lens.","This is a great lens. It doesnt cost to much, so due to de value its a great lens. In the other hand, this lens has a little noise autofocus, and the autofocus doesnt work very well using the macro.""
"20110122","5.0","lens","My response is based on the enthusiam that my son-in-law has given me regarding the lens.  It was given to him as a Christmas present.  He used the lens all during the Christmas Season and while attending the BCS Championship in Phoenix.  His shots of the Phoenix area were tremendous.""
"20110114","4.0","Great Lens, but...","I was looking to move up with regard to my zoom lens (55-200) the 70-300 was the next step up but I didn't want to spend the money. The Pros are that the picture quality is good and I can take pics from even farther away (typically I take pics of the surfers and mountains in Hawaii and my 55-200 lens was fine, but I wanted to take my shots of objects farther out). The glass is great and I think the craftsmanship of the lens is great. The Cons (though nothing major) are the weight of the lens which is much heavier than the Nikon lens, the darker black finish, so the camera looks two-toned, but that's no big deal, and the installation (the lens did not easily fit on my D60. I was careful but my fear was that I might strip the threads on the camera body). I will use the lens only for far away shots and will opt for the 55-200 unless something is really far away (like a coyote that almost tore me a new one while taking nature shots. This lens is perfect for outings like that). Overall it's great for the price.""
"20110109","4.0","pretty darn good lens for the price!","Just like most of the people who may have bought this lens, you may have wondered if it was 'cheap'.  Well, as far as the quality of the lens, its actually pretty solid.  doesn't 'feel cheap' at all.  I used it with a Nikon D60 and the auto focus was fairly quick.  Picture quality was pretty good for some indoor shots I took at the National Air and Space Museum.  I believe the only reason this lens doesn't cost 0ver $400 is because of the lack of VR (Vibration Reduction).  When you are taking pretty far away shots, here's where VR shines.  Personally, I havent noticed a huge distortion with far away shots in my pictures, so for the money and the quality of this lens, you just can't beat it!""
"20101231","3.0","Does not work for D5000","I bought this for my wife for her D5000 but it is not compatible. I used it on my sister-in-laws D70 and the auto focus is really slow. If you are planning on buying this for the D5000 or D3000 don't bother. Those cameras have to have a AF-S lens for the auto focus to work. I gave it 3 stars because it didn't disappoint me other than the slow focusing and that it doesn't have a AF-M switch on the body.""
"20101225","5.0","Awesome!","I've been lurking around reading the reviews and just last week decided to buy it. Thankfully, it turn out really good. For the price can't beat it. It takes good photo can't wait to go around and take a lot of photo's. Great buy and would recommend it to friends.""
"20101224","4.0","Good for the price!","I haven't really had time to experiment with this lens yet, however so far, it is fantastic. For the price, the lens is well built and picture quality and focusing speed is good. Images can, however, be slightly soft close to 300mm but it is not too bad. It does miss any form of stability however.A much recommended lens.Construction Quality - 8/10Features - 7/10Portability - 5/10Image quality - 7/10Value - 10/10Overall - 37/50""
"20101213","4.0","Best Bang for the buck...","Ok, so to start off, I am in no way anything but an beginner at DSLR photography.  I need a lens for my d5000 that would be able to get distance shots at Civil War and WWII reenactments that I love to go to and watch.  I looked around for a bit reading reviews and was trying to decide between this and the Nikon 55-200mm lens that is priced around $200.  The $60 price difference was not a big deal to me but I did like the fact the the Sigma lens went up to 300mm instead of 200mm.  At many of the reenactments, you can not get very close and I felt that I might need the extra stretch.  Well, I went ahead and got the Sigma thinking that if I didn't like it I would return it and get the Nikon.  The VR was the one thing I wanted that the Sigma did not have.  Well I found that not to be a very big issue at all.  I got the lens and was off to a WWII reenactment in middle TN and took nearly 600 shots with this lens.  I only had about 30 or so that were blurry from shaking that the VR would have fixed.  Not bad in my book.  The Auto Focus motor was pretty fast at finding focus for me and I got 100's of great shots.  Were they as clear and crisp as a $1000 plus zoom lens?  No, but for $150 I am more then happy with what I got and feel I got more then my moneys worth.  If you are just beginning or on a budget, this is a great lens.  As I only will be using this lens about 3-4 times a year, I did not feel that I needed to spend way more for great Zoom lens though I know they are out there.  I do mostly macro photography of mini war diorama's.  The macro feature on this lens is ok but I will stick with my trusty Nikon 50mm for most of my work.  I used it a bit and liked having Auto focus which my 50mm does not have, but think the Nikon was way crisper for my purposes.  IMHO, one of the best bank for the buck lens out.  And a great budget backup for you pros that need a lot of zoom.""
"20101213","5.0","lens","Great lens for a very reasonable price. I have taken many shots with this lens since i have purchased it in daylight as well as night shots.. Took a great photo of a full moon..""
"20101208","5.0","GREAT DEAL!","Sweet lens - use it on our Nikon D40 - easy to use, takes GREAT pictures - highly recommend. CAMETA CAMERA ROCKS!!!! Very quick shipping, good communications throughout. Couldn't ask for more!""
"20101202","4.0","GOOD FOR THE MONEY","THIS IS A VERY GOOD LENS FOR THE MONEY,I HAVE USED IT A NUMBER OF TIME ,AND IT WORKS WELL.THE AUTO -FOCUS DOES FREZZE UP AT TIME ,BUT THEN AGAIN, MY NIKON LENSES ,DO THE SAME THING,ALL IN ALL YOU CAN'T BEAT IT FOR THE MONEY ,I THINK IT IS WELL WORTH IT ALL IN ALL!""
"20101028","5.0","Sigma 70-300mm Lens","I purchased this lens for my Nikon D3000, and absolutely love it! My picture quality is great, way better than using my 18-55mm lens that came with the camera. I highly recommend this lens to users who are just getting into photography, and are looking for some bigger lenses! Definitely worth the money!""
"20101024","4.0","Decent for the price, but not in low light","I give the lens 4 stars for what you get for the price. I use on my Nikon D-80 which came with an 18-135 mm lens, and I wanted to purchase a telephoto at the same time as the camera purchase but couldn't afford more at the time.  Based on reviews here I gave it a try.It takes good quality photos in good light situations, but it slows down the camera's frames-per-second performance a bit.  It's also quite heavy and without vibration reduction,  so you need really good light to get a crisp photo without a tripod.  So you can shoot on the fly only in very good light conditions.  Once the light drops even a bit like late afternoon, forget using it without a tripod.  I've gotten some great photos with it, but I've also gotten some real dogs - shots that would never be a problem with my Nikon lens.""
"20101007","4.0","Great for beginners and intermediate photographers.","Great lens for the price!! I'm a beginner, so I have not had any experience with any of the high end lenses, Nikon or other brands. It is far beyond my capabilities, so I am tickled pink by the this lens. Took it to the state zoo for my daughters 2nd birthday and got some really great far shots and some REALLY good macro shots with my D60! The included hood is really big, but can mount backwards so it is not in the way, and still fits in my bag along with my other kit lens. I Love it, and I'm looking forward to expanding collection and experience.""
"20100928","4.0","For the money, it easily tops the Nikon brand 55mm to 200mm","When I was shooting 35mm film, I was very hesitant to use off-brand lenses on my Nikon cameras, but since Nikon has cheapened their lenses and the Sigmas and Tamrons of the world have improved theirs, my loyalty has waned. When a bump to my Nikon 'kit lens' (55mm to 200mm) caused the lens' barrel to split, I replaced it with this Sigma lens. I was pleasantly surprised by the Sigma's performance. While the difference between the 70mm vs 55mm on the wide end does not seem very significant, the 300mm vs 200mm on the long end makes quite a difference. I brought the new lens on a vacation trip to Florida and have really enjoyed the ability to shoot wildlife from a greater distance. My biggest complaints with the Tamron are:1. Its longer barrel can be inconvenient.2. The zoom ring feels clunky and it takes more torque to twist it and it does not feel as smooth as the Nikon.3. It takes more torque to mount the lens to the camera.4. It is nearly impossible to get the lens cap to click into place while the hood is in place.Its resolution seems about equal to the Nikon's.At the time that I bought this lens, its delivered price was about $20 less that the 55mm to 200mm Nikon. If the lenses had had the same price,I believe that the Sigma would still have been a better value.""
"20100926","5.0","Good Lens!","I have been very pleased with my Sigma lens. I was not sure about purchasing it at first since it wasn't a Nikon lens but it has worked out great. It is a tad bigger than I expected and fits snugly in my camera case but that's not a big deal.Edwina""
"20100911","1.0","Dont buy this.. seriously","So it looked attractive. Price is cheap and you want to try out, why not, what you gonna loose 125. Well, go with Nikon, atleast you can trust the name and product. it worked for 2 days and now auto focus doesn't work. whats the point of shooting pics if when you load it to your ipad and find out pics are all mess. i dont have 20/20 vision, so when i look in to cam view and see pics and adjust manually (again i paid 125, thought it will be a lit work) but when you blow that up in big screen and its mess....i am putting my lense on ebay to sell. some sucker will buy it..""
"20100908","4.0","Good lens but it has it's limitations.","For the price this lens is a great buy and it works great with my Nikon D5000. I love it and will be keeping it until I upgrade cameras, which is a long time away.Here are a few observations that I noted about the Lens:1. It's heavier than expected, most 70-300mmm lenses are heavy but this one seems to weigh more than a comparable lens.2. The autofocus is loud, noticably loud. Might not be a problem for you but i use it for shooting wildlife and don't want to spook my subjects.3.No vibration reduction. You gotta pay more for that. If you're not using a tripod then you better have a steady hand.4. No lock on the lens, the zoom will creep out when you point the lens down.The macro is great but again you need tripod.""
"20100820","5.0","D5000! D5000! D5000!","D5000 compatible! i say again D5000 compatible! built-in auto-focus motor works flawlessly... it's made in japan by the way so you can bet on that! the pictures are sharp even if it doesn't have vibration reduction mechanism. i advice a tripod if you dont have adequate light though..""
"20100814","4.0","great buy","Great lens for the price.  Bought it to take wildlife photos with my Nikon D5000.  The pictures are as sharp as the ones with my nikon lens. No antivibration but a great lens.""
"20100810","3.0","You have to use a Tripod to get sharp pictures.","Got the lens by looking at the great reviews. I have playing around with this one for around a month now. The pictures are good as long the light is great. The moment you take it in slightly low light, the images will have blur because camera shake will come into play as shutter speed goes down. Yes because it does not have VR or IS (image stablization). And I am not talking about dark or near darkness. Even indoors the pictures won't be sharp unless you use a tripod and fire your shots with a remote or timer. I usually take my pictures during the day so I am happy to have a higher zoom and macro capability. Also I have learnt to use tripod almost all the time. But again this is a bargain price for this kind of equipment. Sigma has given us a good option at a dirt cheap price.""
"20100801","2.0","Awesome and then...","So a couple weeks ago my son bought this lens through my account, and he LOVED it. He would use it to take these amazing pictures. Then just yesterday, the autofocus motor stopped working. It lasted just long enough for him to really become attached to it... You get what you pay for, so do yourself a favor and get a better lens.""
"20100801","2.0","sigma tele zoom","the price is certainly right and it seems to work mechanically fine.  However, many pix are out of focus, especially at focal length 300.  they were hand held but it was very bright so the shutter speed was quite fast.I also wonder if the color reproduction is not suboptimal.since i am color blind, and don't have a tripod, I am not entirely sure about either of these comments, but i certainly see a difference between the quality of pix between this lens and the nikon vr 18-105.""
"20100728","5.0","Great Price For Such A Great Lens","I began looking into zoom lenses after being limited by my 18-135 lens while on vacation. The 18-135 is a great overall lens, but really missed some great shots by not having a good zoom lens. I debated about spending money for a VR Nikon lens but after much consideration I decided to give this one a shot since it was within my budget. I ordered the lens through [...] and received it within 3 days, I am extremely satisfied with this lens and it has performed well above my expectations. I would recommend this lens to anyone.Jane""
"20100723","5.0","Quality without the high price","Love this lens!  Works great with my Nikon D40!  I take quite a lot of pictures at baseball, football & softball games, so I wanted more than just a 200mm zoom and this Sigma 70mm-300mm zoom lens has not disappointed!  No problems with excessive noise or lag.""
"20100722","5.0","A lot of fun with small price","I have had this lens for over a year now. I am writing this review now because last weekend I went to the beach in RI and I took some amazing shots there. Really pleased by the quality of the pictures and had a lot of fun plus you really cannot beat this price.""
"20100625","4.0","Decent lens, bargain price","I was looking for a nice long zoom but without any specific project in mind so I didn't want to spend a lot of money. Well, this lens beat my expectations on price by quite a bit and I'm very satisfied with the quality. I've only had my hands on it a few hours but I've taken several of the kinds of pictures I expect to use it for and it works great.Build quality seems good, zoom was a little stiff from 200mm up but after some exercise it's fine (or I'm used to it). The macro switch only engages between 200 and 300 mm and also has restrictions on the focus position. That caused me a momentary scare when I thought the switch was jammed, but adjusting the focus released it. (I know, read the instructions, huh?) Apparently the AF can exceed the macro limit so if the switch seems stuck, go to manual focus and pull the lens in a bit. Focus is decently fast if a little noisy (not bad at all, has a kind of authority to it).Cons: Well, it doesn't perform like an $1,800 lens, but what the heck. Focus is not internal so be careful about blocking the movement of the front tube. My only real complaint is that it obviously got bounced around in shipping and because of that the lens cap was pushed down into the filter ring. Fortunately, the plastic of the cap is so weak it didn't damage the threads and didn't go so far as to hit the glass. (I would have returned it in that case, of course.)Conclusion: Much better than the price suggests.""
"20100624","3.0","just okay","I bought this to replace my NIkkor 55-200mm, for my D40. I don't think the auto focus was nearly as fast and couldn't keep up with simple action shots that I needed to zoom in on. The shots were crisp and clear, once I got them. The auto focus also had a hard time locking in on a complicated background when zooming, for example a butterfly on a leaf, if there was any foreground, it kept focusing on that. I had to switch to manual to get the shot, something I never had to do with the nikkor.I could never get the macro to work correctly.I had read complaints about the motor noise, I did notice the difference, but it wasn't bothersome.Mine my have been defective, since other reviews I read were more positive. I ended up returning this lens, spending extra and buying another nikkor 55-200.""
"20100621","4.0","good lens","I am very happy with this lens. I bought it for my Nikon D40x and have had very good results so far. My biggest complaint is that it is a bit noisy.""
"20100615","5.0","Just what I wanted","I am not a professional photographer but just a mom that likes to photograph my children.  This lens is perfect for beautiful outdoor shots of my children.""
"20100604","4.0","Hard to mount, great to use once you get it in place.","First point: It WILL work on auto-focus with the D40. If it won't, or if you get that 'gear grinding' noise with refusal to focus that many people in previous reviews have mentioned, take it off and put it on again before you assume it's broken. It's moderately difficult to mount on the D40 and have it mounted properly so the autofocus will work, I usually have to try about twice each time to get it right.Once you get it in place, though, it works great! My sister's favorite graduation photos were taken with this lens. You can actually see her face clearly in the photos, even though we were way at the top of the bleachers. Needs a lot of light and a decently long exposure when you don't have that (which you should already know if you read the features on it)- you're going to get a decent amount of noise in your blacks using it indoors at a graduation, but you can fix those reasonably well in photoshop or gimp. So probably not great for sporting events taken in a dark indoor bleachers, but for events where the people are relatively static or outside, you'll love it.It also has the added bonus of having the buzzed people in front of you at the graduation go 'Duuuude, look at the paparazzi camera!' when they see it.""
"20100527","5.0","Good lens at a great price","My wife and I bought this lens for my son for his college graduation.  We figured we'd borrow it during his ceremony so as to get a better view.  It did not disappoint.""
"20100524","5.0","Excellent Value on an Excellent Lens!!!","I am a beginning photographer who uses a Nikon D5000 SLR camera I recently purchased.  I do not have all the aperture info to include in my review, but I can assure this lens is an awesome lens for ANY user.  I photographed a wedding this week along side a profession photographer.  Comparing my pictures to his, I have less noise using this lens and my shots were clear with beautiful color and dimension to each photo!  He was impressed so much in fact that he wanted purchase info himself for his camera lens collection.  You will not be sorry with this purchase!!  It is an excellent value for the money!""
"20100521","3.0","This is a cost-reduced version of the Sigma 70-300 DG OS lens","If shooting at the higher zoom levels, you need a tripod if you want it to be in focus.  No bones about it, the aperture just isn't of an appropriate size to get enough light into the camera at 1/200 and 1/300 speeds in too many situations.The lens takes a very long time to focus, and it oftentimes will get a perfect focus on something as you see it in the viewfinder only to then start trying to autofocus again.  My other Sigma lenses are very quick to focus and very accurate, yet this lens will play around for a very long time.  Additionally, the autofocus isn't particularly accurate when it does finally settle on something it likes, often focusing just a tad too near.With manual focus, good pictures are possible, though the lens is a little on the slow side for taking pictures too, again comparing to other Sigma lenses.Finally, the area of focus is a little too narrow in macro mode.  This is to be expected for macro shots, but with the focus problems this camera has, you really have to take the time to make sure everything is right.I still give this lens 3 stars because of the price, though I'm a little surprised that Sigma didn't slap the Quantary brand name onto this lens, as it performs more like their Quantary line of cheapo lenses does.  I wouldn't recommend buying it, though it can take serviceable pictures with some work.""
"20100424","5.0","So far so good","I've only had the Sigma 70-300mm F4-5.6 DG Macro lens for a few weeks, but so far I love it.  I have uploaded a couple of pictures I took with this lens.  It's helping me accomplish all the things I'd hoped it would... close ups of nature and zooming in on my sons sporting events. It works great with my Nikon D-40!""
"20100331","4.0","Sigma 70-300 - NIKON D5000","Very good lens for the price. first I wasn't very happy with it (indoor)However, I used it outdoors on a great sunny day and I was very impressedand pleased with it.+ AMAZON delivery service: I was more than pleased!! I give it 5 STARS!!!""
"20100323","5.0","More than happy, glad I purchased it.","I was hesitant to purchase this lens. I wanted the Nikon brand, but could not afford it, as it was well over 500.00, compared to less than 150.00 for this one. I bought this for my Nikon D90. I am more than happy with it, glad I purchased it. It has been a very good lens so far. The price was awesome, and I highly recommend it. If you have the money to buy the more expensive, then go right ahead. However, if you are in my boat, and don't have a lot to spend, I think you will be happy with this one.""
"20100322","3.0","badly packed for shipping","received lense with lens cover pushed into lens leaving a scratch, so I returned it.Return was easy, no hassle.  Went for the 28-300 Tamron lense instead.""
"20100313","5.0","Great Lens!","I have been greatly pleased with this purchase, this is a great lens fast acting in auto focus. Had Sigma lenses back in the film days of photography, glad to know they're still great in the digital age.""
"20100303","4.0","OK,It's Not a Nikon, But the Glass is Good!","If you're in the same financial position as I am, you probably gulp when checking out the prices of OEM lenses.  Sigma offers a really good alternative.  This particular lens is as unwieldy as it's competitors, but gives good quality photos.  The macro feature (read the instructions before using!) is a pretty neat bonus, too.  Check out the Sigma line if your wallet is not bulging with greenbacks.""
"20091207","1.0","JUNK!!!","Save yourself the trouble.  I purchased this lens to use for some basic shots around the house during the Holidays.  First, every photo is very soft in the corners.  You need to crop the edges away or darken the outer portions of the photo to be usable.  More troubling, the AF motor stopped working after aprox 75 shots.  Just stopped working and has only a faint clicking noise.  Junk!!  Going back after 2 days and 75 shots...Bought the Nikon 55-200mm AF-S VR today for $50 more and it's sharper, has better contrast and colors, and since it's a Nikkor lens, it should make it past 75 photos.You get what you pay for, get the Nikon...""
"20091128","2.0","Nice image quality, Autofocus stops working","Let me start by saying this is a great lens for the money as far as image quality and macro features and most reviews here are accurate. But apparently they didn't have the disapointing problem I ran into. After only about 3 days of normal use the autofocus failed and would only turn in one direction. I sent it back for an exchange (Amazon did the exchange with no hassle) and the replacement worked fine for a few days of shooting high school football and wildlife. But then lo and behold, the exact same thing happened again! I don't think it's the camera (Nikon D40) as my 3 other autofocus lenses work fine, and I checked/ cleaned the contacts. The lens was used gently with no rough impact or banging, it just stopped working while shooting pictures. The lens seems to be clicking and struggling to turn in the other direction and appears to be draining the battery doing it, as the lo battery indicator comes on while trying to focus. Then I read a review on the web that said the motor on the Sigma might be too torquey for the plastic gearing, stripping it. I really like the lens's image performance and thought about keeping it anyway, but unfortunatley am going to have to just return it, as 160 bucks is a little too much for a manual focus only lens.""
"20091114","4.0","Sigma lens for Nikon DLSR","I bought this Sigma lens after much consideration.  I have used a friend's Nikon lens and it took beautiful pictures.  However, being that I am a recreational picture taker and I shoot mainly my boys sports teams, I opted for a more economical lens.  I must say that for my needs and for the money difference, so far, this lens has not disapointed me yet.  I have shot amazing football pictures and I am very happy with it's performance.""
"20091110","4.0","Good for ten days","Very pleased with the lens until the auto focus quit on the ninth day. motor drives it to full infinity. You don't get what you didn't pay for. You get a $160 lens for $159.95! The MACRO work just fine, Over about 250mm it gets fuzzy. I Sure can't use it hand held w/o hi iso and fast shutter. A good value lens that broke within return time limit. I would buy another one but maybe I will go for a Nikon with VR.""
"20091026","4.0","amazing","This lens is fantastic and very affordable for a telephoto. it takes very sharp photos and gets in really close with its macro mode. its build quality is excellent. it completely blows nikons 70-300mm non vr out of the water. especially since it has the added macro mode. its a fantastic lens. it is my favorite over my nikon 18-55mm and nikon 50mm f1.8 . the auto focus tends to hunt sometimes though. it can be a light hog but even then it still takes a great photo. if your out side mid morning to sorta late after noon its fantastic. if you plan to use this lens for weddings indoors make sure your camera can shoot well at higher iso's because it will eat light. i cant think of reason you should not have one as a regular consumer photographer. if your a pro you should look at faster lenses unless you want this as a back up or something. even if all your going to do is macro this a is great. oh i used this on my older nikon D100 body and performed fantastic""
"20090930","2.0","just ---ok----","i sent the lens back.... didn't do what i wanted it to do.... macro keep getting stuck.... and when zoomed all the way out pic too soft. i wanted it for my sons sports and it just didn't do the job. even though i sent it back the company was quick on the return.""
"20090922","4.0","very satisfied customer","I bought this lens to use with my Nikon D60. I needed a lens that I could use to take close up action shots of my son playing football. The lens has turned out to be a great buy for the money. It takes great, sharp, clear pictures. I recommend the lens to anyone that needs to keep their purchase price down, and wants quality pictures.""
"20090914","1.0","This lens has taken great shoots until the motor stop working","I have had this lens for less than a year.  I have used it for son ball games and outdoor shoot.  I have not used for an ever day lens.  Yesterday the lens would not focus. It looks like the motor only turns one way and stops.  I have not contacted sigma yet I will keep you posted.  Would of been a great lens for the price, but you get what you pay for.""
"20090908","2.0","Doesnt autofocus with D40 or D40X","Before you buy this, be ware that this lens does not autofocus with the D40 or D40X. Internal motors only work with specific models. We bought this for my mom only to find out that she had to manually focus. Fortunately she didnt mind and to be honest, for the price it is still a decent deal. But it was a let down. After testing out the autofocus, I did some research and found out that only certain Sigma lenses will autofocus with the D40 and D40X. No matter what camera you have, do some research to make sure you know what you are buying.""
"20090903","4.0","nice","The lens is very nice, I bought it for my brother who was coming to visit and had never been to the Nat'l Park so I thought this lens was perfect for him. One thing bad about this lens it doesn't have that anti movement built in that the Nikon lens of his has. It came quickly also.""
