"20120503","5.0","Awesome adapter","I ordered this adapter so that I could use nikon f-mount lenses on newer canon eos dslrs.  Some people complain about there being some play between the adapter and the camera, but mine is super snug and doesn't move a hair when it's mounted on a camera, couldn't ask for a better product.""
"20120402","4.0","Great but not the best even for the price","Ok lets start things off im a cnc machinist, there is about a .010 to maybe .020 play in this item it,dont get me wrong it is very tight but there is some play in this when its locked on.for most people this would be perfect but not for me i love this item, i got it for my canon 5d mark 2.I do think its over priced with the play it has.but over all its better than there lower end items i have purchased in the past.""
"20120227","1.0","Horrible adapter and customer service","So I just recently purchased this adapter. When I opened up the box, there were no instructions. First, I tried to lock the adapter to my Nikkor 105mm 2.5 and it didn't fit at all after reading countless articles and watching youtube videos on how to do this (even before purchasing this product and the lenses.) I thought it was going to be super easy (like everything I've read and watched) so I then I tried to hook it up to my Nikkor 50mm 1.4. It did manage to click on, but now it wont come off...at all. I even tried to push down on the metal tab for it to slide off. I literally have cut up my fingers so bad that I'm typing conservatively to keep from bleeding on the keyboard. Now I got this adapter instead of the non-pro model because I wanted more control and less play on the lens. Plus that model had the same bad review description as the one I'm giving you now. I tried to call customer service on the box, but I get this cheap sounding auto message machine that I can barely understand. When I finally get to customer service, I tell them my problem and they just move me over to 'tech support' which is just some guy on a outgoing message saying to 'leave a name and number to call you back'.So if you're going to buy old vintage lenses with this adapter, DO NOT. I'm sure this adapter works fine on newer Nikon lenses, but seriously, forget the reviews, forget what you've read on all these reviews with this adapter on old lenses because it's just not worth the risk. It may or may not work. I was on a budget to get old, nice lenses for a lower price (since I do more filming than photography), but I ended up getting screwed in the end. Just save your money, get a nice Canon lens and it'll be worth it. &lt;---I'm not sure if spending that much money is worth learning this lesson, so I'm telling you now...Nothing is worth going through my nightmare. Now I'm down the hole with less money and two worthless lenses and a $70 adapter.Please heed this warning. This is not a bash on this product, this is to save YOU. Buy the modern Canon and Nikon lenses and not the older Nikon lenses... just do it, save up and have patience.""
"20120217","1.0","New version does not snap into place","I have a complete set of Zeiss ZF lenses that I use with a Canon 5D Mark II. I use Fotodiox Pro adapters to convert the lenses for the Canon mount, which worked fine for the first 4 lenses but the one I just ordered (on Feb 15th 2012) does NOT work well. It screws on right but the little pin that is supposed to snap into place does not. It may sound harmless but this pin is essential in preventing someone from unintentionally unscrewing the adapter and dropping the lens.To confirm the problem, I have tried the adapter on several different lenses with the same result. These same lenses work perfectly with my other Fotodiox Pro adapters. Interestingly, I can even tell with my eye that the pin is located slightly closer to the center on this version than the previous ones so it is not the same product, although I ordered it from the exact same product page on Amazon.com. The packaging was also slightly different and the text on the adapter is slightly different.I am obviously going to send it back and I recommend that you do NOT buy this item until the problem has been resolved. I can easily imagine a disaster for someone that does not know the adapter is supposed to snap into place. When you attach it and screw it in all the way it does feel fairly robust so a first time user may leave it at that, not realizing the problem before it is too late.I used to love these adapters but since they have only one purpose, which is to hold a potentially very expensive lens in place, and it fails to do that, the product is worthless. Moreover it really raises concerns about Fotodiox in general. I am wondering whether I received A) an old version B) a new version, obviously with a faulty design, or C) a non-original copy of some sort.Note - I will update this review as I hear back from the seller/manufacturer.""
"20111109","5.0","Awesome!","Using this with Canon Rebel T3i and an old Nikon Nikkor S.C AI 50mm f1.4 manual lens and it works great!""
"20111015","5.0","Worked Great ... had to remove a tab on the nikkor lense though","Received the adapter in a timely manner, solid construction.  no instructions but their was a youtube i found that explained how to line up the dots between the lense and the adapter.  Also i had to remove a small tab on the nikkor lense to make it work (the tab wasn't allowing the adapter to fully twist when connecting to a canon 5d mark ii ... it was a dangerous step as i removed the small tab on the nikkor lense so the assembly locked correctly).  Then lense was a 50mm 1:2 nikor from the mid 1970's.""
"20110824","5.0","Great Adapter","Update:  Upon receiving a second adapter the product worked great.  I must have received a bad one the first time.  I am still waiting to be refunded but what is important is that the product works.  I am now looking through a Nikon 24mm f 1.2 on a Canon 7D body.  Great adapter easy to use.  Goes on the lens and comes off really easy, you just need a little practice.""
"20110801","5.0","Expensive but good quality","I was looking for an adaptor for my father's old 35 mm Nikon lenses to use on my 5D Mark II. I had read numerous reviews of ones purchased in China and on Ebay and the fit and finish varied greatly it appeared. I wanted a well machined product and read about the Fotodiox Pro series. The machining and construction is solid and quality made. Locks onto the lens with no play and also to the body with a solid click and no play as well. One slight issue is the adaptor ring juts out slightly enough out of the body to make rotating the aperture ring difficult at times.. I do landscape so it's no problem... might be if speed is needed. Need to meter TTL in stopped down mode like the old classic cameras but works beautifully with metering with my 5DMkII.This site explains it well...[ ... ]Overall, I am very satisfied. One thing is that they do not include instructions on how to remove it. There is a lever on it that you depress to unlock the pin. The adaptor unscrews with some (reassuring) resistance. Don't forget to purchase another Canon lens cap if you intend on leaving it on for extended periods of time. Pricey... but you get with you pay for. Good stuff!""
"20110605","5.0","Great adapter","Using it on a Canon t3i to mount a Nikon lens. Locks very well and appears to be built well. No instructions but it's easy enough to figure out.""
"20110328","5.0","Good adapter, works perfect","Awesome adapter but pricey.Mounting Nikon lenses to EOS Canon.I have a 5D mark ii, fotodiox pro adadpter, Nikon 50mm f/1.2 AIS lens with the existing tab sticking out and unmodified. If looking from the front, you have three different angle options to mount the lens on to the adapter. Only one of the three works and does not conflict with mirror. The other two lens-adapter mounting angles will conflict with the mirror on the camera. You will see this conflict when your videos or photos show darkness on lower half. I found out the same thing with a Nikon 24mm f/2.8 ai and Nikon 50mm f/1.2 AI. I also have the fotodiox v2 and same above applies. I have no experience with the 5D classic. Canon t2i (550d), the above lenses and adapters worked at all mounting angles and never had a conflict.""
"20110215","5.0","Does the job","No complaints. Does what its supposed to do. No play between the camera and lens. Easy to remove. A bit pricey, but worth it.""
"20110102","4.0","a precise device","It is simple, precise and eficient for its category. I don't perceive optical errors when using it.  It has no contacts for automatic control of lenses, but that is what I was looking for, cause I was going to use my nikon lenses only in manual mode (for video on canon 7d, 5d and using followfocus). Only sistem to detach lenses is slightly unconfortable, but very slightly; not a problem.""
"20101020","5.0","great product","focuses to infinity, works like a charm for all my old nikon lenses, even non-ai.  obviously doesn't work with autofocus.""
"20100921","2.0","Not so useful","My canon rebel t2i claims the f-stop for my nikon lens is F0 (zero) when I use the adapter so it's almost useless. Setting the exposure manually is one thing, but it gets the light amount wrong in the lcd so you can't see anything.""
"20100920","4.0","Works pretty well once you get used to it.","Works pretty well on my Canon 7d.  You do have to push IN on the release to get it to slide off and remove from lens, which is not easy at first.  Overall, fits well and I like it.""
"20100905","4.0","so far so good","adapter works well - fits tight to lens and camera - hopefully it holds upI've seen other adapters that 'wiggle' on one side or both... so far no wigglw""
"20100822","5.0","No Down-side...","This adapter is very good.  I have used adapters from various manufacturers for Pentax M42 & K mount, Olympus OM, and this by far is the most solid, well-made adapter I have seen.The lens mounts securely to the adapter.  The adapter mounts securely to the camera.  There is no 'slop' in the fit.  The adapter stays locked to the lens so you can treat the lens just like any other Canon lens (with regard to mounting and unmounting).As usual, one must focus manually (like photographers did for 100 years...) and set the exposure manually (though my Canon TTL meter works in AV and M modes allowing reasonable easy exposure setting).As some have correctly pointed out, there are lenses that may be incompatible with your camera - best to research this before you purchase the adapter and especially, before you mount the lens and find out something 'hits'.I am using this to mount a Z&ouml;rk Panorama Shift Adapter (PSA) to a Canon EOS 5D Mark II.  It works perfectly.  Since this set-up is essentially an adapter-mounted-to-an-adapter-mounted-to-a-lens, the amount of 'slop' could be multiplied.  But because both adapters are high quality, the lens feels solidly mounted to the camera with no looseness - just what is needed for precise infinity-focus and a flat field aligning with the sensor.  It exceeds my best expectation!The added bonus for me is that I can now share my PSA with my Nikon-toting friend, and he can share his Nikon lenses with me!This item is well worth the price, and comes highly recommended!""
"20100817","5.0","Fantastic Adapter","The Fotodiox Pro Adapter was just what I needed to allow me to use my old Nikkor AI lenses again.  It's well made and has a snug fit.  My old manual focus Nikkors with hard infinity focus stop are wonderful to use on my Canon EOS for night photography.  Highly recommended.""
"20100808","5.0","A perfect adapter ring","this is a perfect fit , image quality is truely amazing , no back focus or any shaky elements . the ring is very well built , removing it from the lens is done with a single second , all the small parts inside are well placed and hold good .THE ADAPTER WORKS LIKE A CHARM ...a must have .ofcourse the focus and exposure must be done manually , thats is no problem for video work .at least iam still using my nikkors :-)""
"20100725","4.0","Best adapter that I have used","Works great, except that there is a little play, when doing a rack focus you may see the lens shift.  However I still would recommend the project.  I own 3 of them.""
"20100719","5.0","Much Better than my previous adapter","I purchased this adapter because I was so frustrated and disappointed with the Cinevate EOS to Nikon adapter.  I promise it is worth the extra money to buy this adapter.  It is SO much easier to remove, the construction is more durable, the infinity focus is perfect - I am very happy with this adapter in comparison. Buy it.Peace.""
"20100517","5.0","Nikon glass on your Canon? No problem","I was skeptical that I could use my Nikon lenses on my new Canon T2i, which I purchased for video work. I was even more skeptical after purchasing some of the $10 adapters from Hong Kong, which did not fit tightly and made it difficult to focus cleanly. But I gave it one last shot by purchasing the Fotodiox Pro adapter - and it paid off big time. The adapters work great, and are tight fitting. There's no loss of light whatsoever, and you can focus fully throughout the entire range. It's well worth the extra money to purchase these and put your Nikon glass to work.""
"20100428","5.0","Its good for what it does.","I accidentally ordered this thinking it would give me aperture control for lenses that don't have it, but it doesn't. It was my mistake. Otherwise this thing does exactly what it says. It fits snug, nice metal quality build and pin snapping. You could actually order it and set the aperture with your Nikon then once set, remove the lens and place it on the Canon. I forgot to try it and see if it worked, but I'm sure it does. It would save you the money of having to pay for the $200+ Cinevate adapter ring with aperture control.""
"20100324","4.0","Works","This piece works like a charm. Fits well and removes and installs easily. I chose this version to ensure I got a quality piece and I did!""
"20100311","5.0","works perfectly","i use it with my canon 7d and nikon 50mm, 18-55, 18-200works perfectlyfits perfectlyvery snugly, not loosejust be gentle and slow when you unscrew it,i does not worry my to use it""
"20100226","4.0","Good adapter, fits tightly","I bought the Fotodiox Pro Nikon F to Canon EOS lens adapter to experiment with using old Nikkor manual focus lenses on my Canon cameras. Fotodiox offers three models of Nikon F to EOS adapter; this is the mid-price one. I bought it because the cheapest one gets mixed reviews, with some people complaining that it doesn't hold lenses tightly enough. Only the most expensive, on the other hand, includes a chip that allows your Canon camera to confirm focus by lighting up the AF points in the viewfinder. I chose this one because I wanted my lenses held firmly and I figured I could live without focus confirmation. (Also, the focus confirmation model costs twice as much, and I couldn't find it on Amazon anyway. You can order it directly from Fotodiox if you like.)This adapter does its job pretty well. It does indeed hold lenses firmly. My one fairly minor annoyance with the adapter is that it is kind of a pain to remove from a lens, and in fact you have to figure out how to remove it because there are no instructions provided. (There is a small black lever on the camera side of the adapter that you have to hold down to release the lens. It isn't easy to press the lever down and twist the lens at the same time, but with a little practice you get used to it.)Another thing that is worth knowing is that not all Nikon F lenses will actually mount and be usable on your Canon camera even with an adapter. This is not the adapter's fault. Some lenses have parts that stick out the back end and may (on some camera models) interfere with the motion of the reflex mirror, or even prevent the lens from being attached by bumping into some part of the camera's insides. It's best to do some research online first to find out whether a lens you're interested in will work with your camera.""
"20091208","5.0","Great Adapter","The Fotodiox Pro adapter for Nikon Lens to canon EOS is great. All my Nikon Lenses fit perfectly onto my Canon 5D Mark II. I had to shoot everything manual since the lens can't 'talk' to the body with the adapter but I prefer shooting manual so no complaints. For the price and the fact you can use all your Nikon's on the Canon, it's a no brainer.""
