"20120530","5.0","Go Pro band aid kit","I scratched the lens of my GoPro last summer while swimming in the waves of Lake Michigan and this kit helped me completely repair/replace the damaged lens.  Easy and straightforward.  Go Pro really has their product figured out--I guess it's great that mountain climbers and motorsports enthusiasts test this stuff out before it gets to me.  Great stuff!""
"20120530","5.0","GoPro replacement lens kit","Product was good quality, easy to install and much cheaper than a new case.Tool provided to remove and install tiny screws.(nice)""
"20120416","5.0","Perfect fit replacement lens for GoPro HD Hero 2","Got this lens for my GoPro housing when it got a small scratch. Lenses came wrapped up and well protected. Used the supplied screw driver to remove the old lens and secure the new one. Good product""
"20120406","1.0","does not help if you can't get the screws out","I scratched my lens on my first outing with my camera. Grrrr....I bought a lens replacement kit just like everyone else. Also noticing that the mini screw driver sucks, I used my own mini screwdrivers to no avail! All but 2 of the screws came out, I swear the other 2 seem like they are glued in. Aughhhhh!!! I guess I will just have to up and buy a new housing F@*K :-(""
"20120402","5.0","Go pro great work!","Got go pro lenses in the mail on time and in good order. great handling of product and all around good experience.""
"20120227","4.0","Thank Goodness for replacement kits","I accidentally dropped my 2 month old GoPro Hero two oem casing onto concrete slightly chipping the lens and only the lens. Anything form of scratch, chip, dent or smudge on the lens transfer over to the recorded footage/images so continuing to use the camera with scratched lens isn't practical. The GoPro Lens Replacement Kit saves you from having to go out and purchase an entire case for $35+ at your local sports shop. The price is just right considering they give you two replacement lens. Installation is straight-forward and the final look is OEM which is very important. The quality of the replacement lens is top-notch (as it should be). The kit comes with two replacement lens, two replacement seals and a set of screws and mini screw driver. All in all, I'm very happy with this kit and with this purchase from Amazon. Thanks""
"20111207","4.0","Great except for the supplied screwdriver","If you try to use the supplied screw driver, you WILL strip the screws and potentially ruin the water seal when you go to replace the lense. But, if you use a normal eye glass size srew driver then this is a great, useful, and affordable product.""
"20111202","5.0","Good OEM lens","After having a wreck on my MTB and scratching the camera I had to replace the lens. This kit is very nice, and I love that it comes with the screwdriver.""
"20111030","5.0","perfect replacement","This is a perfect replacement for my damaged Go Pro lens.Use a lot of pressure with the supplied screwdriver so you don't strip the threads and you will be fine.""
"20110925","5.0","Must-Have backup for GoPro owners","The 'achilles heel' of the GoPro is the enclosure lens---very easy to scratch plastic.  And when it's scratched, you're screwed--the depth-of -field on the GoPro is so great that any little scratch becomes a impossible smudge on your video.  Lens is easy to change (love that they include the screwdriver!) secure and waterproof.  I now keep my GoPro enclosures in a old sock to protect them between shoots, but I always have this backup lens lit handy--""
