"20120611","5.0","Great filters for great price!","This is my second set of macro filters. My first ones got scratched after 5 years of heavy use. I got the 10x filter with this pack and love it!""
"20120608","5.0","perfect","Perfect  product N  so lovely price !!!!!!!!!!!!! love iti have no prob at all with it i really enjoy  it all time""
"20120524","5.0","Awesome","This item shipped really early and works great with my d5100 dslr It really improves photo quality and I would reccomend this product to about anyone and the price is unbeatable""
"20120510","5.0","Macro at your fingertips","I am a big nature photographer and science geek so I love taking photos of flowers and plants.  I am very glad I purchased the Polaroid Optics Macro lens kit.  I use it with a Nikon D5100 and stock AF-S VR DX 18-55 mm lens and the macro shots I have been able to achieve have been great.  Each magnification gives you something different and you will be highly impressed with the +10 lens.  It's very good!""
"20120316","5.0","Worth what you pay","I am new to digital SLR cameras and dont like to spend alot of money on items i am not sure I will like, but I am glad I bought these and have taken some nice pictures with them.  They are well worth the money for something to enhance your camera experience without spending alot of money.""
"20120117","5.0","good quality","very good quality!...que price for all this items are more than  fair... fits perfect in my nikkor lenses.very good quality!...que price for all this items are more than  fair... fits perfect in my nikkor lenses.""
"20111108","5.0","Close up filters","Great service from the provider,  and the filters work for me in a pinch.  Great product,  extremely happy with the shipper and product""
"20111103","4.0","Great for the money, but don't expect miracles","I occasionally dabble in macro, but nowhere near enough to justify the outrageous sums dedicated macro lenses go for.  So, I thought I'd pick these up.First, a nice bonus was that it comes with a compact filter case with 4 lens slots.  I ordered this product without realizing it came with that, so that was quite the pleasant surprise, as it's actually a pretty nice, albeit small, filter case.  I actually connect the 1 to the 2 and the 4 to the 10 when I store them, opening up two slots, which allows me to carry a UV filter and a polarizing filter as well.  Which is really nice when I'm just carrying a small camera bag to not need two separate filter cases.  The lens cloth is reasonably good.On to the actual filters.  If you go into them with reasonable expectations, it's hard to be disappointed with them.  Attaching them to my 55-200 nikkor telephoto lens results in pretty good, pretty sharp pictures.  The more you stack them, the more your image will degrade, but you can still get reasonably decent images even with all four stacked.  if you stack, stack from most magnification closest to the lens to weakest magnification furthest from your lens, otherwise your focus and depth of field will go crazy and you'll get all kinds of weird aberrations in your image).  Also, make sure you regularly clean them, as any smudges or dust will, shockingly, get magnified.Be aware that these will make your camera have a difficult time autofocusing, as the computer has no idea that these things are on the end of the lens, and thus its normal tricks don't work as well.  However, if you're doing macro, you want to use manual focus anyway, even if you have a dedicated macro lens you want to use manual focus, so that's not really a negative in my eyes.Also, be aware that like any macro filters, they reduce depth of field, meaning you'll want to shoot with as high of a number f stop as possible (that is your aperture as small as possible, high f/stop = low aperture), otherwise you'll find yourself with a depth of field that can only be measured in milimieters (literally, with a small (wide open) f stop, and all four stacked, your depth of field will be less than a about a half millimeter!)Also, be aware that since things are magnified here, that any camera shake is magnified as well.  Meaning that you'll want to use a tripod if at all possible.  You can occasionally get good results hand shooting, but you'll get more consistently sharp results with a tripod.  And a tripod will also be beneficial because, due to the high f/stop you'll need to get the depth of field you'll want, you may need both a high ISO and a long shutter speed.If you buy these thinking you can just throw them on the end of your kit lens, use autofocus and BAM, get pro level macro photos, you'll be pretty unhappy.  BUt if you know what you're buying, they're a pretty outstanding little set.  I almost gave these 5 stars, because they're a great value, and you really can't expect anything more than what they give you from any macro filters, regardless of price.  However, I didn't want to mislead.  If macro photography is your thing you WILL need a macro lens to get the type of sharpness that field really demands.  If you just occasionally dabble in macro when you happen across something interesting, they really are hard to beat.edit: I think a lot of people newer to macro photography try these out, and thus, I see that a lot of reviews are complaining about things that don't really have anything to do with these filters, but just have to do with macro photography.  Three complaints stand out as being complaints about macro photography more than these filters:First, when you're zoomed in and magnified this much, you HAVE to shoot from a tripod.  Any camera shake is going to be magnified.  SO, I think a lot of the 'blurry' complaints stem from people trying ot use these handheld.  Don't bother with macro if you aren't going to shoot with a tripod and a trigger release (remote control shutter button) or a timer.Second, don't shoot macro on autofocus.  autofocus isn't made for macrophotography.  It has nothing to do with these filters.  The camera just gets really confused by macro photography.  Even a dedicated macro lens will only get you roughly in the ball park focus wise, and many of the best macro lenses don't autofocus at all.  If you're going to do macro, then you need to use manual focus.Third, your subjects need to be relatively still.  Because macro involves relatively long shutter speeds, you'll need to shoot still subjects.  Or at the very least, take a ton of shots and hope that the object stayed still in a few of them.  Again, this has nothing to do with these filters, that's just the way macro photography is.""
"20111101","5.0","Close up and Macro Filter set","I purchased this Close up Filter set to use on my new Nikon D3100 DSLR Camera. I have tried them out and they seem to be what I was looking for. I plan on using them a lot.""
"20111013","1.0","useless","i purchased this item because of the reviews that i read. i figured since it's cheap, it'll be a nice little toy for a beginner like me. i'm still trying to figure out how to use my Nikon D5000. i was so excited when it finally arrived. i attached one of the filters and my camera just wouldn't focus. i tried the others, and my Nikon just wouldn't have any of it. serves me right for thinking i can get quality filters for this price.i wouldn't recommend this. such a waste of money. didn't bother returning it anymore because i didn't want to spend any more money on something so useless. oh wait, the only useful thing i got out of this packet is the lens cleaner. blurgh.""
"20110926","3.0","Funny","This kit is difficult to use, and recommend it only for static objects. When using all lens assemblies is difficult to focus and you have to take many photos to get the desired result.I use these lenses and got very good results in static objects for exaple, coins, rings, not for flowers bugs.Este kit es dif&iacute;cil de usar, y lo recomiendo s&oacute;lo para Objetivos est&aacute;ticos.  Cuando se usan todos los lentes ensamblados es dif&iacute;cil de enfocar y hay que tome muchas fotos para obtener el resultado deseado.Yo use estos lentes y obtuve muy buenos resultados en objetos est&aacute;ticos por ejemplo monedas, anillos, no para flores o insectos que se mueven.""
"20110818","5.0","Close up macro filters","Good product, good price, is compatible with Nikon D3000. Well I recommend it.I tested and 100% went well, I'm amateur and I try every day with different themes, it's crazy what you can do. I'm happy with the results.""
"20110814","2.0","Product you see on this page isn't what you get","I have a Nikon d3000 with a 18-55mm lens and 55-200mm lens. I was excited to try diopter lenses rather than buy a macro. I ordered from Digi Acc...but they left out important information on this product page. The lenses I received were not made by Clearmax, DBRoth, or Digital Concepts. They were made by Vivitar. There's no cleaning cloth (not that big of a deal...but it says it comes with one). The lenses are also limited to 52mm, therefore, you can't use them with a higher mm lens. This is NOT specified here or when you order. The write-up makes it sound like the diopters work with the lenses I have, but they didn't. I could only use one of the four lenses successfully. Thankfully, returns are easy.I strongly suggest that, before you buy these, you talk to the company sender and make sure you are getting what the product page says you're paying for.""
"20110726","5.0","Perfect price for great accessories","Like most new SLR users, I was quite intimidated by the price of macro dedicated lenses. After researching inexpensive solutions, I found these filters. I stacked all 4 for maximum magnification and was pleasantly surprised at the quality!! They work best on the 18-55mm kit lens for my Nikon D5000. They also came in a storage pouch (thankfully) and a microfiber cleaning cloth. For around $10, there's no reason not to buy these macro filters!! I have nothing bad to say about them at all.""
"20110616","4.0","Great for people like myself who can't afford a macro lens","Little or no how-to use them included in the packaging, but plenty on line.  No brainer as far as I was concerned, &lt;$20 or $350 to $500 for an entry level macro lens.  Lost the first macro filters I bought and replaced them asap.  Still learning how to best use them, but use them all the time.  But then I have been trying to get good macro photographs with all the cameras I have owned and this is a real step up from trying to take a picture through a magnifying glass :)  which was how I started out many years ago.  Nikon DSLR is the first camera I have owned that wasn't point and shoot and the first that you could use macro filters with.  You could probably get better pictures with an actual macro lens, but way out of my price range so I have no experience with them.  These are 52mm for Standard Nikon lenses 18x50 and 50x200, so be sure to look at the lens you are using and get the right size to fit.""
"20110608","5.0","Absolutely Amazing","I have loved nature photography for years and now I can get great details of all sorts of things with these filters. They are they next best thing to a macro lens without the cost of course. I would recommend them to everyone!!!!""
"20110517","4.0","These are great","Let me stat off by saying 'big mike's electronics' ships ultra fast. They came in a snazzy pouch with a lens cleaning pad. They were wrapped in plastic (only downside). I did use the +4 and +10 first. THe +4 is great. I used it for my Nikon D3100. The +10 is fun to use and gets an extreme close-up. There is some vignetting as one reviewer stated. Nothing major to the amature photographer. Buy these first if your looking to get a expensive macro but don't want to spend the cash.""
"20110416","5.0","Great product. Great value. Now I can take crisp and sharp pictues within a few inches. I use them to take pictures of SMD parts","Great product. Great value. Now I can take crisp and sharp pictues within a few inches. I use them to take pictures of SMD parts for quality control and inspection.""
"20110214","5.0","Buy a set or two of these today!","They are all they say they are when you screw them onto whatever lens you're using...BUT...if you want to have your mind completely blown:  Put one of more of these (especially the 10+) on your favorite good, sharp, fast lens...and then put that lens on a set of extension tubes all stacked together for maximum magnification (such as Kenko tubes) and then go shoot a macro!!!  Your world will change.I can't recommend these highly enough!  As soon as they came I tried them out, and I've immediately ordered another set as a spare/back-up!!!  I recommend you do the same.Enjoy!  This will change the way you do close-up and micro/macro photography!!!""
"20110116","5.0","fabulous","for cheap lens filters these are fabulous, they also arrived 3 days before the earliest estimated date!!!! would definitely buy from again""
"20110116","1.0","WARNING does NOT fit Nikon D5000 with 18-55mm lens","The 'name' of this product is completely misleading!  I received this kit as a gift.  They sent 55mm lenses which do NOT fit the 18-55mm lens on my Nikon D5000 (which is an AF-S Nikkor 18-55mm 1:3.5-5.6G).  The correct size is 52mm (look inside the lens cap).I will be returning these immediately as useless.If you're searching for good quality lens filters, look to Tiffen - theirs are better quality than these.""
"20110108","5.0","My wife loves these","I got these for my wife because she was showing interest in taking Macro pictures. She loves playing around with these. A must have for any beginner SLR user.""
"20110106","4.0","Shipped very fast","Came fast with no packing waste.  Did what they said it would do and fit the lens they said it would fit.  THey feel substantial and the case is protective.""
"20110104","4.0","Very good product","Fits perfectly my Nikkor 18-55mm, although all the magnification lenses must be useful, you bet that I'm using only the +10, not recommended without tripod (as for all macro-shots). Excellent manufacturing and quality.""
"20101203","5.0","Great Product","If you are even considering this product, it is because you don't want to spend more money on a dedicated macro lens.  They work just like filters and actually do work.  The magnification of the 10x is what you will probably be using most, but you can just place two of these macro lenses on at once for more magnification.There is slight distortion when using MULTIPLE filters here, but when using one, the product works as advertised.  Simple concept for a simple solution.I think the macro pictures I take look great and I'm using a Nikon Kit 18-55mm lens from a d5000.  For [...] bucks after shipping you can't go wrong.""
"20101129","2.0","Fun filters","I like these filters but understand what you are getting before you purchase.  They are a work around for actually owning a macro lense.  That being said, they do what they are made to do.  As you progress past the +1 and +2, vignetting becomes an issue but that is when software correction takes over.  Nice addition to someone just wanting to play around with some filters!  And who can beat the price.  :)""
"20101001","5.0","macro fliter set","great item to have for your camera...although alot of cameras have macro, it's nice just to have this filter lens to experiment...pictures turned out great for a recreational photographer such as myself...it's not expensive...seems to be of good quality but just make sure it's tight on your lens...i have noticed that after attaching it to my lens...but for the little bit that i will use, i can handle that...and you can also buy other expensive filter lens set depending on your budget...but this seems reasonable in price...just buy it...""
"20100914","5.0","Super easy! Super inexpensive. Very good deal over costly lenses.","I have the Nikon D5000 and I accidently saw this then bought it because the Macro Nikkor lens I would have needed was almost $600. These lenses screw right onto the standard lens I have and the 52-200mm lens also. Even comes with a nice cleaning cloth. So low profile, easy to put in the camera bag, easy to install. I have nothing bad to say about them. They're an awesome buy.""
"20100830","4.0","Close-up Macro Filter for 52mm Lens","Good price,very good set range for close-up photography,next time use Digi Concepts product pictures online, excellent filters for close-up macro photography before buying macro lens,received order within time frame, fast prompt delivery.""
"20100829","5.0","Cant beat this for the price","For the price and what it lets you do with your camera...very nice bag and lenses are solid. Worth getting!""
"20100713","4.0","Macro Diopters","While I have not used all of the diopters in the kit, I have used the +1 and +2 attachments. They are just what I needed for taking photos of wild flowers and other objects on nature walks through nature preserve adjacent to our home. I have used on both the 18-55mm and 55-200mm zoom lenses of my digital SLR. I would recommend that these be tried to see if they do what you want before buying a very expensive macro-lens.""
