"20120227","5.0","Lens cap","Just what I needed for my camera, somehow I didn't have or just can't find my 52mm lens cap and this one fits the bill very well.  Not using the leash, don't like them but the cap is great.""
"20120210","5.0","Nikon Lens Cap","I have a habit of loosing my lens caps. I bought this as a replacement and liked the idea of attaching it to the camera. Works perfectly so I dont expect to be buying anymore of them. Product was as advertised and delivered on time. I can recommend the product and the supplier.""
"20111212","5.0","Works and fits well!","Bought this lens cap for my Nikon D40 to replace the original Nikon lens cap we lost while on vacation in Florida. It fit really well and I really like the fact that it has a lanyard to attach it to the camera so we don't repeat our loss. Even though the lanyard is not very thick, it serves the purpose and attaches to the camera well. Recommended to replace any missing lens caps! Well worth the inexpensive price!""
"20110815","1.0","poor quality","Although the lens cap itself fits onto my Nikon D60 well, the string attachment failed within the third use. The string is too thin to last. It unraveled and came off the lense. I was very disappointed in this product and cannot recommend it.""
"20110315","5.0","Cap fits perfect on my camera lens!  Thanks!!","I was nervous that the cap wasn't going to fit my Nikon D40 camera quite right because it wasn't a Nikon product, but it fits perfect. Very reasonable price!""
"20100206","5.0","52mm Snap-Cap lens cover w/leash","After losing several lens caps, I found this on Amazon and love it.  I will be replacing my other lens caps with ones that have the leash. Good product and was received on time.""
