"20120605","4.0","Feedback on PLR Optics 3-piece Filter Set","I use these on a Nikon D3100. The filters are well built and attach perfectly to my Nikkor 18-55mm and 55-200mm lenses. I use the UV filter just for protection of the main lens glass. The circular polarizer works just OK. Just don't expect it to perform like high-end polarizers. I haven't yet tested the Fluorescent filter. The set is inexpensive, works OK and I am happy since I know I did not want to spend a lot on better-performing but expensive filter sets. And the Polaroid brand name did give me some assurance while buying that it wouldn't be some cheapo-feeling crap.""
"20120525","5.0","Surprise!  No surprises!","The main reason I wanted these was for the UV filter to protect my lens.  Although I have not tried them with the camera to determine how the optics are, I can say from visual inspection they are good.  The threads are a perfect match to my Nikon lens.  I also like the protective case which has room for one more filter.  It was shipped quickly and I got it on time, which isnt always the case when I buy things from Amazon.  But, in this case, there were no surprises, which actually was a surprise.""
"20120519","5.0","amazing product","I love this filters. I though they would be an imitation or cheaper version, but they were actually original with excellent quality. Love it! It even came with a case for carrying the filters!""
"20120512","1.0","deceptive","I was very excited when I bought this product.But my joy is not complete when I found that it is compatible with Nikon D7000""
"20120430","4.0","Filters do work & work well","Going by number of good reviews, I decided to go for it. I have amazon prime account, so it got shipped the same day and reached me the next day.I've tried CPL and UV filters,  they hardly make any difference to the image from my D5100. Infact , I couldn't even see a difference, I just believe there must be some.I am novice, so for me it is definitely a good deal.I am rating this 4 star as I would have preferred having a GND filter instead of the FL filter.""
"20120423","3.0","Budget filter set with some drawbacks","After looking for a budget set of lens filters, I choose the PLR set.  After trying using the filters for approximately six months, here some of my thoughts.  For basic daylight shots, the filters work fairly well but not a great as top of the line filters.  That said the price is right for three filters.  At night time or with indoor shots, the filters can cause ghosting effects and other issues.  I would recommend upgrading to a slightly better filter, particularly the UV filter if possible.""
"20120409","4.0","works on nikon d3100","Got this pack for my Nikon D3100.  They thread on and fit perfectly.  Comes with a nice case and a useful guide for what each lens does or when it should or could be used on the box.  The box does not fit in my bag well so I cut the small guide squares out and keep them with each lens in the folding caseI am still testing them for impact, I can defiantly see a difference.  Better or worse would probably be defined by personal preference""
"20120407","5.0","Excellent!","What more do you expect? 3 great filters for a cheap price. What kind of quality do you expect? Obviously not high end but it does it's job.UV FILTER - Obviously it's not the same as any high end UV filters but it works fine. If it's for protection then it's good enough. If you want it for protection and still want good image quality and no flares.. etc.. then I suggest actually getting a higher quality UV filter (like HOYA HMC). Different quality UV filters can and will change your overall image quality. At first.. I used this for protection and then I noticed the changes in image quality vs. no UV filter mounted. (So I purchased a higher quality UV filter after researching a lot.. HOYA SHMC UV 0). If you don't really care for minor image quality then just get this cheap one.CPL - I am in LOVE with this one. I take a lot of landscape and sky photos so this is a good one in my mind. The quality is good enough and I'm not sure how it compares to the high end one but of course there will be a difference. I use this all the time.FL - I rarely use this one but it does the job. You might have to play with a few settings in your camera.For this price, they're all excellent!""
"20120329","4.0","Wonderful and invaluable for the money.","I ordered this filter kit only two days ago as a last addition to my order and it arrived yesterday before anything else. Just that alone was impressive. As I pulled the small box from its Amazon shipping case, I did notice that the box was not glued properly and thus unfolded itself. I proceeded to read the back for information and noticed a good amount of informative content, but there were multiple typographical errors including a lack of spaces between words. That was a bit disconcerting as it was reminiscent of a counterfeit product. However, upon opening the package up and taking out these new lens filters, I was surprised to discover a free filter case! As I continued to unfurl this nice bonus, my three filters flopped into view, carefully wrapped and placed in their own little pockets. After relieving them of their plastic film, just holding these you can definitely tell the quality you receive for your buck. Every filter was clearly labeled and fabricated out of nice metal rings and glass lenses. Of the three, I found the circular polarizer to be incredibly invaluable for any photographer who despises annoying reflections or hazy daylight landscapes. This filter smoothly rotates and doesn't slip as you shoot. The UV filter acts as a great basic filter for everyday shooting to clarify photos and protect your precious glass beneath. They all fit snugly and using the fluorescent filter will cut through any ugly green or blue color castes you might find shooting indoors, especially with everyone switching to CCFL bulbs. I would recommend this to any beginner, intermediate, or even advanced shooter. Just remember, like all filters, they only work well when you properly compensate for lighting changes and adjust your white balance so the auto won't counteract the filter effects.""
"20120328","4.0","Filters great, case not so great, but I didn't buy it for the case.","I purchased this filter set because I knew that I needed the UV and polarizing filters. I have yet to try the fluorescent filter but since my house is lit entirely with CFL lighting I anticipate it could be of some use for indoor night-time photography done without use of the flash. The fabric of the carrying case seems a little scratchy to me so I won't be using it to hold the filters, but I intend to purchase a camera bag with a suitable storage compartment. Several of the reviews mention a cleaning cloth but I didn't find one enclosed, nor is it in the product description. I give it four stars since the case is not suitable in my opinion. That said, it is an inexpensive product, you get what you pay for, and the UV filter is inexpensive insurance protecting a valuable lens. For now I will keep the filters stored in the plastic bags they shipped in, but they don't seem very durable and likely won't stand up to any heavy usage.""
"20120222","4.0","Good but....","Not sure... I just receive the package 8 hours ago... I haven't really tested properly....  the pictures that I took with my Nikon D5100 looks pretty good and almost the same.  You will notice more the change is when using the Fluorescent filter with a tone of purple in every picture... (didnt like it that one)....The UV filter is amazing how clear it is.....It fits my Nikon D5100 with the 18-55mm lens without any problem.""
"20120221","5.0","Great.","I got this because they had a bunch of reviews. UV works great i took a picture without and with, and were identical. love the little bag. has a slot of 4 filters. but the uv is always on. so that leaves 2 free spaces. find more filters and have some fun with it. i have the d5100 with the standard 18-55mm. getting the 50mm soon. so thats good i dont have to get a different size filter""
"20120216","4.0","Good buy","The lenses are great for the price and the case is plus! The lenses feel heavy and strong. I would recommend! I use them on my Nikon D3100""
"20120215","4.0","Inexpensive protection","I bought these as inexpensive protection for my Nikon d3100 camera. So far, they've worked great. I haven't taken a ton of pictures with them. They do the intended protection like I hoped, and came at a great price. I bought a more expensive Hoya for my portrait lens and use these on my cheap kit lens that I rarely use.""
"20120215","4.0","Basic set","If you are new to photography then this is your starter set.  Without breaking your budget you begin to get an idea  of what filters do to and for your photos.  If you are looking for brand names go elsewhere, but it you are looking for functional, inexpensive, and reasonable quality then order these.  This is my second set as my kids 'borrowed' the first.  Take them shoot lots of pictures and see what this does for you in terms of time spent post processing. The wallet included makes them easy to keep together and does not take up a lot of space in your bag.  The threads were well cut and with due care should not cross-thread on your lens.  Enjoy.""
"20120211","1.0","Not worth it.","So far I haven't found it to work.  I found no difference in the shots with and without the UV lens.  Just like it was clear.  The PL lens made the shot blurry.  Some have said the edges were blurry but I found the entire shot to be blurry.  You will be better off spending a bit more for a lens of better quality.  I used the lenses on a Nikon D3000 on both the 18 - 55 mm lens, and the 55 - 200 mm lens, which are what it says to use the lenses with.""
"20120127","5.0","3Piece Filter","The filters for the Nikon D5100 are a great product for the prize.  I would highly recommend purchasing this item.""
"20120127","3.0","fine but not perfect","they work very good but I was expecting much better change on colors shade. they are very handy with the nice case and all.""
"20120105","5.0","Nice Set! Doubles as a great way to protect your lens!","This is a great little set! I haven't gone much into it besides the regular UV filter, but for $12 it also doubles as a relatively inexpensive way to protect your lens!""
"20120105","5.0","Excellent value for the money--and it works!!","I bought this primarily to have some throw away lens protectors--heck, at this price, it was worth a try.  So far, I have used the UV and CPL lenses.  After reading reviews, I was about to toss the CPL filter.  Then I tried it.  I absolutely can not agree with the reviewers who said the CPL made the images fuzzy, soft or out of focus. I was able to shoot some landscape shots, all with a minute of each other, with the CPL at three settings, and one shot with it off.  First, it did not impact the image quality at all in terms of sharpness.  Second, the CPL effect was quite good.  Depending upon the rotation, I was able to make some clouds either visible, or completely disappear.  You do have to fiddle with it to get the right balance between contrast an color, but it works, which is all I care about for that price.  I was using the Nikon 18-55 kit lens, and all shots were taken as RAW to ensure maximum fidelity when comparing photos.  If you get this, and your shots are fuzzy, then make sure your stuff is clean.  Otherwise, send it back for another--you got a bad one.The UV filter is pretty lightweight, and seems to work fine--I did not detect any glint or glare.  It is not the highest quality UV filter, but it does $12 filter job #1: keeps my lens clean and protected.  I haven't played with the florescent filter, but that usually can be adjusted on camera in white balance anywho.BTW, mine was packaged as Polaroid brand.  I know they aren't the name they were in photography, but I still got a chuckle seeing it.Now I just need to find them in other sizes...""
"20111228","5.0","great product and even better price","These are great lenses. They do the job they are supposed to do and come with a compact carrying case that even fits in my small holster camera bag.  In response to the person who said they're not labeled....each lens is clearly labeled around the frame.""
"20111217","5.0","Very good value for money","For the price (9.58$) they are very good. I should say that I'm not an expert in photography. For me is a very good start for using filters.""
"20111122","5.0","Best for price","I am holding D5100 for the past 6 months these filters added more colors to my clicks.I just love it.""
"20111115","4.0","Filters","This filters are a good idea for anything cameras, this series has a three options  for your lens and you should many  diferents forms to make pictures""
"20111108","5.0","Correction filters","Very happy with these filters.  Was mainly after the Poly filter.  It works for me.  Haven't used the other filters as of yet, but sure glad to have them in my camera bag.  You never know when your going to need them.""
"20111106","5.0","Nice filters","Great filters! They reduce glare quite a bit, and I haven't noticed any adverse affect on image quality. It's a great way to keep the lens protected, that's the main reason I got these.""
"20111101","5.0","Poloroid High Resolution3-piesce Filter Set","I purchased a new Nikon D3100 DSLR camera and used it on a trip to the mountains of WV. The outdoor photos were great, BUT with out the right Filter the Blue Haze in the Mountains distracted from the beauty of the actual scene. Now that I have the Filters, that is not a problem any more. I plan on taking a lot of good outdoor scenes.""
"20111030","4.0","must for DSLR users","these are must for dslr users. one should get these before starting taking the pics. especially the polarizer. it removes all the natural grains, and pic is pretty clear using the polarizer.""
"20111019","3.0","The Fliter is scratched","I order a new set of Fliter but when it arrived one of them has already been scratched, not a very large one, but still upset me""
"20111017","1.0","Lenses not labeled","The lenses arrived today, but I'm confused as to which is which because nothing is labeled.  One is kind of pink, the other sort of gray and the third is clear.  The packaqing also gives no information.  I called the 800 tech support on the box, and there was no answer, although it's Monday morning, clearly within business hours.""
"20110928","5.0","Love this !","this is a great filter for my dslr 3100. never had a problem on it. it has a perfect fit and it is really cheap compred to others. would recommend it.""
"20110926","5.0","Excellent","This product is excellent.  I install the UV filter for all the Photos, and in two times i was used the PL filter also can be mounted one above the other.Este producto es excelente. Yo instale el filtro UV para todas las fotos, y en dos ocaciones he utilizado el filtro PL tambi&eacute;n, se puede montar uno sobre el otro.""
"20110926","4.0","Filter kit","I have not noticed a significant difference in the photos either bad or good but I have only snapped about 50 pics since installing the lenses and that was of animals in a wooded area not in direct sunlight.  They fit the lense perfectly and appear to be made of good quality material for the price.""
"20110924","5.0","nice filters","these are well made filters. have used them a few times and see very nice results in my pictures. easy to attach to the lenses of my d3000. has a wallet style soft case to keep them in and an extra space for a fourth is you choose later. would buy again and recommend this to others.""
"20110902","5.0","Perfect!","I was very surprised at the quality of these lenses.  I am not a professional photographer by any means and these are the 1st ones I've ever purchased, so they are perfect for me.  The pouch is a nicely added bonus, holds all three, plus a couple more...of the 52mm size.  Hope this helps!  Happy photography...ing. :)""
"20110824","4.0","Perfect for D3100","I use these on my Nikon D3100 and they fit perfectly. The Nikon lens cap fits nicely over the lens even though the filter is screwed on. I didn't give this a 5 star rating because the case it came with was manufactured rather poorly. When I opened it for the first time (it was velcro) the velcro separated from the actual material of the pouch. Since I'm not using the pouch anyway, I'm fine with it. Also, the microfiber cloth is quite good.""
"20110822","5.0","Great filter set and very respectful seller!","The seller was very respectful. I had my best internet purchase experience on this transaction. The filters fit perfectly with my Nikon D3100. I got some great pictures with the polarizing filter at Yellowstone.""
"20110805","4.0","Very Good","The filters are very good, the UV cut filter add a little more sharp to the images.""
"20110728","5.0","very nice filters","I recently received these filters and was pleasantly surprised to see a polaroid name brand on the box. I'm simply an amatuer when it comes to using my newer Nikon camera but I did want something to protect the lens from dirt and scratches. This purchase does that and more for less than the same cost for one filter elsewhere.I've quickly tried these out (except for the flourescent filter) and noticed a significant difference in color with the polarized filter shooting outdoors. I just need to figure out the rotation of the glass while attached to the lens, I understand it affects the outcome of the pictures.I plan to use these regularly to compliment my pictures. They appear to be a solid material and for the price I don't think you can go wrong.""
"20110721","5.0","so cool","This is the first set of filters of I have ever bought and tried.  I haven't used the fluorescent one yet, nor have I really seen a big difference with the UV one.... but that circular polarizing filter is so neat.  If you hold it up to a computer or TV and turn it, you can see the images either sharpen or just black out.  Very interesting.  Has that same effect on rainbows too.  I had just gone on a roadtrip, which I knew would involve a lot of landscape shooting, so I just left that CP filter attached the whole time.  The blue skies were a lot bluer as a result.  And there was waterfall that we went to see that had rainbows.  The CP filter helped sharpen the colors on it... and helped me find an inverse double rainbow that couldn't be seen by the eyes alone!  So cool!""
"20110715","5.0","a nice kit!","Works great on my D3100, now I don't have to worry about my lens as much when i'm out and about.""
"20110705","5.0","Worked great with my Nikon D3000","I've only used one of the lenses, but it did what it was suppose to do.  I'm a newbie when it comes to photography, so I'm not sure I'm the one to take advice from, however, I enjoyed using it.  It really did make a difference in the outcome of several photos.""
"20110602","2.0","cheap, but polarizer is no good","The main reason I bought these was because I wanted something to protect my lens. The UV filter does exactly that. Under certain lighting conditions it puts artifacts on my pictures, but that doesn't bother me because I expect some of that from cheap glass. Also, I knew beforehand that I would probably never find use for the fluorescent filter.I was excited about the prospect of the polorizer though. I took it out for a test drive when my kids were playing in a waterfall on a sunny day. Perfect opportunity to get rid of glare off the water. As far as removing glare, it worked great. The problem is that while it removes glare, it blurs the image significantly. It's not even a subtle softening. Every picture that had this filter came out blurry. I did test shots on a tripod with a ton of different lighting conditions and every picture came out the same. Nothing in focus.Oh well. I don't feel ripped off because I got one protective filter and two trash filters for the same price that I could have gotten one cheap protective filter. If I smashed my uv filter, I might consider buying this again because of the price, but overall, if you are looking for a polarizer, don't get this.""
"20110530","4.0","Not bad for the price","These filters fits well for my Nikon D3100 and works well except there are a little dark corners when I use UV and Polarizer together. Anyway, it's not bad for beginners.""
"20110526","5.0","nice  filter kit and carrying case","These are well built and do as said....the 3 filters can be used as individual or as a unit of all three in any combo you'd imagine they fit the Nikkor lens perfectly and can be used to create some interesting effects......nice quality...nice carrying case well worth the money invested...I would recommend to anyone..""
"20110516","4.0","Great product","Just recieved these in the mail today and tried them out rite away. Shots came out great compared to normal on the stock lens of a D3100.""
"20110510","1.0","Don't Buy--Horrible Customer Service","Buyer beware.  I had a question about this product.  Wanted to find out if these lenses would fit on my Nikon model.  So I called the number listed for this vendor to ask.  No answer!  I couldn't believe a business would have no answer.  I tried about 3-4 times, thinking I must have misdialed.  Nothing.  No answer, no voice mail, nothing.So I sent an email thinking that perhaps this vendor is online more than they are at their phone.  I got an automated response:Dear Customer,Thank you for contacting us! Your inquiry is important to us and wewill be more than happy to assist you. Please note that our businesshours are Monday-Thursday from 9AM to 5PM EST, and Fridays 9AM-1PMEST. We answer our e-mails in the order they were received duringthose hours. If you do not receive an immediate reply, please bepatient, we will definitely assist you as soon as we can. Weappreciate your business and customer satisfaction is our #1 goal!Thank you,DB ROTHCustomer ServiceThat was over 24 hours ago.  I phoned and sent an email during 'business hours.'I really rather doubt that this person has got a waiting list of calls and emailsthat would be backlogged over 24 hours.It's bad when you can't even get someone at a business to respond to a productinquiry.  Imagine if you were unhappy with their product.  Would they ever returnyour call or email?I wanted to take a few moments to record this experience, perhaps to save someoneout there from an unhappy purchasing experience with this vendor.""
"20110430","3.0","Good, But Not Great Filters","I have used the UV and the CLP and they seem to work fine. It did not say, and I do not think they are multi coated so they are probably not the best, hence the low price.""
"20110425","5.0","Great Investment!","These filters are awesome! I just bought my Nikon d3100 and these filters definitely make the biggest difference. Not only do they protect the lens, but they make the pictures look a lot better. For instance, I used the polarizer outside and they definitely make the colors a lot brighter. The grass was greener and the red brick was redder. The fluorescent filter also made the biggest difference when taking pictures inside the house where compact fluorescent light is used. Instead of having to mess with white balance on the camera, I just used the filter and the walls were white instead of greenish yellow.The case is also great for protecting the filters. For $13, this was a great investment. Out of all three filters, the polarizer is the best because it makes taking bright pictures outside a lot easier.""
"20110418","5.0","Filters","I rarely use the fluorescent filter but I use the others all the time, especially the polarizer. I do a lot of landscape photos & it can add a nice dramatic effect to the sky & clouds.""
"20110416","5.0","Very pleased","The filters fit my 18-55mm Nikon lens without a problem. They are sturdy and the optics are great for the price. The wallet will probably stay in my camera bag as it can hold 8 filters fairly well and is compact in size. A great starter set!""
"20110413","3.0","okay product","The product states it multicoated. Was hoping this would cut down on glare. It didn't. In fact there is more glare with the filters. The Polarizer made sky shot a little darker shade of blue but not much. Okay product.""
"20110321","4.0","Great product for the price","I have no complaints about this product.  Didnt see a 'HUGE' difference in the pictures, but still need to play with different lighting using the lens. I love them, if anything, for protection of the lens.  A great barrier to keep your camera lens clean & safe... for that alone, the price was worth it.I also love the storage that comes along with it... handy to put in your camera bag & to have near each time.""
"20110310","3.0","Works great with amazing price","Got this set for my Nikon D3100 18-55mm lens.  For sure, they aren't able to compare than those $50 or more price filters, but this set has ok quality from the price point of view.  The quality is little better than those $10 less filters and we got 3 filters/ and a carry bag per $12.5.-------------------- Updated 2011/03/18The UV filter provides me reflection for indoor picture targeting light sources.  C PL and FL-D are just ok.  It's good begining set to know how filter works, but what you paid is what you get.  It won't give you the performance for quality pictures.""
"20110212","4.0","Good for the price","Its good for the price and you are a amature photographer, U can notice the differences with and without the filters. the filter case is handy in a way, but the nylon segments are not good enough to avoid any scraches.Good the filters does the job to a decent level for the price.""
"20110207","5.0","Great filter set!","I bought these filters more for protection of my lens.  They work perfectly for protection and also are great filters as well.""
"20110117","5.0","You get more than what you paid for!","These filters are great.I haven't had them for long, but I'm already in love with them. I use one of them for each picture I take, they always brighten and clear out the picture. They fit my Nikon D3000 with the 18-55mm lens perfectly, secure, and they take beautiful pictures. I use them with a zoom lens on top of it, and the effect shines through. I have no shadow, everything PERFECT. I would recommend this product to anybody that is having difficulty chosing between an expensive rip-off and this. They work most probably exactly the same, except the price differs. Anyhow; choose wisely, and this product is absolutely terrific. :)""
"20110115","3.0","Came on time, can't notice effects on pictures","The lens come on time and were in perfect condition.  I've tried them on a couple pictures, but I haven't noticed the difference so far.""
"20101101","5.0","Digital camera filters","Love this deal -purchased all three of these separately when I bought my new NIKON at BESTBUY-items recommended by sells person but were sold separately for $42.00 total -what a great deal!!!!""
"20101030","4.0","Lenses","Lenses were exactly what I wanted.  They were shipped promptly and even delivered earlier than expected.  Just wish they would have come with instructions.""
"20101022","5.0","Good deal","I knew one should always use  a filter--neutral density if nothing else--to protect my Nikon D40X SLR lens.  When one of the filters broke, I selected this set from Polaroid as a replacement, getting three different filters plus a lens cleaning kit for what I would pay for one filter at a local store.  Have used the neutral density and polarizing filters and they appear to be of good quality.""
"20101008","5.0","Great set , Great price","First let me say that shipping is very fast , I got mine two days and I that was with regular shipping ! the filters are amazing they fit perfect with my nikon , I tested out the filters and I have no complaints they do their job quite well :)""
"20101001","5.0","fitler set d3000","great addition to your camera...you can't beat the price...not expensive and good enough quality...i do not know how long this will last...always make sure the filter is attached securely...if anything, it will protect your lens...but i am always careful with my camera anyways...and you can always buy the more expensive filters depending on your budget...the lists go on and on...just buy it...""
"20100926","4.0","perfect order for camera","great filters clean and does a great job recomended to camera class teacher liked them.""
"20100923","4.0","Great 'value option' filter set","I've seen how much you can pay for similar sets in retail stores, so I was a little nervous about the quality of these (much) cheaper filters.  I am an amateur photographer, not a professional, but as far as I am concerned these are absolutely fine for my purposes at a fraction of the cost of some other brands.  Very happy.""
"20100825","5.0","Great Service","I ordered on August 22nd and received my order on the 25th.  Wonderful fast service.  The Polaroid lense filters seem to be good quality and I look forward to using them in my photography field trips.""
"20100823","5.0","great filters","This is a nice set of filters - basic for all needs - I actually put the UV filter on when I lost my lens cap on vacation - good protection too.  Nice case to keep the lenses in when not in use small and handy.""
"20100809","5.0","Shipped fast","The filters are great and cheap, and shipped overseas really fast...and came with a nice microfiber cloth.""
"20100806","5.0","It works great","I am kind of new to photography and needed some filters for my 18-55mm and 55-200mm lenses on my Nikon d5000.. oh man i have got to admit that after i used this filters i could notice the huge difference... especially after polarizer. UV is a really good protection for you lens.  It is a great product, i would recommend it to everyone especially if you are new and you dont want to pay 60$ for an expensive filter. It feels really nice and heavy. Made from metal and glass i think.. the best thing is that its cheap and it came with a cleaning cloth and small carrying bag that you keep your filters in. Overall i was more than satisfied with this product! buy it and its also fast 3 day shipping..""
"20100719","5.0","High Res 3-piece Filter Set","I was a little hesitant to purchase these filters with the lack of reviews but I'm SO glad I did.  The filters came two days after I placed the order (kudos to the seller) and I was able to start taking pictures with them right away.  The carrying case is a plus as it's nice to have a safe, non-destructive place to store the filters.  I just started taking pictures with a DSLR but noticed a difference in the photographs right away.  I would recommend these for ANYONE starting out as it's a quick and affordable way to increase tone and light quality in photographs.""
"20100403","5.0","High Resolution 3-piece Filter Set (UV, Fluorescent, Polarizer) For The Nikon D5000, D3000 Digital SLR Cameras Which Have Any Of","Awesome products. They were all just as described and ready to go. Shipping was cheap and they arrived really fast.""
