"20120503","5.0","Love Them","I purchased these for my kids and they love them.  They enjoy using them on their phones to make the pictures look different.""
"20120429","4.0","Nice","It's good ;) but isn't suitable for professional photos, the quality is good but you see green edges all around the pic.""
"20120402","4.0","great for the price","just as described, a wide angle lend for your cell phone, i used it on my iphone 4 pictures came out cool.""
"20120326","1.0","Junk","Do not buy.  Absolutely worthless, nothing but distortion, not even a toy.  In this case you really do get what you pay for""
"20120315","5.0","Fast Ship and Inexpensive","My daughter wanted this lens for her phone.  It was delivered quickly.  She loves it.  I loved it because it wasn't very expensive.""
"20120116","5.0","Fun for my iphone","Works GREAT with my hipstamatic app because it cuts the edges off. Fun for taking pictures of friends. Practical for taking pictures of architecture. Might replace my lomo camera?""
"20120106","3.0","Jelly Lens for iPhone","You get what you pay for. It was cheap in price and was cheaply made. It is suppose to 'stick on' over the camera hole. Which it does the first time then it loses the 'sticky' and keeps falling off. It was only $5 or $6 and was fun while it lasted. As long as you know it is a 'use it then toss it' gadget you will not be disappointed.""
"20111231","4.0","It's okay","Its cool, but there's little annoying things about. You get what you pay for in other words. If the light hits the lens in  certain way, the picture is covered with grey blurred light spots and you can see the green edges in the picture.I have the iPhone 4""
"20111214","3.0","Decent for playing around with","Decent enough for playing around with and adding a bit of flare to your video but does blur the image at the outer most edges.""
"20111025","1.0","Not what was expected","I ordered this product for my Toshiba camileo S20 handheld camcorder so I could have a fisheye lens for it. I received it fairly quickly,when I got it in I immediately placed it on the camera and the video was blurry.  I guess if I want a fisheye lens for my camera I will make one out of a peep hole. Until one is made for this camera.""
"20110714","4.0","low cost, works as claimed","I first learned of the 'jelly lenses' in Japan during a recent trip. I bought 3 of these, 2 wide angle and one macro.I use one of the wide angle  ones on my webcam (without it I have to sit 3 ft from the camera to not fill the whole screen)On my Cell phone the macro lens is great, the wide angle helps , but not a lot. the one issue I have is they don't tend to stay on for very long. the problem is their  lanyard is heavy and pulls them off. ohterwise,a great product for the LOW price.""
"20110516","1.0","Junk!!! Like looking through toy plastic binoculars..","Just like the title says... Don't waste the keystrokes and mouse clicks on buying this... Like trying to take a picture through a plastic mountain dew bottle..""
"20110129","1.0","Doesn't work","The product definitely arrived in a timely manner but does not do what it is intended for at all. Don't waste your money.""
"20101226","4.0","A fun toy","This product is not for serious photographers trying to get the shot of their lives, but as a little novelty item, it's great.  I've definitely gotten my money's worth!  It works well with my iPhone, although I definitely agree with the other reviewers who say it could be stickier.""
"20100723","2.0","Meh...","Looks like trash, and won't stick on after minimal usage. I wouldn't recommend this purchase.""
"20100507","4.0","Great for the price.","Great concept and it works.  Using the Jelly Wide Angel Jelly Lens along with a Kodak Zi6 and the LG Env2 camera phone.  The lenses of these two devices are small enough for the Jelly to fit over thus producing an adapter free picture.Haven't really tried recording anything worth while other than testing the product and it does the job it should. What do you expect for something less than few dollars?""
"20100412","2.0","You get what you pay for","Not sure what I was expecting, but I bought the lens hoping to use it on my Kodak Zi8. The first thing I noticed was that all but the centre of the image is fuzzy. The second thing I noticed was that the sticky part of the lens only held it in place for a couple of mins before falling off, making it totally unsuitable for use. The glue's not even strong enough to hold the protective cap in place for more than a few mins.Pretty much worthless to me. Will only use if I need a specific wide angle shot and I can hold the lens in place.On the other hand, it was $3.""
"20090823","3.0","Fun Effect, But Not For Serious Use","The Wide Angle Fish Eye Jelly Lens is a fun attachment for your small cell phone camera or pocket video camera (i.e. Creative VADO or Flip Ultra). It does significantly increase the field of vision of the existing lens, but the distortion is also significant. This is a fairly fun effect for the first few minutes and it might let you get a reference shot that would otherwise be missed, but doesn't really lend itself to much day to day practical use.The lens is attached to your camera via a sticky ring and it can be put on and taken off very quickly without leaving any residue. It is useful to have the camera on and view the placement on the LCD to make sure the lens is properly placed and not obscuring the existing lens.This might not be for everyone but it is small and fairly inexpensive so I carry it with my small camera just in case I ever find a use for it.""
