"20120605","2.0","Lens cap holder","The cap did not meet my expectations. The string came off of the  circle when I put it on the camera, therefore defeating its purpose.""
"20120525","1.0","String broke TWICE, adhesive too weak","Major fail.  The crimped metal piece opened and the elastic pulled out the very first time I tried to put this on my Canon XTi camera. I used pliers to re-crimp it and put it on, then the adhesive dot was too weak and the 'button' came off the lens when I set my camera in the bag. I used a bit of glue to hold the dot on the lens cap, but the strap pulled apart again at the metal crimp just three days later. Piece of garbage. Yeah, I know it was only a buck and a half but I did expect it to work for awhile.""
"20120518","1.0","broke 1st day","I bought three of these and two of them broke when I put them on the lens.  They fit on 52mm but not on 72mm lenses.  The adhesive part isn't very sturdy either - the band pulled right out. Try another brand.""
"20120309","5.0","Excellent value","Great product. Once attached, you don't have to worry about losing anymore lens caps! I bought one for each lens.""
"20111112","5.0","Works Well.","Item came much quicker than I had expected. Nice and durable (thus far, I've had it for a week now). My only complaint is that it's kinda short, but works just fine on my Canon T3 stock lens.""
"20111107","2.0","You get what you pay for.","I was a little disappointed with this product to be honest.  The adhesive that holds the string piece to the string never stays attached so I am just as good as I was before I attached the lens cap holder...except now I normally have a piece of string hanging from the camera...awesome.""
"20110922","5.0","A must for any camera.","I have lens cap holders for each of my lenses and find them indispensable.  And for the price, you can't beat it.  I also purchased one to attach to my water bladder.  Using a hole puncher, I punched a hole on the side where there is extra plastic to loop the elastic in and attached the round sticky part on the cap...it works great!""
"20110715","5.0","Great to avoid loosing your caps","I really liked this product, I just have preferred to buy the package with 5 holders, because I need one per lens...""
"20110422","2.0","If you don't use your lens a lot  I guess they might work?","I bought enough of these to fit all of my lenses.... they have all fallen off. I lost one lens cap in the water because the adhesive that attaches to the lens came unglued under the weight of the lens cap. I guess they might work if you are a casual user and don't let your lens cap hang, but then what is the point?  The adhesive was way too weak, not ONE of these is still attached.""
"20110216","5.0","Best $3 I ever spent!","This keeper is so handy and saves a lot of trouble trying to find your lense cap, it is always right there !!!!  LOVE IT!!!""
"20100514","5.0","It works Well","I am so far very happy, it sticks well and is keeping my cap from falling and losing it.""
