"20120512","1.0","Very poor quality.","The positive reviews on this product are obviously fake. This lens cap is very poorly made and falls off the front of my Nikon lenses easily. The springs that hold the cap in place are pitifully weak. The three caps I bought are now in the garbage, which is exactly what they were to begin with.""
"20120502","2.0","Cheaply made product","The lens cap is made of cheap materials and creaks when you pinch on the center release. Also, it does not seat properly. A design flaw is the hole that connects to the string goes straight through, which allows dust and debris to reach the lens. However, the seller was prompt and courteous, and gave me the option to return the item. However, shipping back to seller made it not worth returning.""
"20120426","2.0","These are too cheaply made.","They tend to bind and they don't stay on the lens real well.  I like the Zeikos replacements much better.  They are superior in quality, they don't bind and they clamp to the lens or filter solidly.  Plus they are only a couple dollars more.kd""
"20120328","4.0","Gets the job done!","Pretty decent quality, very quick delivery. Great price. Fit good. Also sent some lens cleaning clothes that were a nice bonus! Of course I miss that fact that it doesn't say Nikon but for a $10 savings it's way worth it.""
"20120328","3.0","cheap little lens cap","It's a cheap lens cap that fits just a little bit looser than the original. I lost mine out in a berry patch and will never find it again so this is an extremely affordable solution to crawling around in berry vines for hours. I'm happy.""
"20120314","3.0","Decent","For the price, I would say it was a good buy. The parts are a bit flimsy, but it gets the job done. Also, there is a hole that is meant for a string, but I could easily cover it up so that dust won't go through.I'm happy with it because it does stay on and seems moderately durable (compared to the Nikon lens cap)I'm giving 3 stars so that you know that you're basically getting what you pay for.""
"20120305","5.0","Universal Lens Caps are IDENTICAL to oem!","Purchase these universal plastic lens caps in the 52mm, 58mm and 67mm size.  Except for the name brand logo, these lens caps are identical in every way to the original named product at a substancial savings.  Very common to loose or break these plastic caps, so why not save a few bucks over the logo brand, each time and keep some for spares.  A super product that's designed for a specific purpose to protect the front camera lenses and these caps excell at their intended use.  Thank You.""
"20120222","5.0","Good fit for replacement lens cover","The lens was purchased because I lost my original lens cover. Fits great and is easy to take on and off.""
"20120217","5.0","Can't beat the price.  Does the job.","You cannot beat the price.  It does the job.  It comes with a thread so you can attach it to the lens, but I find it not useful.  I usually throw it away.  It also comes with a lens cloth I found useful.""
"20120214","4.0","It covers my lens","I'm using this on a Pentax SMC 50mm lens and it fits securely and even looks nice.  It protrudes a little farther than my other lens caps.""
"20120213","1.0","Crap, trickery","Bought this lens cap, expecting decent quality because of the reviews. That was not what I received. They sent me a cheapo lens cap with rickety moving parts. There's also a hole straight through it for the string, which exposes the lens to dust.Another thing which was included in the package was a letter asking me to rate it five stars, and if I did they would give me 2 free microfiber cleaning cloths. No wonder this product has so many high reviews. It's not worth my time / money to bother sending it back, but I do urge you to realize this is not a quality product.While this cap was on the way, I ran to a local Wolf Camera and bought a Vivitar 52mm lens cap, which is a similar style to this, only much better quality and does not have holes exposing the cap to outside air. I'd highly recommend that one instead.""
"20120126","5.0","Lens Cover","Order was received fairly quickly. A great replacement for the Nikon brand covers. Fits perfectly on my 52 mm lenses. These are 1/3 the price of the Niokn OEM covers & are exactly the same except for the Nikon emblem on the front. Well worth the purchase.""
"20120118","2.0","Works, but far too loose","Bought this due to the quality reviews, but I'm rather disappointed. Unlike the official Nikon cap, this cap is very loose and will not effectively snap on. You get what you pay for.""
"20120117","5.0","Lens cap","Nice little item...very thick and stron plastic lens cap...plenty of spring tension and crisp sharp groves to grab threads inside of filter or lens..stays on real. Would buy another one if I ever needed one...""
"20120105","3.0","Does the job, but thin threads = weak hold","Exactly like some other reviews have said.  These do the job of covering your lens.  But is lighter weight and cheaper feeling than genuine Nikon.  The threaded area is thinner and does not provide a strong hold like the original.  You can easily pop it off without squeezing the release.  It may not be a big deal for now, but wait until you find it has come off accidentally in your backpack and has been rubbing on the glass of your lens as you hiked for the last 3 hours.  To make sure they are on tight, you have to turn and push it down while placing it over the lens, like screwing on a lens filter.""
"20111222","2.0","Fits too loose","its just ok. It does what it is suppose to do; snap-on to protect the lens. But it does not have a snug fit which leads me to believe that it will let in dirt particles, which in turn, will not be considered protecting the lens. So I gave it a 2 instead of a 3.I would suggest ordering a better fitting cap.""
"20111220","5.0","Much better than the original Canon cap","I'm very impressed with this lens cap - it's much easier to grip (for installation and removal) than the original Canon lens cap.  You can pinch the inner parts of the tabs if you use a lens hood.  But even without that, the outer tab grips are much larger and easier to grip than those on the Canon.  I use this on the Canon 50mm f1.8 lens, and don't have any complaints.After using this, I immediately ordered another one (different size) for the other lens I had with a Canon-style cap.At this price, you can order a few - if you drop one into a river, or sit on one, or whatever, you have a spare. Note that the fit may vary a bit depending on which filters you use - the cap may stand out a little bit from the filter if the threaded area on the filter is very shallow.  Even if this is the case, though, it still holds on tightly, and it won't scratch your filter - it would just touch the glass around the very edge, and even there the plastic isn't hard enough to scratch glass or coatings.""
"20111206","2.0","not useful","This cap looked promising and the reviews encouraged me to buy it.  However, it falls off my panasonic fz150 very easily...with only the slightest touch of the string.  It looks as though it may be inconsistent in quality as many reviewers have had good luck with it.  I appreciated that it came with a string--although it seemed much thinner than the one that came with the camera--and a lens cloth as well.""
"20111201","5.0","Good fit","I bought this lens cap for a Pentax K-r to replace a broken one and it fits perfectly.  It actually fits as good as the original one and does not just pop off easily.  I am pleased with it and would buy it again.  The string is small and for me useless as I use different lenses so tying up my lens cap to my camera strap is pointless.""
"20111111","4.0","Just what I needed","I lost the lens cap to my canon 50mm F/1.8 lens, and couldn't find a replacement that was under $15 - which is more than I'm willing to pay for a little piece of plastic.Luckily I found this and it fits perfectly.  The string that attaches to it is handy, but it's thin like thread so I don't anticipate it lasting long.All in all, it's cheap and protects my glass, which is exactly what I wanted.""
"20111109","5.0","Does the Job","I was looking for a cheap but reliable clip on lens cover and this does the job nicely. it doesn't look like anything special but that doesn't really bother me!""
"20111012","4.0","Fit my Nikon D40","Press a little bit on the cap and it's fit my Nikon D40. I like the thin black strip which can go through the tiny hole on the cap and keep the cap stays with camera. I am pleased with this product.My original Nikon cap does not fit very well and easy to get lost without a strip.""
"20110923","5.0","A cap","no need to much of a review, the cap does his job and its good that comes with the string so you will not lose it. good product""
"20110913","3.0","ok....","I like the price, but I can't keep the cap on the lens.  That's how I lost the old one.""
"20110912","5.0","Its A Lens Cap","Its a Lens Cap, It Fit, It Covered, It was Removabale, It's can be lost.  What can you say, It a lens cap, it dose was it is designed to do.""
"20110802","5.0","Cheap and fits","This cap fit perfectly onto my Nikon D3100's 55mm lens. Considering it's 1/4 the cost of an official 'Nikon' lens, this product is definitely a 5-star in my opinion.""
"20110801","4.0","Decent cheap cap","Not much to say other than this cap fits and doesn't fall off when you don't want it too.  It works and it's cheap -- perfect!""
"20110731","5.0","Great lens cap with string!","I bought this cap for my nikon d5000. fits perfectly. the plastic is not as great as nikon's, but its good enough. i mean...its a lens cap rite? who cares about it being the perfect plastic as long as it does its job. I did give it 5 stars, however, because it comes with an extra feature that nikon doesnt include, a string attached to the cap! thats so handy. wonder why nikon doesnt do it. and its much much cheaper than the nikon one so i have no complains so far.""
"20110723","5.0","Great Nikon cap replacement.","This might not be the most expensive cap ever made but it works well and made a good replacement for the original lens cover.  It comes with a retention string but at this price you can afford to lose a couple.  Shipping was pretty fast as well.""
"20110606","5.0","nice","i love the fact that it comes with a string so that you are less likely to lose the cap... i can just take it off and leave it hanging w/o worry""
"20110602","5.0","Good plain lens cap","I found this lens cover to be a good, simple lens cover to replace the Nikon covers that came with my kit lens that I had lost out in the field.  Perfectly functional.  They did come with lanyard strings to attach to the camera body, but I don't use them since I switch lenses frequently.""
"20110520","5.0","Better than the original","Bought this because the original cap on my Panasonic Lumix camera came off and I could not find it.This one stays on better and was dirt cheap. Arrived quickly. Would buy from this seller again.""
"20110511","4.0","Good one","does its job and its cheap rate and it also has a string conected to it so u can tie it to camera to prevenet falling which was lacking in the original Nikon cap....""
"20110509","5.0","Wow... and it has a cord to keep it on the camera too!!","Wow!  This fits my Canon Power Shot SX20 perfectly, and has a little adjustable cord to attach it to the camera... much nicer than the original Canon lens cap.  The little (actually big) finger holes to remove and replace the cap are so nice... much more ergonomic than the original cap.Be careful with the little adjustable cord.  Only one cord strand moved through the little clevis-like thingy on mine and I needed to loosen and move the knot at the edge of the cap.  It is so professional looking now.  I used to glue a small shank style button to my lens cap and attach a thin black elastic cord to it and tie it to the camera... it worked great but sure looks tacky!""
"20110428","5.0","It's a len cap.","It's a lens cap and it works!  It hasn't popped off or anything so as far as I'm concerned it's perfect.""
"20110423","3.0","Cheap.","Well, it was inexpensive and it is cheap. Doesn't hold on the lens well but inexpensive enough to buy a few at a time.""
"20110314","5.0","Nice cap.","I purchased this cap after breaking the lens cap that came with my camera. This cap does a good job of protecting the lens at a fraction of the cost of a name brand cap.""
"20110226","4.0","Works as advertised and is a cheap alternative to the namebrand","If you don't care about having the lens manufacturer's logo on the lens cap, and if you're an idiot like me and lose your lens cap regularly, this is great.It's not the most attractive lens cap, but at the end of the day we're just trying to protect our multi-hundred/thousand dollar lenses right? Solid build quality, and good fit make for a good buy.""
"20110205","4.0","Very useful","I always put this on my camera when I store it, to protect the lens. The cap works great, snaps right on to my 52mm threads. You can pinch it on either side to take it off, nice touch so you don't have to pry it off. It's not the highest quality, you could probably find a little sturdier cap for a little more, but it works great for when I want to protect my lens while storing it, or putting it in a bag traveling. I'd highly suggest it to any camcorder owner, 5 dollars is worth it to keep your lens nice.""
"20110113","5.0","Perfect Replacement","Ideally you wouldn't have to replace your camera lens cap, but if you are like me and get clumsy then this will do the job.""
"20110104","5.0","Great Cover","Finally a cap that stays on!  This perfectly fits my Canon SX20is camera.  So much better than the one that came with the camera and NEVER stayed on.""
"20101231","4.0","Great deal","This works just as well as any lens cap and you can't beat the price. It comes with a keeper string - i prefer an elastic band because they're more secure and i dont want the string slipping from around the lens, but the fastener on this one seems to prevent the loop from widening too much.""
"20101222","5.0","Perfect replacement for my Panasonic G1","I lost the original lens cap for my Panasonic G1 - this one fits perfectly and is at least as good of quality as the original.""
"20101221","2.0","Not what I was hoping for","After reading other reviews, I was hopeful that this would replace my lens cap that got lost. I don't mind not having the Nikon name on the cap, I don't know why it would if you could get this for so much cheaper. The price is good, but the cap didn't meet my expectations.The problem... it doesn't stay on. It seems like it has worked for others, maybe the one I got was defective. It has one job and for me it has a hard time doing it. The hold on the lens is very weak and it falls off with little movement. I have 2 lenses right now so I just put this one on whichever lens is being stored in my bag (it stays on when held by my bag so I suppose it is worth something, for now). I keep my original lens cap on the lens being used with the camera. I will be getting a replacement for this lens cap soon, but I don't think I will try this one again.""
"20101003","4.0","Mostly Pleased","I love the little cord to keep track of it. I wish there were a spot on the lense where it could be attached, since it appears I may have lost it again. I also wish it attached more firmly to the lense filter I have on the lense. That may be the lense filter's fault though.""
"20100930","5.0","Excellent Lens Cap","This cap is an excellent alternative to my Nikon OEM cap.  I needed a cap without a Brand Logo to fix the sticker of my Cap Keeper Leash. This cap fits the bill perfectly.""
"20100912","5.0","As good as a Nikon lens cap but a lot cheaper","It looks and fits exactly like the Nikon one that came with the lens, but it's a heck of a lot cheaper. How can you go wrong with that?""
"20100810","5.0","Perfect","I bought a used lens that was missing it's cap. I found this on Amazon. It's been great. In my opinion, it's even better than Canon's design, since my fingers don't scrape against the lens hood on this pinch-style cap. I'm considering getting more of these to replace my Canon-branded caps.""
"20100707","4.0","does the job","Works as advertised.  Construction on par with any other lens cap. This lens cap fits the canon 1.8 50mm lens with attached filter.  I could not attach the lens cap with the aftermarket lens hood attached at the same time, but that is not important to me as I remove the lens hood for storage.""
"20100306","5.0","Excellent Product","Does not have 'Nikon' stamped on it but is just as good and a lot cheaper.""
