"20120611","1.0","5 lens cap leash","adhesive not very good - leash comes undone from lens cap pretty easily.  I would not recommend this product to anyone.""
"20120608","5.0","Very nice!","thoughtful and convenient! my husband bought it one year ago, and I just bought five more for my friends and also keep as a backup. I have one for my rebel camra and it lasts long.""
"20120503","5.0","Sticks on nicely!","I just went through a cheap lens cap holder, didn't stick on my cap for long, waste of money. This one has been on for a bit now and hasn't seemed to budge one bit. Good length of string for shorter lenses, would need longer length for my telephoto, though.""
"20120424","5.0","Well worth the money","After reading other reviews about how the double sided tape wasn't strong enough I was a little sceptical.  But I figured they're cheap so why not try them.  So far none of them have fallen off any of my lens covers.  My wife had me put one on her lens and we gave another to a friend.  I even put one on my Nikon remote. (I'm always loosing that thing.)I love them, I'm buying more.""
"20120321","5.0","A must have!","Cheap, comes in a pack of 5 for about $2, sticks well, and holds your lens cap in place. A cheaper and more efficient alternative to the $15-$20 lens cap holder for the strap. I use it for my Canon's kit lens and on my film SLR.Please note that the length of the string for this product won't work for longer lenses so you'll have to find another one.""
"20120206","5.0","Cheap and useful","Despite some negative reviews I bought these lens cap holders. They are doing their job very well. Now I don't have to worry about forgetting my lens cap anywhere. It is always handy. The string may be seen as a little short but it is a good feature. A long cord would probably be annoying.""
"20120130","5.0","Awesome product!","This product is awesome!  The very first day I got the camera, I must have lost the lens cover 3 times.  With this product, you stick one end on the lens cover and wrap the strap around the lens itself and you will never loose your lens cover again!  Awesome!  And the great thing about getting it here is it comes in a 5 pack so if you have different lenses, you will have enough straps for each lens!""
"20120126","5.0","Great deal","Great product! Delivered fast to us and works great! Will not worry now that I will lose another lens cap. Good quality. Easy to use. Well worth money.""
"20120120","5.0","Worth the money","The product is well worth the money. What would you rather pay cents for the cap lash or $$$ for the original lens cap on your high end camera? The lash is easy to use and has not come off for two month use.""
"20111216","1.0","Way too short","Sticks well, however it is way to short! and the cord attaches awkwardly off the elastic. The elastic band in itself started losing consistency almost immediately. In addition to being totally useless on my 55-250, don't see it being useful for long on my shorter lens.""
"20111215","5.0","Hold all sorts of stuff","I use these on camera equipment, binoculars, telescopes, all sort of stuff with removable parts I don't want to lose.""
"20111204","4.0","only problem is the sticker is too shiny it doesn't match the cap well","It came as described. Works well on. The only problem the sticker on it is too shiny shining . It doesn match go with the cap .""
"20111109","5.0","Great for not losing your lens cap any longer!","The lens cap holders were just what I was looking for. They attach on the lens cap perfectly and are a good quality.""
"20111106","2.0","Broke pretty quickly","These are super cheap, so maybe I'm expecting too much from them, but they did stick onto the camera just fine, but after a short while the string came out of the little disk, thus detaching the lens from the leash and rendering it useless.""
"20111103","5.0","Its must for every camera","Very cheap, but works better. Worth buying. No worry of loss of lens cap more. You should have it for all of your lenses.""
"20111030","5.0","Necessary accessory for SLR lenses","If you always keep misplacing / losing your lens cap - this is the perfect accessory for you. Say goodbye to lost lens caps forever""
"20111020","4.0","Very helpful accessory","Its a very helpful accessory. And right for the price. Spend a couple of bucks on these and you won't have to spend bucks on replacing lost lens caps.""
"20111015","5.0","gets the job done!","These really get the job done.  They arrived promptly.  The quality seems good.  They'll definitely save me from constantly replacing lost lens caps.""
"20111005","5.0","Easy Insurance","I bought one of these for a couple cents... then I came back and bought 5 more... and then bought 5 more again to give to siblings/family/friends.It's super cheap insurance for your cap, if you don't already have it leashed, and there's no reason not to get one.""
"20111004","5.0","good buy","Great price, no more lost lens caps, they seem to be sticking to the lens cap just fine. received them as stated""
"20111002","5.0","Five lens cap leashes","Well made, cheap and plenty of them!  I saw these lens cap leashes on Amazon, and pounced when I saw the price for five of them.  The quality is just as good as the single leashes that cost $$$ more!""
"20110925","5.0","Simple Leashes","Simple little lens cap leashes. That's about it. They wrap tightly around all of my lenses and stick pretty well.""
"20110924","5.0","Little  moolah, big value!","There is absolutely nothing wrong with this great deal! They are an absolute must for every lens you own. No kidding!""
"20110921","4.0","Good product","One side sticks to the lens cap, the other is a rubber band that goes around the lens body. However, you must find a good location in the lens to put the rubber band around so that it does not interfere with zooming and focusing. The rubber band width is 5mm and the distance from the rubber band to the sticky end is 10cm.""
"20110919","4.0","Good value, does its job","Bought these when I got a new lens for my camera and also to replace the leash on my zoom lens (whose elastic had stretched out so much it would fall off the lens!)No complaints here!  They seem sticky enough to stay on, haven't had the two I have in use now fail me, and I often release the lens cap and just drop it so the leash gets the full weight of the cap plus some force of it falls.Overall, does its job, good value for the money, and am happy with the purchase.""
"20110919","4.0","Quality","They are very basic, but also very cheap, so all in all worth the money.  They work and that is all that mattered to me.""
"20110908","4.0","Worked well, so far.","I was looking for an inexpensive way to keep my lense caps attached, and these fit the bill.  Work just fine ,, so far.""
"20110826","4.0","Good value for money","You can't ask for more at this price. The tab attached to the lens cap is taped with normal double sided tape and I don't foresee this will last long when shooting outdoor often. I guess that's why they provide 5 pieces for this price!""
"20110812","3.0","Lens Cap Holder","The seller's response was excellent.  The tether on the lens cap holder is too short.  As a result it is difficult to use it as intended.  It is not great, but it is ok.""
"20110808","1.0","not worth the cheap price","I went through all 5 of these in about a month.  My lens is not very big/long and these keepers just pop off without any real pressure or extreme use.""
"20110707","4.0","They work","These do what you want them to do. The adhesive is ok and if it comes loose you just gotta put on another one. They are cheap so it's all good.""
"20110628","1.0","Not worth any money!","These do not stay stuck on the lens cap.  They also will not work with a telephoto lens-too short.  A good idea, but needs work!""
"20110621","1.0","Way too short","Waste of money. These are VERY short. Would not work on a Nikon 35mm 1.4 lens. Forget about a tele. Already bought a replacement which is long enough.""
"20110621","1.0","Detached after a few days","This lens cap leash became separated from a 67-mm Nikon lens cap allowing the cap to drop. This happened after only a few days of normal use in dry climate. Importantly, this item became separated between the plastic piece of CapKeeper and adhesive layer rather than where it was attached to the lens cap. This suggests that the adhesive was not strong enough to keep an average size cap secure.Update: these particular cap lens leashes became detached several times (at least 3 or 4 times). To reduce that risk I needed to use 2 of them on a 67-mm cap, but one of them was still detached over time. A related but more expensive product from Adorama (about $2 a piece) works much better, but allowed the heavy cap for a 14-24mm lens to drop when swung widely. By the way, this happened over a stream of water (this why so much drama), but I was able to rescue the valuable cap!""
"20110620","3.0","Not spectacular but cheap and functional - would buy again","This lens cap keeper does the job at a low price.  Each unit consists of an elastic strap that goes around the lens barrel, a stick-on button for attaching the lens cap, and a 3 inch long string connecting the two.  So long as there is a suitable location for the elastic strap within a couple inches of the end of the lens, this product should work fine.""
"20110611","4.0","A great bargain","For service a simple and important purpose of not misplacing the lens cap, this does its job. I just find the leash length short and especially when looping is around a lenshood. The String is not elastic while the round strap that goes around the lens is.  Have to see how the temprature variance might affect the glue on the buttons that stick to lens cap. One star reduction for insufficient length , otherwise I would have given it 5 stars.""
"20110610","5.0","Little Pleasure","I saw a friend with one of these and HAD to have one, as I am constantly putting my lens cap down and forgetting it.  This little gem makes my life much easier!!  My Nikon D60 loves me too.  I haven't had any problems and can't believe I got something so great for such a small amount of money.  Since I only needed 2 for my camera, I gave the other 3 to my family.  For less than $1, I made my parents and sisters so happy.  A must get for those of us who forget the importance of the lens cap and like things easy.""
"20110518","1.0","Not recomended if you use a longer lens","I use an 18-135mm kit lens from canon and this leash stays very strained when I have it on and once in a while it comes out (from the stuck position) and I need to stick it back. This is ofcourse not comfortable and you need to be carefull if the lens cap can fall off some time unnoticed. So I wouldnt recomend to buy this""
"20110425","5.0","reconsider","at first i was dissapoited in the product then i realized i could use them on my shorter lenses. they work good""
"20110408","3.0","okay but...","The cap holders are okay but they are not on a very long 'leash' they are a little short, especially when I use my zoom lenses. But I will make it work.. so they aren't bad, just a little short for my lenses""
"20110227","4.0","Good Product","I was always dropping my lens cap and was looking for something to keep it attached to the camera. These cap leashes do the trick, now I don't have to worry about loosing the lens cap when it falls off, because it's teathered to the camera. Would recommend this product.""
"20110215","1.0","Don't Buy this product","I bought this product to secure my lens cap.  In India, the glue was no longer effective and I lost my lens cap.  I happened to be using a Leica lens and this particular lens cap is hard to replace.  I have bought other lens cap holders before but not by this manufacturer.  They worked fine.  This is the first time a lens cap holder failed on me.  Do not buy this.  You will regret it.  Not knowing it at the time I gave an extra lens cap holder by this manufacturer to a fellow traveler to secure her cap.  The holder's elastic strap broke on her the first time she tried to put it on her lens.  At least she did not lose her lens cap.The function of a lens cap holder is to make sure you don't lose your lens cap.  This particular holder will make you lose your lens cap.""
"20110207","5.0","Very Good, Nice Looking and sticks well, Very good price","They are 'cheap' but good quality and appearence. Sticks well and keep the lens cap securely. May have a problem with Telephoto lenses because the string is that long and is not elastic. I used for my Nikon D700 with 18-105 and 55 - 300 lenses and works well. I had to put the elastic band closer to the front of the lens because the string is not long enough. It would be nice if the string was streachable. No complaints.""
"20101004","5.0","Wonderful Product","These are perfect get them and you don't have to worry about you lens cap. So far they have not come off.  I am pleased with the product.""
"20100918","4.0","everyone needs this","exactly what I needed.  I coud not find any at the local stores.  Came to fast.  Great service.""
