"20120612","5.0","Must have Items, BUT!!","It seems that the majority of low ratings, come from using the products in the wrong order/steps..There are alot of youtube videos showing the correct way to clean lens 'ie,blower, brush ect'.....Everything supplied here, is all you need to clean lens from camera to micro and Telescopes..BUT! my only issue would of been to have a small pouch to put all items into..I'll find something on my own...Great products..Thnx""
"20120313","5.0","Canon Optical Lens and Digital SLR Camera Cleaning Kit with Brush, Microfiber Cloth, Fluid & Tissue + LensPen + Hurricane Blower","My reviews of Canon Optical Lens and Digital SLR Camera Cleaning Kit with Brush, Microfiber Cloth, Fluid & Tissue + LensPen + Hurricane Blower for EOS 1Ds, 1Ds Mark II, III, IV, 50D, 60D, 5D, 7D, Rebel XS, XSi, T1i, T2i, T3 & T3i is that its a excellent product.""
"20120205","5.0","Cannon Lens Cleaning Kit","WOW! A perfect camera cleaning kit.  It has everything you would need to keep your lens clean.  The cleaning pen worked wonders on a particularly dirty lens that I have.  Within seconds the lens was cleaned, the lens filter was clean and everything was back on the camera.  No more UFO's in my pictures!  Product was shipped on-time and arrived on the date estimated.  A very good price for a quality product.""
"20120114","5.0","Happy I bought :D","I bought a 70-300mm IS USM canon lense on craigslist for $150. The lens was pretty dirty, never having cleaned a lense I came on here to find a kit and not use a shirt or something risking damage to the actual lens.This little bundle is amazing! The lens pen was a miracle worker and made my lens practically new again.Haven't used the other items, but it feels good knowing i have them there on stand by for when I do need them :D5/5 stars. A must for your camera bag!""
"20111227","1.0","Not as advertised.","I got this for my Canon Rebel T2i and I got one of the wrong items and the rest were all crammed in a  small envelope. The lens pen is the only thing that's even good. The hurricane Blower smells horrible and shoots out black chunks.""
"20111225","5.0","Camera Cleaning Kit","This is a good cleaning kit, I keep it in my camera case.  A good bargain and a must for every level of photography.  Keep your lenses clean and have better images!""
"20111211","5.0","Good cleaning kit","The kit comes with everything that is suggested in one way or another to clean the camera. The only part I've used since I got it is the bulb blower. I think the other items are for far more serious cleaning that shouldn't be necessary under normal circumstances and care. Some have indicated that the cloth leaves lint behind and this is true. A better microfiber cloth will work in it's place.""
"20111105","4.0","Works as advertized","A pack that has most of the things to maintain your DSLR.  I've used all the items in this pack and all of them works to keep the camera clean and dust free.""
"20111025","4.0","Like new lenses","This Canon cleaning kit, while a bit of overkill for most cases is a great solution for those who want their glass as clean as possible. Sometimes a microfiber cloth isn't enough to remove smudges, especially oils or water spots.Most of the items in the kit you can use on a regular basis for maintenance. I save the solution and tissue-like lens cloths for periodic deep cleaning. You can not only use it on lenses, but also filters and LCD screens for a like-new appearance.The con for this kit is the cheapness of the blower and the few number of lens tissues provided.""
"20110913","5.0","LOVE the Lenspen!","I bought the package deal, not knowing which method I would like best. Now that I've had it for...er...awhile...the only piece I really use right now is the Lenspen. That thing is AWESOME! I highly recommend everyone who has a lens on their camera to get one. Do make sure your lens is large enough though, otherwise you won't be able to do the neat little circular motion the Lenspen requires to clean properly. (Read: Perfect for (D)SLRS, maybe not so much for Canon Powershots etc.)""
"20110827","3.0","Useful but beware..","I bought this kit because my camera had some smudges on it. I wanted a good product so I would not ruined the camera. I tried the lens pen first and big mistake. It left dark scratch lines that I cannot clean. I used the cloth and it left lint on the lens. The liquid seems to be useful but dont use the cloth. Get a better quality cloth.And just, maybe, but maybe instructions for some of these tools could make any task easier. I certainly regret trying the pen first.""
"20110819","4.0","Overall, good product","I ordered this product simply because it consisted of everything that I considered to be of value to my camera bag, and all for a rather reasonable price. I really liked the idea that the fluid, cloth, brush and lens tissue could be placed inside the plastic container for protection, as i was a little leery about the possibility of the fluid leaking out of the bottle and onto my precious camera. So that itself was a definite advantage. Now, the reason I gave this product 4 stars, instead of 5 was because I wasn't thrilled with the LensPen. Firstly, to clarify, I did not receive the original, authentic LensPen, but I was alright with that as I was open to other options. That is, until I opened the LensPen package and I tested the 'dry cleaning compound' out on my hand only to find that it left dark, dirty circles. The retractable brush works well, but I feel that this LensPen issue needs to be corrected. Another reason I didn't give it 5 stars is because I wasn't wild about the microfiber cloth as it left a trail of white fibers everywhere I touched on my lens.Overall, I've really enjoyed it, and it would've been a perfect purchase if only the LensPen and microfiber cloth worked properly..""
"20110814","4.0","It was as expected.","The liquid cleaner was canon made rest of the stuff was not canon . however they served their purpose pretty fine. No complaints.""
"20110727","1.0","Outrageous shipping charge","Once again I have to question the shipping and handling charges of Amazon's partners.  I was about to order this when I discovered that a $6.95 S&H charge applied, and that this item is not eligible for 'super saver' status.  The description does not say how much this item weighs, but having owned similar sets, I am going to guess not more than eight ounces.  Can the vendor please justify the decision to increase the price by a whopping 35 percent (!) to send something that weighs so little?Anxiously awaiting Cameta Camera's reply.""
"20110605","5.0","nice kit","I've only used the lens pen so far, but it works like magic & is alone worth the cost of the kit.""
"20110314","5.0","Nice lens cleaning kit","This lens kit is just right for me. It stores neatly in my Canon 200EG Backpack. The tools are easy to use and keep the lens clean.""
"20110217","5.0","Amazing Cleaning Stater Kit!","First off, I just recently obtained a Canon Rebel XS, and from the beginning worried what might happen if the lens got too dusty or smudged. After some online research, I decided to get a kit that included all the essentials: a microfiber cloth, lens cleaning solution, lens tissues, and a hand-held air blaster. Adding them up individually seemed pretty intimidating, and finally I came across this nice little starter kit.I had purchased a 3M microfiber cloth from Amazon that arrived before this kit, so I used that cloth to clean some water splashes on the front of my lens, which is also a great product. Now I have a nice all-around kit in my AmazonEssentials camera backpack, because you just never know!I highly recommend this kit if you do not have any cleaning products at all, it has everything you will need to start, at a great price! Another reviewer said you don't need the blower if your sensor is self-cleaning, *but* you will very likely need the blower to gently get the dust off your lens BEFORE you even think about using a cloth on it. Be very careful with the coatings on the lens!""
"20110211","1.0","don't waste your money","Bought this product hoping it would clean my lens for my T1i, but the kit is garbage. I found a kit at walmart for the same price, and it works a whole lot better.""
"20110207","4.0","only microfiber is real useful","most of the items in the package are good to have, but only microfiber cloth is most needed. buy the package without the blower if you have one of the latest cameras with self cleaning sensor.""
"20110131","5.0","Canon T2i Lens Cleaning Kit!","It is everything that was listed and the delivery service took no longer than 3-4 days for me. Its currently in my camera bag and I carry it everywhere with me just in case my lens gets dirty while i'm out. Great product to always have with you!""
"20110124","5.0","very pleased","I am really satisfied....The camera center I dealt with closed so no one professionally around to clean my camera. I did not want to send it off. So for the price I decided to try and clean it myself. I did it with the help of these cleaning products= very satisfied""
"20110122","4.0","Great Starter Kit","I love this entire kit minus the white microfiber cloth.  The cloth left white fibers all over my lenses but I really don't need it with the other things in the kit.  The lens pen is a handy tool to have around.""
"20110111","5.0","Great cleaning kit","It arrived very quickly and everything was as described. I have used the cleaning kit and it works great. Very good for the cheap price.""
"20101227","5.0","The lens pen makes it all worth it!!","Great kit all around.  The lens pen is the best part of it but everything works as it says and was a very good price.  Don't need anything else as far as I'm concerned.""
"20101212","5.0","Performs as promised","This set is nice! It has some authentic Canon products and some other products that work very well with a dslr camera. The lens pen is sweet, the blower bulb is very effective and the Canon cleaning kit works wonders on my EOS 60D LCD screen and lenses. All-in-all worth the money; this will stay in my carrying case until I need to purchase another set down the road! Great price on Amazon too. If you're looking for a well-rounded lens kit and blower for your mirror/sensor, this will do just fine.""
"20100913","5.0","Canon Cleaning Kit","Recently ordered this kit for my Canon T2i and am very happy with it. These are quality products and an excellent price and essential for maintaining pristine lenses.""
"20100823","5.0","Exactly what I was looking for","I'm an amateur photographer and I've been looking for something to maintein my camera lenses in good condition and this product is exactly what I needed.Quality is great.""
"20100721","5.0","very helpful","A very helpful kit, I use it a lot. Would recommend to everyone who cared about their glass.""
"20100629","4.0","Great cleaning kit for anyone who hasn't had one.","The kit was as advertised. I personally love the cleaning pen and keep it in my camera bag @ all time. I haven't found the need to use any other cloths since the brush, blower, and the pen work so well.""
