"20120510","1.0","broke before I got to use it","I have been wanting an attached lens cap for ages.  Finally settled on this one.  It went on fine, worked great when I first set it up.  Put it in my camera bag, whipped it out on a day trip and the lens cap fell to the ground.  The small plastic piece that holds the string on was broken off.  I never even got to enjoy a moment with it.  It was in a case, so I think it's a product issue and not a user issue.  I'm going to seek out a sturdier one in the future.""
"20120502","5.0","Perfect addition","Like most camera owners I know, I had misplaced my camera lens cap. Since the lens needs extreme care, I purchased this to replace the one I lost. It is perfect. It fits my 18-55mm Canon lens perfectly, and the string helps keep it attached.""
"20120315","5.0","It's OK","the product is at is was described by the seller. I like that there is no name on the cap making my gear a little bit more anonymous. The only thing i could complain about is a string attached to the cap. It's to short to reach the camera to attach it somewhere, to small to go over the kit lens, it's just hanging loose without a purpose, but you always can cut it off, or ignore. All in all, cheap and good :)""
"20111227","4.0","Good Fit","I got this lens cap cover after we lost the original one.  This one was great and even fit well.""
"20111204","1.0","Not as shown in the images","The cap is the one shown. But, the strap is literally a thin piece of sewing thread, tied down with a couple of knots. The packaging in the picture wasn't there either. It was just the cap in an envelope. Which personally didn't bother me. But, I am really disappointed about the strap. It's kind of not worth returning, but I do feel a little ripped-off.""
"20111204","5.0","Perfect fit.","Perfect replacement cap. Actually it was better than perfect because now it attaches to my camera. Bought it for a Canon Rebel T3""
"20110901","3.0","Deceptive Photo","This item is advertised as a cap with a leash. The picture implies that the leash is threaded into the cap. However, I received A cap without the keeper leash. The cap I received looks nothing like the one pictured, but it will work.I contacted the seller and was sent the Bower HQACAPKPR Bower Capkeeper With Elastic to attach to the cap i was sent. Again, not as pictured, will work so I'll keep. I will say that the seller was quick to send the leash for the item. Which is the reason for 3 stars instead of 1.""
"20110827","5.0","camera lens","its perfext why buy a canon one when this one is the very same one with out the canon logo and for the price I recommend any one who needs the cap to just go with one of these. It fits the lens as good as the Canon one and if I lost this one I would but this one again. Everyone needs a bargin especially with our economy and this is one great bargin so why pay much more all to get  a cap with a Canon logo? How you could I lose this one now?? It even has a wrist strap. AWesomeeeeee and great money saver.""
"20110707","5.0","Lifesaver","Im new to photography and I lost my first lens cap at a parade. And with this one I'll never loss it again. I wish everything else had a string to attach itself, then I would have lost a lot less things in my life. So next step is a flash, flash ring and, and a better lens. And besides the product itself, the product came quickly in the mail and the seller was very professional.""
"20110215","1.0","Wish I Had Read the Reviews","I also thought I was getting a lens cap with the strap attached (as in the photo), but am disappointed to find two pieces that are supposed to be attached with adhesive which will come apart at some point.Even more disappointing was that I ordered a 'Replacement Lens Cap for Canon EOS 18-55 mm Digital Revel Camera Lens'.  What I got was a 52mm lens cap that is too small and cannot be used.  No point returning and ordering again since I'd end up paying all the extra shipping.""
"20110119","1.0","the wrong lens cap","the listing says 'Replacement Lens Cap for CANON EOS 18-55mm Digital Rebel Camera Lens' but that was not what i was sent. What i got was a 50mm lens cap ( size �52 ). i wrote them first before writing this review, hoping that they would send me the correct lens. nope. they claim that i was sent what was listed, but in their very own email to me they admitted to their mistake. in their own words: 'this item is supposed to be LENS CAP 52MM + LENS CAP w/ HOLDER', well thats not what they listed! they did say i could send back the lens for a return, and reorder. but reorder what?! i ordered the correct lens cap they sent the wrong one. the only positive thing i can say is that it arrived very quickly, but what does that matter when it's the wrong item. I would avoid ordering from them as you don't know what they will send you.""
"20101231","1.0","never received item!","I never received this item. I emailed the seller twice and never heard back. This was purchased to be a gift for my wife's Christmas stocking. Very frustrating.""
"20101223","4.0","Good Replacement Cap.","This cap fits nicely for a replacement cap, would have liked to have a cap with the Canon logo on front but this is a replacement and does the job well.""
"20101213","1.0","Zero customer relations","I only spent $4.31 (+ S&H) so it's not a big deal, monetarily, but it still bothers me. I didn't get the right item and went through Amazon, who contacted BargainCell on my behalf. It's been a week and no one has contacted me regarding the correct item and how I can go about getting it. To me, this shows a complete disregard for customers and customer relations. I buy regularly through Amazon, but if I see 'BargainCell' come up in any of the products I'm considering, then I will not buy. Plain and simple.""
"20101211","3.0","NOT AS PICTURED","I made the mistake of not reading the other reviews when I ordered this.  I looked at the picture and thought that I was getting a lens cap with with the strap attached.  As the other reviewers have noted, they are two separate pieces attached through adhesive.  I'm disappointed.""
"20101029","4.0","works great","I lost my Canon lens cap during a rafting, I always felt it's kind of loose. The new replacement lens cap is tighter, fits perfectly and can be attached to the lens. Won't loose it again :)""
"20101011","4.0","Great value - works fine","Definitely a great value - works fine. It's not 'wicked tight' on the lens, it will fall off if tapped hard enough - but I reckon we shouldn't be tapping our lenses, should we?  I would recommend this item.""
"20101006","3.0","Wish it were hardier","My wife and I tend to lose lens caps.  This product is just as advertised, but the cord connection to the cap is fairly wimpy - a foam with adhesive.  The picture gave me hope it was a sturdier join point, but I will need to resort to duct tape or similar hack to keep the cap on the string through crowds, hikes, etc..""
"20100929","3.0","Picture is a little deceptive","Just to be clear this is a lens cap that gets sent with a separate leash that you stick on the lens cap.  We specifically paid more for this item because we thought it all to be one piece.  Please read the description and ignore the picture.  Kinda disappointed.""
