"20120512","5.0","Works as advertised","They're not super strong, but they get the job done, and getting 5 gives you a few spares. Definitely worth a few bucks.""
"20120508","3.0","Great Idea, Lacking length","I have only been able to use this on my 18-55 Nikkor lens. Yesterday the 'holder' cap popped off of the glue sticky. The strings are not long enough for larger lenses.Wish the string were longer for my other lens.I feel for what I received I did not lose :)""
"20120503","5.0","Great Price and Works Well!","for the price of 1, you get 5pcs! Cant go wrong and works with all lens caps. Perfect for all my lenses.""
"20120427","5.0","cap holders","Great Price, fast service and shipping. I had some worries because this product was so inexpensive, however, they turned out to be just as good if not better than ones I have bought locally in store for 3-5 dollares EACH! Highly recommend.""
"20120421","5.0","cap keeper","holds lens cap. with these I have no more lost lens caps they are easy to put on and you can always slip them off the lens if you wish""
"20120419","5.0","Good so far","This has worked as expected so far. I know some other reveiwers have said that it doesn't stick all that well to the cap but it's been working just fine for me.""
"20120322","5.0","Great thingamajig","Arrived promptly and does exactly what is says it does. Don't know for how long it will stay sticky, but it seems legit indeed. Thank You!!""
"20120223","5.0","Works fine","No issues, got what I paid for. I would buy them again if I need more. They are the correct size and have a sticky button to put on your lens cap.""
"20120123","5.0","Works!","Works as advertised. Tired of losing your lens caps? You won't lose them any more.  I've use these for several years now and have not lost a lens caps. I just got a new camera, so this was required.""
"20120121","5.0","awesome.","I love it. They work well and I'm glad I found these because now I won't lose my lens cap. I definitely recommend it.""
"20120110","5.0","Great product!","We loved the cap holders. They work extremely well. They're just long enough for our lenses (Nikon 55-200 is the longest) and are sticky enough to not let the cap lids fall off.""
"20120103","4.0","Good, simple device; wish the leash is longer","Even with good reviews I was skeptical of this products. I wondered if the end would be sticky enough or if the leash would be long enough.I put it on my Nikon D5100 18-55 kit lens and it works well. Not worrying about where to put the lens cap is a big deal to me. The sticky end seems secure after a week of heavy use. However, I wish the leash was longer. If the lens is any longer, this will not reach. I added a filter to the lens and the leash is now very taunt.""
"20111107","5.0","Better than expected","Based on reviews I read before I purchased these, I bought in a fairly large quantity, thinking I would be changing cap holder frequently because of lack of 'stickiness'.  Well, I've been on my first one for over two months so far and not even a sign of the thing coming loose.  So far, I'm very pleased with these.""
"20111018","5.0","It works. What else matter?","I am very happy with this product. It works exactly as it should. No more lost lens caps! I ordered the 5-pack and gave one to my daughter who was tickled. I used two of them, and, as I use my camera a LOT, realize they will wear out in time, so the extra two are in my camera bag for future use. They are a bargain.""
"20110902","4.0","Lense cap holders","Very good price and does exactly what it is supposed to do. One caution though: it may not fit all lense caps. Modification may be needed for certain lense caps.""
"20110527","4.0","Worth the risk - good vendor","This item is very cheap and I recommend getting a five pack.  Yes the string is rather short for a long lens but you can move it to closer to the end of the lens.  I did have a problem with one of the stickers not being sticky enough and the cap fell to the ground.  The vendor has great customer service and made me happy.  Conclusion - so cheap its worth the risk - you get what you pay for.""
"20110429","3.0","Lens Cap Straps","Great for the price. I got five for a couple of bucks. Looking back, the string from the elastic band to the end would benefit from being a couple of inches longer.""
"20110404","5.0","Inexpensive and gets the job done","I got this connected to a Canon XS with the kit lens (18-55mm)+ UV filter installed at it seems just the right length without tugging on the elastic band. I have it attached to the shoulder strap but it's also fine if you wrap it around the lens like the sample pictures are showing. The problem is when I'm using a longer lens like the 55-250mm. It still reaches but the band is constantly tugging on it--not too much though. So far the adhesive is strong enough to hold it in place.""
"20110404","5.0","Cheap and does its job","As long as you don't tug on it too much or abuse it, it should stay there and does its job.  If it breaks or fails, then replace it with another one.  It's cheap.""
"20110308","3.0","Short and SemiSticky","For the price, this isn't a horrible product.  However, when they arrived, I discovered that the tether is only about 4' long.  This means that, after wrapping it around the barrel of the lens, there wasn't enough room to get it back onto the lens cap.  The unit does have an elastic band, so by pulling the unit 'away' from the barrel, I was able to gain the extra inch necessary to secure the cap.  However, this put a constant pressure on the adhesive.  After two days, the glue gave out and mine snapped back and hit the camera.  Tucking it back into place, I have since found that, as long as I re-secure it every couple of days, it will stay in place.  I just wish the tether string had been a little longer.""
"20110218","5.0","Good enough - Does the job","These lens cap holders are a good value.  The 'stickyness' of the pad is strong enough to hold the lens cap well and not come off.  The only things  I would like to see different, or in addition would be some kind of detachable clasp that would allow the lens cap holder to detach from the camera and stay with the lens when lenses are changed.  If all the holders for the various lenses had the same clasp then each could be quickly reattached to the camera body or strap when you change lenses.  The other thing - and I think anyone might do this on their own - is to add some velcro to the strap and the caps so that they are not hanging loose when the camera is in use.  Still - a fine value.""
"20110217","5.0","Lens cap keeper!","I love these. It keeps my lens cap with my lens without the hassle of taking the cap off putting it in your pocket or somewhere and hoping you won't forget it. So far these have been very durable. I haven't had one that broke on me yet. All my lens caps are now always attached to my lens. With these, there are no need to worries of loosing your cap(s).""
"20110108","5.0","5x Lens Cap Keepers / Holders for ANY SLR or DSLR CAMERA! Nikon D40 D50 D60 D80 D200 D300 FUJI S1000 S1500 S2000 S700 S800 CANON","This product is exactly what it said and works great. I love these because you don't loose your camera lenses.""
