"20120610","5.0","GREAT!","Very good filters! use everyday on my lens!! Recommend to any photographer amateur and professional! Outstanding for the price! GET IT! lol""
"20120526","2.0","Bad advertising","The way they try to sell this product is really deceitful. It won't just work with SLR that have a Canon EF 50mm f/1.8 II Lens, it will work with any other lens that has the same diameter, which they just don't mention making it much more difficult for buyers to inform themselves.This demonstrates that the seller has no real knowledge about photography and photographic equipment""
"20120409","1.0","trash","These are pretty much useless. The quality seems ok at first and for some shots they're not bad. However, if you compare shots with and without the filters you'll see a big difference zoomed in. The filtered shots will all be blurry or really soft. If you have decent lenses forget about these filters. Spend a little more and get good filters or don't use them at all. Also, the included hard case is only good if you like cleaning little red fibers off everything all the time.""
"20120404","1.0","you get what you pay for...","This package may seem appealing to you, but remember that you get what you pay for.  Unfortunately, I just wanted a simple uv filter to protect my lens.  Wasn't looking to spend too much so I thought I'd just get these and see how they are.  I will be returning these because the uv filter is made so poorly that it actually causes glare in the lens.  This is true even in lower light situations.  Any side lighting whatsoever (even with a lens hood) causes glare on the rear of the element making a noticeable difference in image quality.  The glare is immediately viewable in the viewfinder.  I recommend getting something a little nicer or you might be as disappointed as I was.""
"20120220","4.0","Good price, Ok filters","For a few bucks, the filters are worth it.  I have noticed, however, that in most of my shots with the UV filter, there is an obvious ghosting effect.  In some pictures it is very prominent.  I was keeping it on to protect my lens, but I find myself having to take it off constantly for my pictures to turn out clear.The few times I have used the polarizing filter, it has worked pretty well.  I was hoping it would work as well as some of the polarized sunglasses I have worn, but it definitely does not.  That probably has everything to do with the price of the filter, so I can't say I'm disappointed.""
"20120209","5.0","Lens Filter Kit for 50 mm f 1.8 lens","I'm very happy with this filter kit purchased for my 50 mm f 1.8 lens.  The blues in the sky are richer and the clouds, whiter [with cpl filter].  The photos to my eye are sharp and crisp, and I think the colors are more distinct using the CPL filter.  I'm very happy with the quality and, so far, with the performance of these filters.""
"20120128","5.0","Great filters!","They're great, I've tested them all out a little, and am looking forward to really putting them to heavy use in the future!""
"20120126","1.0","Not what I expected...","I received 52mm Filters instead on 50mm.  I have a 52mm lens I can put them on but I still do not get what I was looking for.""
"20120122","5.0","Great Filters!","These things are great; If nothing else, they will protect your lens as I always keep the UV filter on it unless I switch to another filter. for 10 bucks, it's a great buy""
"20120121","2.0","You get what you pay for.","Mine came with a scratch on one of the filters.  Not too happy with the quality of the glass either but what do you expect for the price?""
"20120105","4.0","A must","After getting professional family photos and my husband's glasses had MAJOR flash glare I decided 1. I can take better photos myself 2. I needed to buy some filters.I've been taking our family photos for a while now and love these filters. I take a lot in my house and the lighting isn't always the best--my filters have made a huge difference and no more flash glare on my husband's glasses,!,""
"20120105","5.0","Works great","This three piece kit is an excellent addition to my kit and so far it has been great. The quality is very good and it also comes with a small pouch to keep them safe.""
"20111226","4.0","Solid","Well made, great price.  They even come housed in an attractive 'leather' case that will keep them safe in the camera bag.  Beware:  These only work with lenses with a 52mm threaded mounting ring ie: the plastic-fantastic 50mm f1.8II, not other zooms (18-55 IS, 55-250 IS) with 58mm inserts.Can't wait to experiment and get some blue sky!""
"20111207","5.0","FIlters","Nothing to crazy to say.  Everything works, works well, wasn't expensive, and I have had zero problems . I have been using the filters now for about 2 months.  If you need three filters that cover most basic problems this is what you want.""
"20111207","4.0","great, affordable filters","the filters are great quality. they arrived quickly. i'm pleased with what we got.  for the price, you can't really go wrong.""
"20111120","5.0","So far so good","There really isnt much to say about these other than they work as advertised. Then again I have not compared them to higher priced filters but overall, I am happy with these.""
"20111108","4.0","Get the job done!","Wasn't mentioned in description that i saw, but the lens covers even come in a nice carrying case.  There are a few sumdges or defects I've not been able to remove, but they don't appear to affect photos. Great buy!""
"20111022","5.0","Great Product & Super Value","Received the product earlier than expected and was very happy with the filters.  They came in a very nice leather bound carrying case that I was not expecting.  I would definitely use this buyer again without question.""
"20111018","4.0","3 Piece filters","My order came promptly and well packaged. Filters also came in a great hard leather case with dividers for each filter, which I didn't know about, but was so pleased to see. They were in perfect condition. I'd give a 5 but I haven't really used them yet so can't vouch for that. But that's more a reflection on the the item itself and not the shipper/seller. Overall very pleased""
"20110930","5.0","These work great!","These filters are absolutely perfect for my camera! They help greatly with the final result, and best of all they make great covers for my lens. They screw in, and stay, so instead of scratching the lens, these will take the abuse (if any). All you have to do next is replace the filter that was damaged. At the price for these you can't beat it! They also come with a well crafted case to keep them safe when traveling!!!""
"20110925","3.0","Wrong Order","I order wrong product. It was very simply to return and I got even my postage back! Only in Amazon!!""
"20110917","3.0","Only good for daytime shooting","The filters worked great during the day, especially the UV one; however, the normal filter reflects quite badly when using at night when multiple light source is available... It's very obvious on the pictures; you can see light bounce to different points of the picture when it's not supposed to be,so use them with caution; best to remove them when using your camera at night""
"20110818","5.0","Good price/quality ratio...","I have been using the polarizing and UV filter only..so far. The polarizer gives me very contrasted photo during sunny days and helps avoid over-exposed photos.Also, I have not seen any noticeable vignetting or distortion due to the extra piece of optics. My tests were done with a Canon 60D with a cheapo 50mm 1.8 bought in a kit with a fotodiox hood and this filter kit. Very satisfied of the results, especially considering the price! (Each filter sales for about 20$ at my local shop!)Highly recommended.""
"20110717","3.0","Works fine for the price","I use this with my canon 50mm f/1.8, and I've found that the quality is just okay. I believe it's made of plastic, which is probably why it's so cheap. After much use, I've noticed with the clear UV filter that the light is sometimes reflected onto the lens, causing odd glares that look like light marks in my photos. This doesn't happen with every photo, mostly just in the ones where the lens is pointed in the direction of the light. The unpleasant effect can sometimes ruin the photo because it can be a greenish, and thus very noticeable, color. I've also found the other filters unnecessary for in-camera editing and coloring now that I shoot in RAW and edit in Adobe Photoshop Lightroom, which allows me to customize white balance and tint. I still use the clear UV filter just as a protective measure for my lens, and it does a good enough job at that.""
"20110706","5.0","Nice filter set....","Not the best by any means but very usable. I received them bundled with something else. They fit well. Seem to do what they are supposed to do with a minimum of hassle or pic degradation. If you don't need the 'best' definitely worth a try.""
"20110608","4.0","Lens filters","I ordered these last week. They came about a week before the due date. So the arrival was very fast. I have not received my lens yet so i have not tested them out. But they feel sturdy and good quality. I will write more when i get my lens.. So far, so good...""
"20110606","4.0","Light Weight, but so is the Lens","This is a nifty little set of filters for my 'Nifty Fifty'.  Mainly, I use the CP to control extreme light, and the UV more as protection for the front of the lens.  I don't stack them.Couldn't pass up this specific item because the price was great!""
"20110528","5.0","Exactly as described","Item was exactly as described. Received three glass lenses with metal bands that attach to the lens of my camera just fine. Also included with items was a convenient carrying case for the three lenses.""
"20110107","5.0","Great cheap filters","These are great filters for the price, metal ring holds in the glass, threads work great and don't distort the image. Can't find anything wrong with them, would buy again.""
"20100731","5.0","Exactly as described","They're exactly as described in the product description. Quality is good and the filters come in a pretty decent protective case. Good buy.""
