"20120523","5.0","LOVE this design!","I own a Canon T3i and Canon's lens caps are no comparison to this cap. Taken from Nikon's design, the spring attachment is dead simple to use to remove and attach to a lens.  Be careful though - the elastic strap attaches to the cap using a piece of double-sided foam tape about the size of a dime and does NOT remain attached to the cap - every one I bought detached while I was using my camera and the cap was hanging from the lens.  I remedied it using a drop of gorilla glue the placing the cap under a heavy box for a few hours until the glue set - voila.""
"20120522","5.0","great lense cover","I purchased this cover as a replacement for a canon cover.  I like the string to attach to the camera, it avoids the loss of the cover when being continuously put on and off.  I think it is actually easier to remove than the factory cover and fits the 18-55mm lense good.""
"20120521","5.0","Works as promised","Took some time to strap in the thread to the camera but other wise works great.  I don't have to worry about losing the lens cap any more.""
"20120515","5.0","Dopo Lens cap - just right","This cap clips on my Canon lens as if it were made for it ... so apparently it was.  I'm not using the cord provided as I don't like the cap flopping around while I'm shooting, but the cord was easy to remove.""
"20120426","1.0","Dopo Snap On 58 mm replacement lens cap","Just bought a Canon SX20 less the lens cap and found this one on Amazon. The description said it would fit my camera, but does not. Very disappointed! Not worth sending back to Amazon so on to the land fill.""
"20120318","5.0","great","awsome this is cool cool cool cool cool cool cool cool cool coolc cocof f nfd fsd fsd fsd fds fsd f sd fsd f sd f""
"20120125","5.0","It's great, especially for the price","This cap fits great onto my lens, and the string is great!  No more searching for the cap after I take my photos.  Every time I would ask myself 'why did they not put a lanyard on these caps!!!???'  Not sure how long the string will last because it's quite thin, but I bought two just in case one broke or got lost.  When you get this cap, you will need to thread the ends of the string through a tiny hole and then tie them in a knot(pretty simple).  There were no instructions, but very self explanatory in my opinion:)""
"20120111","4.0","Perfect replacement","It was a direct replacement for my Canon 18-55mm lens cover. I save a good amount not having to buy the Canon brand lens cover.""
"20120109","3.0","good enough","While this is a string only cord , which is quite thin , once you get the mastery of the knots , it will be able to secure you lens cap""
"20120102","5.0","Very cool, works great!","I think this item works even better than the original that came with the Canon Camera. It holds tightly and the string will definitively keep it close enough and wont get lost again. Great Product!""
"20111221","4.0","String was not attached.","String was not attached. I put a knot on there and this holds on cap side and loop on the camera side. Good cap keeper. The only thing is when I don't have it attached on the camera side it will be effort not to loose the string.""
"20111121","4.0","Fine.","The keeper cord is remarkably thin, however it seems to work pretty well.  Good for my Canon HF G10.  Price is right.""
"20111107","5.0","perfect fit","i have had the Sony Cyber-shot Digital Camera for about two years and bought it at a local pawn shop. i have either kept in its bag or on my tripod. however, not having a lens cap was frustrating to no end on the tripod, as dust settles on the lens. the cap i ordered came Monday and was a perfect fit (i had no idea of the lens housing size, so i was lucky). amazon saves the day!!""
"20111026","5.0","Great Deal - Awesome Cap - VERY Secure!","I bought this as a replacement for my Canon T2i cap which had no tether and kept falling off on the trail. I was utterly surprised at how secure this cap fits on my camera. The springs are strong and the tabs for putting the cap off/on are larger than the OEM cap and therefore easier to use. I bought two of these and started using one without the tether and now almost don't see the need for the string.Should you wish to use the tether, it attaches to the cap via a small hole at the edge of the cap. The tether does not come pre-strung to the cap so you can use it with/without the string. I find it more convenient to use it without and have no worries about losing the cap since it fits so secure.I would highly recommend these caps as a replacement for OEM caps any day!""
"20111017","5.0","Works well and cheap","Bought this item for my Canon HF G10. It fit perfectly.  I have a hard time keeping track of lens caps so I bout 5 of them hoping they would work well.  They do and I am glad I did as they work well and are very inexpensive.  No big deal if I loose one.""
"20110826","5.0","Great Deal","I bought these replacement caps because my father is always losing his.  They're a much better deal than the brand name replacements, and they work perfectly.""
