"20120612","4.0","GOOD LOOKING BUT HOW DO I PUT IT ON?","No instruction and I'm new to all this photography stuff...Got me a Canon Rebel T3i with 2 lens and I'm trying to figure on how to put this on?  Where string goes?  Knot goes inside cap?  I think I really need professional help with this!""
"20120522","5.0","Excellent","There is not much you can say about a lens cap in a review.  But I thought I mention that I use this one on a Canon G1X with lensmate adaptor kit.  It fits very nicely over my polarizer filter.  What I like best, and what is not necessarily apparent, is that you disengage the cap from the filter by pressing the outside of the cap.  I like that because many caps pinch on the inside of the cap...so if I reach to remove the cap when it is already off, I end up having my fingers touch the filter or lens.  (Not sure if this explanation is clear).  But in this lens cap, since you reach to the outside of the cap to pinch it off, your fingers never come in contact with the lens/filter if the cap happens to be off.I know it may seem apparent that one should know visually if the lens cap is on or off.  But I find that on many cameras, I find myself reaching for the lens cap to remove it, only to find out it is already off...so I can end up touching the lens instead if the cap is the sort where the pinch mechanism is located closer to the center of the cap.  With this cap, I avoid the problem.""
"20120514","4.0","Offers good protection","Pros: It looks sturdy at first sight but honestly I like it better than the original (fragile looking) one.Cons: The attaching lace is delivered only to say you'll not lose your lens cap but you must figure a way how to tie a knot. I attached it with the original Canon lace as I'm not using the original one. Used to protect the CPL filter, when not in place I install the lens hood.""
"20120513","5.0","great service, accurate description","product received as described, when promised, and great price. What more can any consumer ask for? I would choose this company again""
"20120429","5.0","As described","The lens cap does exactly what it is supposed to do: it clamps onto a 58 mm lens and stays put. It is entirely plastic, but at this price, it can't be beat.""
"20120424","3.0","Loose Cap but otherwise fine","The lens cap is loose on my 58mm lens when compared to the original cap. It fits fine, but if you bump it, it flies off. Good thing for the leash. I guess some people might like this as it is easy to remove, but I really prefer it was more snug.""
"20120317","4.0","good product!","stays on the lens when its needed. the only thing is that im always losing these. haha cant blame that on the product. shipping was fast.""
"20120309","5.0","wonderful","it fits better than the lens that came with my canon lens :] and it's really cheap too! hardly cost anything and much more durable :]""
"20120223","5.0","Just what it looks like","It came in a simple envelope, no extra stuff. It is a nice snug fit and looks nice too. The plastic and clips are sturdy and hold well to my lens. The only thing that I didn't really like is that they string is not attached, you have to do that yourself.""
"20120222","2.0","lens cap for canon 18-55mm lens","I bought this lens cap coz i want the lens cap with string so that I won't lose my lens cap again. The lens cap perfectly fit on the lens. However, the string lasted only for 1 day so  i have to get a new string myself. I just wanna say that it is a perfect cap with low quaility string.""
"20120126","3.0","Nice cover but get annoyed sometimes!","With this hanging to to camera, while trying to take pictures from horizontal to vertical shooting the cap keep banging to the tripod or the camera itseft, specially when you're taking picture in a church where the banging noise get people's attention.I like the idea that the cap are string are snap on the lens instead of the camera because we do swapping out lens for different occasion shooting.""
"20111227","5.0","fits perfectly!","I lost my original cannon camera lens cap cover..and glad I bought it..esp since it comes with a string! The locking mechanism may not be exactly the same as original, but it works for me.""
"20111216","3.0","Cap is fine, leash is junk","Lens cap fits fine. Leash is worthless: string that has to be tied manually; unravels easily.55mm 'Snap-Cap' Lens Cover w/Leash for SONY Alpha Kit lenses is far superior.""
"20111122","3.0","It's Okay.","I like the cap... it seems to stay on well. But the string wasn't included in my package...? I was a little disappointed, but other than that, I think it's a pretty decent product, especially for the price.""
"20111118","5.0","Perfect cap for a perfect price.","This lens cap fits perfectly on my Canon Rebel T1i. This lens cap is replacing this Vivitar replacement cap I bought in downtown San Francisco for $20 (I needed to cover my camera lens desperately). Yeah it's not an actual Canon brand lens cap but for a $3.50 you should not be complaining. Buy an original brand lens cap at an original price if your picky!""
"20111110","5.0","I will never lose my Lens Cap Cover AGAIN","I couldn't be happier with this product. I bought it because I lost my original cover at a baseball game. This cover was not expensive and I love that it has the string so I can attach it to my camera. That way if it gets bumped off again in a crowd, I won't lose it. I actually think it fits better than the original cap cover that came with my canon rebel XS. I am thinking of buying another one for my other lens.""
"20111106","4.0","Lens Cap fine, string breaks easily","I lost my OEM lens cap so I got this one to replace it. The lens cap works fine - it has a tight fit and seems well made. The string is flimsy and broke within days though.""
"20111020","2.0","Not so good.","The cap fits right in the  canon lens or  hoya filter thread (some filters/ lens could have a different thread design and this cap could be inappropriate)  but when I decide to remove the string the hole for the string let the dust get in. I covered the hole and problem solved. The 49mm cap have a better string hole design.In this particular model, the inner pinch don't give a good grip for the fingers tips. Although the 58mm cap is a little better than the 49mm cap in this point, is not rarely to lose the cap because of this. I can not image any good performance using gloves. I have medium glove size hands.I thought the inner pinch design will be nice when using lens hoods, but this particular fotodiox cap is not a well designed solution. Surly I can improve the grip with sandpaper or rubber o so, but that is not the point.""
"20111014","5.0","Works great. dont let the price scare u.","Very sturdy. Snaps over lens without a hitch. For the price its a great replacement for factory cover. Recommend to all. Don't let the cheap price scare you away.""
"20111004","3.0","Lens cap","The lens is awesome and does it's job fantastic but the string doesn't stay tied while I'm using my camera even after triple knotting it twice while watching a parade and chasing my Lens cap around on the ground.""
"20110925","5.0","lens cap and string - don't lose your cap again.","if you're photographer you probably already have one of these. if you're new to the hobby get one of these before you lose your cap and your lid!""
"20110915","5.0","Better then Canon's","I'm so glad I purchased this! I thought I had lost my Canon Rebel's lens cover and instantly went to get a new one. Before this one arrived ( only a couple days) I found my lens cap. Of course. My canon lens cap is now my back up! This one seems to hold on better is easier to get on and off and best of all...it has a string that ties to the camera so there is no more putting it down and misplacing it or having to hold the cap in your hand. If for some reason I happen to lose this one....I WILL purchase another!""
"20110913","5.0","lens cap","The lens cap works well and is a cheap additional cap even if you still have the original Canon model. A real bargain and as good as, if not better, than the original.""
"20110815","4.0","loose string","you get a nice cap with a hole, and a long string. no more, no less. the cap fit fine, but I had to do some fancy knot tying to get the string to be useful in the end I folded it in half, put that half through the hole in the cap, and finagled the loose ends to tie around the lens. it worked out ok, and it seems like a secure fit.""
"20110813","5.0","Great Cap","This cap fits better than the original on my 18-55mm stock XS lens, and the clamping mechanism for the cap feels much higher quality than the original cap. The string attaches securely to the cap (not sticky foam like some of the caps). Can't ask for much more.""
"20110722","5.0","Lens Cap","Price of 1 cent can't be beat.  Even with $3.00 shipping, well worth the money.  Much less hassle than trying to find it elsewhere so I bought three in anticipation of losing a couple in the future.  Very satisfied with purchase.""
"20110629","4.0","Does the trick!","Doesn't seem as secure as the original Canon lens cap but does the trick at the right price.  I need to figure out how to keep the polished cord from untieing.  Maybe need to burn it?""
"20110625","4.0","Perfect","This item is as described, but it comes off a bit too much & the string is very cheap.Broke the first time I used it.""
"20110323","4.0","Does its job for my T2i","I would have preferred an elastic string, instead this is just a black nylon stringThe lens cap has a small hole, and u need to thread the string from it and then tie it your camera.But the combination at the price can't be beat. So no complaints there.""
"20110207","5.0","Cap cover","Great product. It fits perfectly on my EOS 18-55 MM lens. I recommend this product to all who have an EOS lens.""
"20110120","3.0","Nice idea but...","The lens cap is sturdily made, but the thin tether cord leaves a lot to be desired and seems quite flimsy as compared to the sturdy cap.  There are no instructions with the part as to how to best use it.  I have a lens cap with a tether that came with my Canon S3IS that is perfect, if only I could get another one to fit my T2i.""
"20110114","4.0","Works well,","I just got this and haven't used it out in the field.  This lens cap goes on and off easy/quickly.  The one issue with it is that it is less tight than the original lens cap on my Canon 18-55mm EF-S lens.  It's easier to take off than the original cap but it's also more likely to fall off if bumped.  The cap stays on the lens fine due to the the pressure exerted outward from the spring design, but it will shift sideways if pressure is applied, which may create space between the cap and the lens which may let small particles in.It do does have a string which the original lens cap didn't have. I'm going to keep this but I might look into a different design if I ever have to replace it.""
"20101219","5.0","Lens Cap Cover","Have had it for a few weeks and no problem yet.  It actually works better than the orignal Cannon lens cap.  Love the string on the cover.""
