"20120607","1.0","Flip Magnetic Wide Angle Lens","Purchased this product with the camera.  Attahed magnetic ring to camera and the lens falls off with the slightest bump.  Can't even use it when holding the camcorder in my hand let alone in the car where I wanted to use it.  The vibrations in the car knock the lens off when I back out of the driveway.  I can't give it its real rating since they don't have zero as an option.Bill""
"20120515","5.0","Definitive 0.45x Lens (16:9) Solution for Flip Cameras! In-genius Magnetic Snap-on!","After looking into various ways of modifying my Flip Ultra HD's lens, I stumbled upon this in-genius magnetic snap-on solution.The Bower VLMWF 0.45x Wide Angle Magnetic Lens for Flip Cameras (Black) is reasonably priced in comparison to other 0.45x lens, and with those other lens you do not get all the extras necessary to attach it to your Flip Camera!Standard free shipping was great. Product arrived well packaged in two days within placed order.The magnetic mounting ring requires a steady hand to carefully place it in the center of the camera lens. (Make sure to clean the lens before use! You can use the inside of the flip carrying pouch to clean your lens! Also it helps to hold your breath to precisely place the mounting ring.)Once you have the mounting ring on and dried it's as easy as snapping on your new 0.45x lens!Bower includes extra mountings rings, a leash to attach the lens to the camera, two snap on covers for the lens, and a carrying bag for your lens.""
"20120515","5.0","Must have for your Flip Cam!!","This lens is great!  I pretty much leave this lens on all the time, unless I need to zoom into something far away which I rarely do.  Only advice I have is to make sure it's on straight, otherwise you might get some distortion around the edges of your video. Other than that it works exactly as advertised!""
"20120417","2.0","Too bulky, distorts image","I didn't like this product. It adds too much bulk to the Flip and is a hassle to carry around, detracting from the whole point of having a small Flip camera to begin with. Also, while it does provide a wider angle, it distorts the image (especially near the edges) and the video quality of the Flip is already not that great as it is so this makes it worse.Further, this lens is prone to falling off so you would need to be careful with it. The Flip by itself is so nice and you don't have to be as careful with it. This lens is also expensive for what it is.""
"20120412","5.0","Great Quality","When purchasing this item I was at first nervous about the price, but once I used it, I thought otherwise. This product is great quality and works very well. When I looked at the difference between a video with the lens and without there was a huge difference and now I use this lens in all of my videos. I'm not sure if this is mentioned, but there is a string that attaches to the flip video so that if it falls, it doesn't fall and break.This is kind of random and doesn't really have to do with what the product is supposed to do, but if you use it the wrong way and switch it around, it looks like a spy glass and all is black accept for a small circle that gives the effect of a spy looking through a telescope or something like that.""
"20120409","5.0","Great Addition to My Flip","This has been a great addition to my Flip Ultra HD (2nd Generation). It does exactly what is advertised. It's great being able to get better audio off of my subjects by being closer to them while still maintaining good to decent framing.The only downside is that you have to be careful about putting on the lens. If you don't, then there's a fairly good chance that you'll get a bit of the black ring around the camera's original lens. Some like it, some don't.I would highly suggest looking into this, if you're thinking about getting a wide angle lens. It comes off and on easily, and I like to think that the lens caps do a good job of keeping the lens clean when not in use.""
"20120322","4.0","Recommended, with mixed feelings","I purchased this for a friend who was using a Flip Mino. As other reviewers have pointed out, the lens performs very well and is a good accessory to have.Does that mean I recommend its purchase? Not necessarily. Using this lens involves installing a metal ring around the Flip's lens.  This is so magnets will hold the lens in place. This worked in fact, but a little too well. While being used perhaps a bit too vigorously, the lens came off and took a good part of the zflip's lens assembly with it.Even if you exercise more caution than we did, you are still strongly advised to use the provided loop to tether this lens to your Flip. Otherwise you may find the lens coming off at an odd moment and hitting the pavement. Not a good way to check the lrns' reliability.So I can recommend this lens, but with reservations. It has to be used with care and caution.""
"20120305","5.0","Coolest invention","This lens is so cool. Comes with a magnetic strip to attach to the flip and then voila, you just magnetically attach lens to flip.  It works great to make close images seem a bit further away.""
"20120222","4.0","A must-have for Flip users, with a few downsides","This thing adds so much to your recording field that it just seems silly to not have it if you use your Flip a lot. That said, it's not the perfect product. It falls off easily and is easily fingerprinted (which will add blur to the picture). The strap running to your lens works, but gets in the way of holding the camera. Overall it's a solid product worth every penny.""
"20120217","4.0","works great","This works very nicely with my flip ultra hd 3rd gen. I took it mountain biking yesterday and the magenetic lens stayed on for the whole ride except over a moderate jump. It's not ideal for stuff this ruff and I may glue it on since I don't see any need to take it off. The flip really must have a wide angle to be useful, especially indoors.""
"20120215","4.0","Such a Difference!","I do wish the magnet was stronger, or there was a better way to fasten it on to my flip. But it is great.""
"20120206","5.0","Get out of my face!","Now I can use the camera for an interview, actually have someone in the picture now, and not just their nostrils.""
"20120131","5.0","Great lens","A must have lens for the flip cam.  You get so much more viewing angle with the lens and also having a macro option is a plus.  It comes with multiple magnetic rings so you can add this to other cameras as well.""
"20120130","1.0","Wide angle magnetic lens for flip camera","A cheap looking, ill-fitted addition to an otherwise cool camera.  Over priced and difficult to use.  The idea is great but the execution is very poor.""
"20120124","3.0","Flip's description is innacurate","This product is good, but it was disappointing at the same time.  The description from the Flip company says that the lens will let you zoom further than ever before.  It is easy to use and gives a wider angle... but it does not zoom any further than the default lens.""
"20120111","5.0","A must-have accessory fro your flip camera","I found that the flip cameras have an issue with the lens, the subject matter appears to be quite a bit closer than it is it reality.  It makes it hard to get far enough back sometimes to fit things in the picture.  Adding this wide angle lens changes the perspective from 'zoomed in' to more like what you see with your eyes from the same distance.  It's easier to use the camera overall with the wide angle lens, especially when doing a video where you are walking around.  I hope some of that makes sense at least...  It's well worth the money!  Drawbacks to it is that it doesn't stick to the camera very tight and it doesn't take much to pop it loose from the magnetic ring.  I've tied the lanyard for the lens to the one on the camera to prevent it from getting dropped on the ground.  I never use my flip camera without this lens now!""
"20111226","3.0","Not great, but necessary","I wish there were a $50 accessory WA lens for the Flip cams with a tad more image quality. As it is, the Bower lens works OK, but causes a noticeable decrease in sharpness and increase in barrel distortion (and video from Flip cams isn't stunningly beautiful to begin with.) Nevertheless, if you're shooting in tight quarters, this is the only way to get a decent amount of the scene in the finder. Just guessing here, but the lens seems to give about the equivalent of a 35mm angle of view top-to-bottom in the frame, whereas the unaltered flip view is more like a 50mm or longer lens.The mounting system works fairly well as long as you don't jostle the camera violently, in which case the magnet's not strong enough to hold things together.As mentioned, the glass is not great, but build quality seems good. Including front and back lens caps is a nice touch. However, I had to return the first one to Amazon because it was missing two of three adhesive rings and the third was actually stuck to the back of the lens itself.Given the cheap price and lack of other options, it's definitely worth buying.""
"20111224","5.0","Great product","Easy to install the magnetic ring (and comes with several extra rings ).  Magnet holds the lens tight.  Significant enhancement to recorded screen size.""
"20111215","4.0","Works nicely but lense may fall off while riding bike","Improves the field of view for my flip Mino HD (latest gen). Price is a bit too high but there isn't any other competing product on the market that I know of.  Sticks on via a magnet that you tape to the camera, so if there is any bounce or jerk the lense could displace itself or fall off.""
"20111117","5.0","Fantastic add-on for your FLIP","I'm not sure how anyone could have a problem using this lens. The instructions are idiot-proof and the lens works flawlessly. Really happy I bought it and the price here can't be beat.""
"20111110","3.0","Works as advertised","It does what it says it will. I'm a little disapointed in the strength of the magnet that holds the lens to the front of the camera. It doesn't take much to knock it loose.""
"20111106","5.0","Good Lens","Not much to say about this product except that it works as advertised. The metal holding ring works fine and the lens stays put. Make sure the camera is clean and dry before you apply the metal ring and make sure you let it dry for 15 minutes (as stated in the instructions).I personally don't have the lanyard attached from the lens to the camera because I have the lanyard that came with the Flip in use. I also don't really take my camera anywhere, it only records from my desk on a tripod. That being said, I can see why one would want to use the lens lanyard, in case the lens gets knocked off. Maybe I will try attaching both lanyards, or if someone has done this, perhaps you can comment. I know I would like the camera attached to my wrist in case I drop it.The bag and lens covers (for both front and back) are also a nice touch; you can safely store your lens when not in use.""
"20111103","5.0","Good for Vlogging or close up videos","Look no further, this is perfect for vloggers or taking videos of objects up close. Installation was easy and picture quality wasn't distorted at all through the lens. Satisfied customer!""
"20111103","4.0","Macro feature is cool!","This lens allows you do get some super close images with a lot of detail.  That was a totally unexpected bonus.  I'm also happy the profile is so low when it's attached and will fit easily into the carrying case. The attachment rings a little bit flimsy, but otherwise it's great.""
"20110904","5.0","Great attachment for the flip","I use the macro lens portion of this add-on for the flip cam all the time. It sticks perfectly to the magnetic ring around the lens and records super crisp macro video that I've been getting a lot of compliments on. People are amazed that it all comes from such a small little camera and simple macro lens setup. I can't recommend this attachment enough.""
"20110901","1.0","Falls off easily","The magnet is very weak.Does not hold attached to the camera.Fall of if you shake it.Inconvenient not worth the money.""
"20110824","4.0","Great addition and a great price","Read some mixed reviews here. I never noticed increased blurring, and lower quality, like some others mentioned. The magnetic strip is powerful, I was impressed with the overall design. For the money, I think this is worth having around. The flip cams don't have the widest viewing angle, for anyone finding themselves needing to fit a little more on the screen...$30 well spent. I was happy to see that Bower made this product, and honestly I couldn't imagine a flip user not having one considering the low price.""
"20110824","2.0","Cheap and Hokey - Don't Bother!","This is simply a basic wide angle lens that uses a sticker magnet to hold itself over the lens of the camera.  Not too great.  Picture quality is poorer because the video is now shot through two lenses instead of one.  Not a great purchase. Don't Bother!""
"20110807","5.0","Great Product","I am a young teebage video maker  this is a great lens  really get everything in the picture  the only thing you have to worry about is it falling off since its magnetic  but its a good product  helps make you look more professional""
"20110802","2.0","Disappointed","I bought this product thinking it would attach to the Flip camera as is, but you have to glue (comes with a sticker) a magnetic ring to your Flip for it to work. Then the magnetic connection is not very strong. Any sort of bump or jolt will move the lens. The lens also distorts the video quality. I would definitely not buy this product again.""
"20110725","5.0","Works Just liked I hoped, Magnet is STRONG","Hi, I bought the bower .45 wide angle lens for my FLIP Generation 3 8GB camera. It is a great camera, but without the lens, you feel very limited. let me just say first off, It comes with 3 Magnetic rings, Which Hold Firm, Have never had it fall off, snaps on tightly. It having those extra 2 rings is nice, allows you to have some freedom with it, experimenting on any camera you can get the rings to fit on, i have a ring rigged up to my web cam, which is AWESOME, its universal.  The process of applying the ring to the flip is SIMPLE, take my word on that. you just peel off the backing of the ring, and place the ring on your flip's lens and you're good. i was pleased with how well it blends in, it doesn't look out of place at all. But once the ring was on the cam, I put on the Lens leash took of the lens caps, and snapped it on. Instantly you can see the difference, you don't feel like you have to hold the camera into your chest just to get the right shots you want.  The quality, I will admit, does drop a little with the bower .45 wide angle lens. You'll notice once you upload video that around the edges, it wont be as sharp as before. Which, in my opinion, is a sacrifice i'm willing to make for 60 FPS wide angle video. Also up close video is A LOT better, you can read text. If you really want to see up close, you can unscrew the Wide angle part of the lens, and use the MACRO part of the lens. Once with only the macro on, you can bring the camera about two inches away from something and have it fully focus in allowing you to get some cool looking footage. Like imagine if you seen a mutant bug on the ground, you could get some awesome up close video, and possibly get rich and live the life of luxury, Simply, because you bought this lens. really though, No regrets, Pick it up, its only 30 bucks, The flip and the Bower .45 wide angle lens are an epic combo, Get it now, before the price jumps up!  - Scott 'TheGammaGhost' K.""
"20110723","4.0","Enables wide angle which is great for Piano Videos!","I purchased this lens with a hope to capture a wider angle shot when I am making Piano Videos for posting on You Tube. Lens was exactly what I was looking for and performs flawlessly. It is a little tricky to get it placed onto the camera but once this has been done it's a very very useful addition.If you wanted to keep it on there all the time it would probably be best to purchase a third-party camera/case so you would not have to remove each time for storage. Then while you are out and about you could also capture better wide angle videos.""
"20110717","4.0","drwill","it give a better option when you use your flip , very happy with the lens, and for short money, all so can that pic,sthat gives move coverage, i would rate it a 4.5 stars  drwill""
"20110715","1.0","worthless","Blurring out edges of the video.Does not hold attached to the camera and does fall of if you shake it.Inconvenient/uncomfortable/silly/not worth the money.""
"20110715","4.0","Works well, not perfect but good enough","I purchased this on Amazon (best deal around for it!) and was pretty happy with the product.  It was simple to install and useful for the shots on my Flip MINO (gen 2) that require a wider viewing angle.The good:- Installation was simple, and they give spare adhesive metal rings.- The carrying case is handy and useful- The performance of the lens (it does what it is intended for)The 'ok':- The caps that are included to protect both sides of the lens are difficult to remove, but great to have.The bad:- the adhesive rings sit a couple millimeters off of the original flip lens.  this allows lint and dirt to easily get trapped around the metal ring.- the looped string included to attach your lens to the flip key ring slot is poor material.  When bending it to fit into the slot, the plastic inside the string broke.All in all, this product is worth buying if you need it.  It works great indoors where you have a limited amount of room to physically back up for videos.  It's not cheap, but it is useful.  The 'bad' parts are relatively minor and are outweighed by the good and the usefulness.""
"20110714","5.0","A must have for the FLIP camera!","I was so happy to discover a wide angle lens was available for my Flip Mino HD.  I used my Flip to record a fireworks display and wished more of the night sky was captured, then, voila! I found this lens.  It is quite sturdy for being such a little lens.  It isn't terribly heavy, but substantial.  I was in my kitchen about 3 feet away from my kitchen table, and I viewed the table through the Flip lens. Without the lens, I could only see the table centerpiece.  With the wide angle lens, I could see more of the table, the chair in one corner of the room and the wine refrigerator in the other corner!  Can't argue that it widens the view.  The lens has not fallen off and does not seem to be in jeopardy of doing so, I guess, unless I start doing calisthenics with it.  It comes with a removeable silver ring attached to the under side of the lens where it would connect to the Flip lens magnetically.  There are instructions to remove the sticky paper on the exposed side of the ring and place the sticky side of the ring on your Flip lens.  Let it 'cure' for 15 minutes.  Once that is done, you can connect your Flip wide angle lens magnetically to your Flip.  I followed the instructions and the lens has not fallen off nor does it seem loose. You just cannot lose with this wide angle lens if you own a Flip.  But just make sure it is compatible with your Flip.  I checked the Flip website to confirm compatibility.""
"20110708","5.0","Great Accesory","Purchased basically to get more wide angle,  and works really fine for me,  it's really easy to apply with the magnetic strip,  and makes a huge difference in the filming,  Definitely is an accessory that I bought it again. For me works good for interior and exterior.""
"20110626","4.0","Flip Wide Angle Lens Review","I got this lens for christmas along with a camera. I really like how there is the cord to hold it on better, that has been a life saver. If you are into filming action sports I would recommend for long distance shots, not anything up close. All in all it is very good.""
"20110606","5.0","Perfect!","An absolute no-brainer.  If you own a Flip Camera you have to add this wide angle lens.  It really does make a huge difference!""
"20110509","1.0","Cheaply made","Lens works great IF ONLY it stays on!  The magnet is very weak. There is a safety leash with a rubber band that goes around the lens. But this rubber band also is extremely weak and comes off with a slightest tough. As a result, the lens constantly falls completely off the camera. After frustrating attempts to make it work, I decided to return it.""
"20110413","4.0","Wonderful addition to Flip Camera","Makes a big difference in taking pictures. I really used this lens a lot when we were shopping for a new house. Does a good job of giving a more complete picture of a room or yard. Wish there was a better way to attach it to the camera, like lens for regular still cameras.""
"20110406","4.0","A worthwhile add-on","I love my Flip Mino, but its simplicity can also be a drag. This wide angle lens opens up your viewing area nicely, and the price is very reasonable. My only negative comment is that the images captured with this lens have a blur/shadow area on the periphery, so while you do capture a wider angle of view, the edges aren't crisp or clear. This isn't a pro camera, so keep your expectations moderate and you will be delighted with the results.""
"20110406","3.0","Camera not what I imagined it to be","The lens is awesome for what it is! Makes the camera better in itself! Not a big fan of the whole thing! Have the flip and would have much rather gottten a gotten a HD camcorder for convenience! That you did not have to have a magnet type lens on!!""
"20110328","3.0","Okay not Great","I ordered this adapter so I could widen the view angle of the Flip. While is does this it could be quiet a bit wider. The magnetic hold is wek and the adapter slips easily. It did accomplish what I wanted but in a very small way.""
"20110327","5.0","OUTSTANDING, a must-have for any Flip owner!","I love my Flip cams -UltraHD and MinoHD - this is a must-have ad-on, in my opinion.  The wide angle lens helps you frame your picture or 'story' in a superior way.  Be it close-ups or long-shots, you will see MORE by using this.The super-simple magnetic attachment is easy to set up, and really changes your video results from 'typical' to 'pro'. Perfect for YouTube productions that might need a pro-edge, and EASILY the 'best friend' of any Flip model.My parents (seniors) love their Flip's as well, and immediately wanted this - guess what? Now I need another one! Needless to say, this makes an excellent gift, for younger or more mature people.I honestly think this is essential. High quality build, made in Japan. It is clear that quality was key - this is high-end, from the product itself, to the instructions.  (don't you hate it when you get something with bad instructions? I do. This one is excellent).Not to be missed, and the price at Amazon is lower then that of retailers in my area.If you have a Flip, you deserve this little bit of luxury!""
"20110319","5.0","Wow...I can see the WHOLE thing","Yep..this is a nice little feature for the Flip.  It is a wide angle lens that is held to the outside of the Flip using a very thin magnetic circle (comes with). Of course the Flip HD in it's own right is amazing.  Recently I was at our place in Laguna Beach and I wanted to show my friends the view from the deck, and that is exactly what this wide angle lens does best.  You will like it.  Hey...when you receive it....and you don't read the directions like moi....just keep in mind that you have to apply one of the thin metal circles to the Flip first!  (it has an adhesive backing).""
"20110223","4.0","Excellent for getting wide angles on small cameras- not a fan of the magnet","Overall, this little lens is perfectly sufficient for gaining view angle for your pictures.The only thing I didn't like with this lens had nothing to do with the actual lens- the thing I don't particularly like is the little metal ring that you stick to your device so you can attack the lens magnetically.  The little metal ring has a sharp corner on it that is annoying when you are handling your device.  This may not be a big deal for devices you only use once in a while, but if you decide to stick one of the three rings that you get to your cell phone, you will notice it and your hands will drag over it frequently.Other than that I like the lens and think it is a great non-permanent accessory for your camera!""
"20110102","4.0","Worth bundling with camera","Buy this with the HD Flip. Video quality is great without, but the wide angle lens makes it feel like a much larger camera. Easily attaches to Flip magnetically!""
"20101230","5.0","Better Shots","I just had my first child recently and got this as a Christmas present; it is a great product that takes much wider angle video. The only draw back is the size of the lens and something additional to put in your pocket, but to me the recording angle is worth the minor inconvenience of carrying the lens around as well.""
"20101228","5.0","Fun addition to a great little video camera","This wide angle lens simply attaches to the Flip cam with a small magnetic ring. It doesn't get any easier than that! Shared it with some co-workers who were jumping to get their hands on it!The Flipcam is already one of the easiest videocameras to use and now this adds a little dimension to it. For the relatively low price, it would make a great gift for someone who already has the flipcam or a great accessory if you are purchasing a flipcam for the first time.It includes a small pouch to hold the lens.""
"20101211","4.0","Good Lens","Lens completes the Flip UltraHD. Should have come as an accessory. Only downside is it's only held on by a small magnetic strip. Shifts around a little and can fall off, depending what you are using the Camera for.""
"20101207","4.0","Works well - lens will fall off if bumped","This lens resolves almost all of my complaints about the Flip's video.  My only nit-pick is that because it uses a magnet mount it's somewhat easy to bump the Flip and knock the lens off.  It would be nice if the Flip had threads and this lens could screw on.  As it is, it's great for calm shooting, but forget about heavy action shots with the camera 'cause the lens will fall off!""
"20101202","4.0","Pretty good but wish it stayed on better","I really like it only problem I have is the magnet to keep it on the flip can be a little stronger!! Happy with it!!""
"20101120","5.0","As advertised...","This lens is great and makes the Flip more useful.  It is easy to install and comes with lens covers, which are nice to have.  It doesn't stay on as tightly as I imagined it would (it will not stay on in a bag), but that isn't an issue.  It comes with magnets for up to three cameras, so it is not an item you can purchase and use on an army of Flips (say at a school or business where you may have an army).""
"20101031","5.0","Amazzzzinnnggg!!!","The lens is absolutely amazing! Its gives you the ability to shoot a much wider shot which helps you have those images and angles you weren't able to have before. Great quality product at a great price. Nice job Bower!""
"20101025","5.0","Everything it claims to be","This lens is everything advertised.  It just 'looks' bigger in the picture.  It is a wide angle, so gives you a larger scope.  I would like another lens that improves the macro.  I LOVE the Flip.  I carry it with me all the time.  This item improves an already great item.""
