"20120512","5.0","Must Have!","This is a must have item for anyone who doesn't have a lens cap keeper on their camera. Great Item!!!!!""
"20120319","5.0","great for price","This little product is working just fine. I've read other reviewers stating it does not stick well. I've had no problems. I did clean the cap before applying and then applied pressure for a little bit as I stuck the adhesive on. It seems to give plenty of room for my sony alpha with the standard zoom lens. I think it would work fine for larger lenses too (as it still has plenty of room and part of it stretches). The only thing that seems weird is the sticker that covers the part that you attach to lens looks kinda like an eyeball with a black dot surrounded by white. It's nothing terrible, but if I had to choose I'd just make it a black sticker to make it more uniform and stick out less. For the price though, it's not worth complaining about the aesthetics of a sticker.""
"20120313","5.0","Excellent Product","This is an excellent product for the price I paid. It holds  my Canon t2i Lens's cap. The product came in the right time with a nice pack.""
"20120110","4.0","DOES WHAT ITS SUPPOSED TO DO","ITS A LENS CAP HOLDER AND IT DOES JUST THAT! I FIND IT TO BE IN MY WAY BUT ITS BETTER THEN LOSING THE CAP!""
"20111226","5.0","Cheap and does what it is intended for","This is a short and sweet review.  It's cheap, and absolutely works, with the part that adheres really sticking to the lens cap.""
"20111117","5.0","lens cap keeper","This product does exactly as advertized. The elastic ring fits well over large lenses. The glue on the button is of good quality. The string is long enough to get the cap out of the way for shooting. No point in paying more elsewhere.""
