"20120514","5.0","Works as expected","They fit flush and they were cheap. nothing else I could really ask for.The plastics caps don't look as 'cool' as sony branded ones but they do the trick.The plastics aren't the highest quality- you can see those 'oily' lines if you look closely against a light's reflection.However, that doesn't affect its performance in any way.""
"20120402","5.0","Caps for Sony lens","The caps are  indentical to the original caps hence they fit to the lens very well and the price is right.  A couple o these pairs would become handy sometimes.""
"20120226","1.0","Fakes?  Not really working","These worked great at first, but have completely lost their grip on the camera.  They say 'For' Sony in fine print, so I assume they may be fakes.  The plastic rims that are supposed to hold the caps on lens and body are too thin, and they simply don't hold any more.""
"20120115","3.0","Not the best fit","Those caps need to fit tightly and must not come loose by themselves to be really useful, right? Well, while the camera body cap fulfills this promise, the lens rear cap is a dud. On my 18-55 mm, as well as on the 16 mm lens it fits too loosely - I have to secure it with a rubber band constantly. It does not come straight off, but it sits not tight at all and even a tiny movement will shake it loose, it turns, and comes off. I only give it three stars because it is still kind of useful - if you have a rubber band handy and don't mind the extra hassle. Secured with a rubber band, though, there is no reason to complain - it seals the rear end of the lens quite tightly. Plus, the camera cap fits okay.From the other reviews, I gather that this product is rather hit and miss - the quality is streaky at best and it seems to be sheer luck if you  get a set where both caps work well. I was only half lucky, I guess ...""
"20120112","1.0","They don't fit properly. Plastic wears instantly","I have an original Nex body cap to compare to. Night and day difference. I'm sorry, but the body cap they offer is worst quality copy I've ever seen.Don't save money buying this, go for the original, in the end, you don't want plastic scraps inside your body (and they can come from the rear lens cap too, as they wear readily because of bad fit and bad quality material).Shame on the seller for even offering these!""
"20111218","5.0","No issues, works as expected","Both caps fit well on my newly acquired NEX 5N body and lens. They are made of ABS plastic. Overall fit & finish much better than expected at the price.""
"20111109","5.0","Lens and body caps perfect","Items showed up quickly and fit perfectly.  Not too loose so they stay put. And here are six more words.""
"20111109","4.0","They do what they do!","Body caps! I carry them in my bag. They do the job and work. I don't even have to feed them much!""
"20111105","5.0","Good body cap lens","In fact the sony replacement is rather expensive, so these are a good option, they adapt perfectly to the camera at a cost relativamete low.Regards""
"20111028","4.0","Not bad","Good value, though not the greatest quality.I would thoroughly clean the caps before using them. Mine came with scrap plastics around the inside edges.I would buy it again, just make sure you inspect your cap before use.""
"20111025","5.0","No longer negligent.","Sometimes a cap disappears. And then you don't have it. But you want it and you feel like a bad person for exposing your expensive stuff to dust and grime. It is a pain to find one and then it is a maybe a special order and another trip to the store, assuming your town even has an actual camera store anymore and someone willing to order it for you, or even knows what you are talking about and then it is just too much money and an auction site thinks it is shipping an anvil and so you quit looking. And your camera or lens is nearly ruined by your neglect.Well, here is a cheap way to get what you need.  One click and there it is. Even says 'Sony' on it. Can they do that? Slightly different than the original, mine was a hair tight. But it works and there you are, no longer a negligent Sony camera owner.""
"20110928","3.0","First batch=good, current stock?=bad","I placed an order for these in early Sept, and they were of excellent quality, like Sony. Fit and finish all very nice, was very happy with them. Then I needed to order another set and I though I had used same seller but somehow there was a mixup (I guess because the seller CAMSDIGITAL piggybacked onto the RainbowImaging sale page) and I accidentally ordered from camsdigital. Yuck, what a difference. The 2nd set rec'd were a different kind of plastic, very hard and shiny, kind of clicky almost like cheap checkers. The lens cap is not great, but acceptable and works, but the body cover is like a modified lens cap, looks bad plus doesn't fit well at all. Doesn't glide into place, you have to really shove it and it feels like it will break or ruin the camera.I can only recommend RainbowImaging (the color might be a little different from Sony but that did not bother me), camsdigital I do not recommend, and the others showing up now, I have no idea.UPDATE 9/30/11 - well I returned the 'bad' caps from camsdigital and reordered, making sure I had selected from RainbowImaging as the merchant/seller. The replacements arrived today and SAME BAD QUALITY now, hard clicky plastic, bad fit and the body cap looks like a lens cap. Not like the photo shown on Amazon anymore, sorry to say. I will return these also, and upload a photo comparing these with the ones I bought previously. No longer recommend these caps from either RainbowImaging or camsdigital.""
"20110823","4.0","Good price for fair quality","It is a very nice product with really cheap price. Don't spend your money on the Sony official ones. This is good enough.""
"20110811","4.0","Body and lens cap for Sony E mount systems from Amazon","There is not too much one can say about the plastic lens and body caps from Rainbow Imaging \except  that they feel solid,fit tight and do  what they are designed for to do.I am pleased with them.""
"20110708","4.0","Great price on a good product","Read the reviews on Amazon prior to buying these, and they were spot on.  For the price these are a great investment for your Sony camera bag.""
"20110215","3.0","on side doesnt fit","the cap that covers the lens element fits great but the cap that is suppoese to go on my nex5 doesnt fit its like the three teeth are the long it just wont screw on.Im not going to complain cause i only paid 4 bucks for it so no biggy.""
"20101228","5.0","NEX lens caps","At the time Sony did not have these caps available.  I cannot imagine Sony's new product being any better than these camera body/lens caps.Great price with fast delivery.""
"20101227","5.0","Inexpensive","Not a lot to say about these other than they fit and they're cheap. Nice for keeping dust out of the camera and your lenses when you're transporting them or have a different lens on.""
