"20120531","5.0","Excellent Small case for GX1 with 1.7 Lense","While I bought this case for my telephoto lens, I actually found this to be a great small protective case for my GX1 with the 1.7 Lens.""
"20120523","5.0","Great Pouch!","I bought this for my Canon 55-250 lens. It fits wonderfully with both caps on the lens. Great product. I would definitely buy this again for more lens!""
"20120521","4.0","Great product for the price.","On the whole I am very happy with the product. I would however suggest a way to determine which lens sizes fit best in the pouch. The items I purchased were too large, but still work. I like the product enought that I did buy another that was better fitting. As I continue to buy lenses I will purchase more of these pouches.""
"20120430","3.0","Gets the job done, but I've seen better","Pros: -Gets the job doneCons: -Texture not as soft as I expected it to be. I have seen microfiber-type pouches, and they look and feel more elegant than Neoprene. They also wrap around a lens much better than Neoprene does. If you don't know what Neoprene texture is like (which I didn't before buying the pouch), I would recommend looking it up before you assume it's what you're looking for. -It fits a little bit large on my lens (Canon 55-250mm); it does not wrap around its shape.""
"20120329","5.0","Nicer than I expected - will hold up to 4 1/2" lens length","I'm still trying to figure out the best way to carry my equipment. Placing my lenses and Canon T3i camera in protective neoprene cases opens more options for me, such as using bags other than dedicated camera bags. This lens pouch is made of tough heavy duty neoprene that seems like it should hold up nicely and provide significant protection to the lens. I measured it as being 1/8 inch thick neoprene. The bottom of the case has a nylon liner sewn in, a nice touch. The small size pouch measures just shy of 6 inches in height. Since you want to be able to pull the drawstring closed, the tallest lens that will comfortably fit in this pouch is about 4 1/2 inches (including caps in measurement). My Canon EF-S 18-135mm lens measures exactly 5 inches tall and I can't pull the drawstring closed. (I also purchased the medium size pouch, which is identical except it will comfortably hold a lens up to 6 inches in length). These lens pouches are a nice value for the money. I definitely would buy this again.""
"20120328","5.0","Works great with Canons EF-S 18-135mm","I use this for my kit lens and it fits well and impression of material so far is good.  I took off one start because I wish it was a tad wider to fit the lens hood on backwards.  I store these (empty or with lens inside) inside my bag so I can't really comment on wear and tear as they receive no real wear.Edit:  So after the a little more time with it I was able to get the lens in with the hood on backwards.  It's tight but safe, I guess it just needed some 'break in' as it was literally just a couple millimeters off from safely inserting it when I first tried.  Changed to 5 star.""
"20120229","5.0","lens case","this case fits my olympus 14-48mm lens securely and easy to remove lens from case. great case for the money.""
"20120224","4.0","Pretty Big for a small bag","Decent bag.  A bit stiffer than i had expected.  I got it thinking that it might be able to hold my Sony Alpha SEL1855 E-mount 18-55mm lens and provide some protection there.  Turns out the bag is just way too big to hold anything other than a super zoom.""
"20120217","5.0","Perfect little pouch","I use this for my little Sony HDR  CX110 Handycam. It is the right size and gives it great protection. I had been looking for a pouch for a while, and all the others were either too bulky or too long.""
"20120215","2.0","Hit or Miss Quality - Ordered Extra Small and Small","I ordered the Small and Extra small versions of this product and just got them today.The extra small model (not this one) was perfectly fine.However, on the small one, the stitching was all off and the bag did not seal properly at the top. I will be contacting the seller asking for a replacement.Hit or miss quality and I'm not sure if I'm the only one who has had this problem.""
"20120102","5.0","Great lens pouch!","I bought these pouches in all 3 sizes - small, medium and large.The small works great for my Nikon 35mm lens.Great added protection in my backpack (sometimes it is not practical to lung around a camera bag).""
"20111125","5.0","Nice lens pouch","Nothing fancy or complicated here. This bag/pouch has enough padding that I felt very comfortable throwing it in a carry-on bag on a few recent trips where my normal camera bag couldn't come. Drawstring and cord keeper works fine and shows no signs of wearing out after a few months of use.My specific use was for a 200mm zoom with the hood on backwards (just how I carry it). Plenty of space and the drawstring doesn't pinch or crowd this type of longer lens.There is a belt loop-type attachment on one side that I have not used yet, though it does seem to fit the outside of a few camera bags I have. The holidays should give me more opportunities to test this out.""
