"20120612","3.0","Good, but not Great","This lens can take some AMAZING photos, but I also noticed that it can take some mediocre ones aswell.. This past weekend at a wedding I noticed there was lens flare in a couple photos and at times it has trouble focusing. It also is very noisy when focusing. Great for a starting out photographer..""
"20120612","5.0","great product and package! def worth it","I have been waiting to buy this lens for a while now and boy am I glad I did! I love the lens quality and all the extra stuff that came with it. Such a great buy!""
"20120603","5.0","Fantastic buy!","I took a couple of pictures with this lens and it is AWESOME!! I wish I had bought it sooner!! It is so nice! And then package as a whole is SO worth the money, you get over $200 worth of NICE stuff for less than $130!! Great buy!""
"20120524","5.0","nice lens, nice price","hadn't really thought about needing a fixed focal length lens for sometime, but glad i acted on my photographer brother-in-law's suggestion to get one.  altho' i've not used it much so far plan to do so taking pics of my 2-yr. old grandson as he plays when visiting.  like ease and speed in the shots taken so far.pjc""
"20120504","5.0","Great deal, very happy","Processing and shipping were VERY prompt, many thanks to the seller (Celltime).The 50mm lens is amazingly sharp and easy to use. It definitely won't have the feel of a $300-600+ lens, but the quality is pretty outstanding given the price. I'm very much still a beginner with my first DSLR, but I can tell quickly that I'll love having this lens in my bag.I like this particular package deal because, not only can I not find this 50mm lens for less than $120 just about anywhere, but I also got a few key items like a filter and a hood too. Anyone buying at this price point will be more than pleased with the lens and accessories. I know I am.""
"20120103","4.0","Canon EF 50mm f/1.8 review","This is great I love the lens and the photos taken with it. Also great to get a protective filter and also lens hood.""
