"20120522","5.0","Great service","Arrived very quickly and exactly as described, thanks!  I purchased this combination of items based on the wonderful reviews.  I was most interested in the lens hood, but am confident that I will make great use of all four items.  The lens hood does fit my T2i very well.""
"20120521","5.0","great!!","very happy with my product and it got to me very quick..i would recommend  my friends to buy this product.""
"20120503","5.0","Great  merchandise for a super low price!","This lens hood fits my Canon T2i perfectly.  I appreciate the extra protection it gives and I feel better about letting my young daughter take photos with it in place.  The included UV filter is a nice bonus AND you can never have too many microfiber cleaning cloths!  I haven't had use for the cleaning pen yet, but it's good to know I've got one when the time comes.  A great value for the price.""
"20120423","5.0","Awesome Deal!","This is one of a kind where you get more for what you paid. I was at first doubtful to purchase it but once i received the product it was really good. It fits my camera very well and also the light weight of the hood gives you more feasibility or no added weight to your cam. you dont have to waste your time thinking weather to purchase or not, just go ahead and get it.""
"20120403","5.0","Fast and as described","This item was exactly what I expected for the money.  Are the threads metal...no.  Would I have expected to have metal threads for this price...No.  The hood worked perfectly, threaded right up with no difficulty.  And the seller delivered fast, fast, fast, with a note from the CEO asking me to report any problems and that they would be resolved to my satisfaction.  There were no problems however. I would have no qualms about dealing with this seller again.""
"20120214","5.0","For 8 bucks...really?","I mean for 8 dollars you can't beat it. Decent hood, decent UV filter, and a few of their nifty lens cleaning accessories. I love the lens cleaning pen. It's like the third one I have gotten from them and it's just a little bonus. I certainly would have paid 8 bucks just for the filter and the hood. Thanks Digital Goja.""
"20120213","5.0","Great Proucts, Great Price","I was looking to purchase a new lens hood and cleaning pen. When searching for these items I found this kit. I was shocked at the price because the cleaning pens I was looking at were twice as much as this whole package. All the products are great quality. It arrived much sooner than the estimated shipping date even. I would deifnately buy from this seller in the future.""
"20110926","4.0","Great little tulip cover and for cleaning lenses.","I am overall satisfied with my product! I use the cleaning pen almost daily and the tulip cover is a nice thing to have in my camera bag.""
