"20120602","3.0","LOVE the fisheye!","I love love love the fisheye lens!! However, the other two lenses do nothing. Shipped in just a couple days. I am happy but only gave 3 stars because this was for 3 in 1 lens not just the fisheye. Fisheye gets 5 stars alone. Hope this helps!""
"20120528","2.0","These aren't as good as Photojojo lenses","It's true - These aren't as good as Photojojo lenses.These didn't stick to my iPhone 4.I replaced them with the Photojojo lenses, and their magnet rings actually stick to the iPhone 4. They also have a little notch so that you can use the lens without it covering up your flash. Plus, they give you extra rings. Overall, I'd rather support a cool photo shop than these peeps who don't respond.""
"20120525","2.0","I didn't like it at all","The glue doesn't fix the ring on the Iphone. It is always dropping.The ring inside of the fish eye lens released in my first day using the lens. Now I can't use the lens. By the way, the quality of the fish eye is poor. The only thing I thought it is ok is the macro lens. It is a real macro and it is wide, so I am using it sometimes. If I was in US I would definitely return the item in the first time. But I would regret at that the end, now I think that if that company try to improve the product's quality it could become a good and useful product.""
"20120519","1.0","Horrible! (wrong product)","Ordered this for my iPhone only to realize after receiving it that they sent me lenses for another phone.  Didn't fit and didn't work""
"20120517","3.0","3 in 1 iphone lens","i was very excited to purchase these camera lenses for my iphone 4s. But the magnet ring that must be attached to the phone has a very weak adhesive and does not adhere to the phone well. the magnets in the lens are so strong that they pull the ring from the phone, but the same magnet in the lens is very brittle and both the fisheye and now the wide angle macro lens magnets have cracked into pieces. this product is a great idea but not well designed... but i must say the picture quality is very impressive.""
"20120508","1.0","Why but an imitation when you can have the real deal?","These guys here are a poor substitute for others you can find on the web (basically, the similar-looking, but much better ones they sell at Photojojo [...]Yes, yes... these are half the price- but when did you *ever* get something just as good for half the price? Seriously folks, you get what you pay for!My Photojojo lenses came with a Telephoto (these do not!), the Photojojo Lenses came with adhesive rings I could use on my iPhone (these do not!)- and when I needed extra rings (after upgrading phones), they sent me some more adhesive rings for a few dollars!And- when my Photojojo Lens broke (from dropping it, which was my fault), they were nice enough to replace it (and super fast, too!). Good luck trying that with this seller! Trying to get a replacement on a defect was like pulling teeth, whereas Photojojo made it a lovely (dare I say, pleasant?)experience...I just don't see the comparison here- in my humble opinion, there is none!""
"20120507","1.0","no support, arrived broke","one of the lens arrived broken. tried to get support, but no response. thanks for the cheap product. it's quality is about the same as what you get from a gumball machine at an arcade.also, the fisheye only works for stills, can't be used in video mode. i still don't understand how that works...""
"20120501","4.0","Moto RAZR","I have a Motorola Razr, works pretty well. Friend has an iPhone 4s, product worked well with both phones. The ring stuck better to mine (maybe the surface was cleaner). Plus it doesn't cover the flash on the Razr, you jsut can't use flash with the lenses which is pretty obvious. Each came with a bunch of rings, all of them were cut for the flash. Easy to install.Picture quality is decent. The build quality of the lenses seem pretty solid. The wide angle & the fisheye don't have much of a difference on the Razr. The fisheye did, however, look a little better on the iPhone - on the Razr, it doesn't get the full frame of the fisheye, you don't go all the way out to the edge of the ring. The iphone seemed to be the perfect length from the glass and has just enough ring crop in it to see a real wide angle. The macro is a blast to use on both. Lenses are clear and the caps are effective.For the money, this is a fun attachment. The metal ring doesn't really do anything to the phone except makes it a little weird looking by the camera. Totally worth it for the fun of these. Makes your camera phone experience that much better.""
"20120421","5.0","Make great pictures","This is a must have for any wanna be photographer! I love the micro lens, it takes such great detailed pictures. The fish lens is nice too. Just make sure you buy the right one. If you have a 4s make sure this is for the 4s because the metal piece only fits the 4s, not the4.""
"20120420","2.0","Photojojo Lenses are MUCH BETTER","The rings in this product don't really work with the iPhone 4 and 4S.The ones on the Photojojo lenses have a cutout for the flash and use a stronger glue that works better on the glass back. (But you can still remove the rings if you like.)Photojojo also packs extra rings and has awesome customer service (they'll hook you up with extra rings if you need 'em!)As they say, you get what you pay for.""
"20120415","4.0","Great just needs a little tape","I read the reviews after ordering and was disappointed but people make it seem horrible. The metal rings don't stick like they should buy some scotch tape over it helps and doesn't effect the quality of the picture. Another idea is to get a protective skin and cut it to fit over the ring. And for the person who said it only came with two you have to unscrew the wide angle for the micro. Great lens.""
"20120410","5.0","Got them as a gift for us to share!","We don't have iPhones, but Droid Incredible 2's. The magnetic piece is removable but its so small our cases fit perfectly. The effects are really nice, adding to our 8mp of camera power. The build quality is nice and they work amazingly! Being photography enthusiasts, we will both enjoy these for a while. Great buy, works great! I suggest these to anyone looking for a neat gift idea for anyone who loves photography!!!""
"20120407","1.0","Lens kit","I sent them back.  Might have been user error but I could not get thel little rings to stay on the camera.  They kept magnetizinfg themselves to the lenses.  Plus different size rings for the each lens made no sense.  Found it very difficult to keep them on the camera.  I would not recommend these.""
"20120321","3.0","WEAK","WORTH IT NOT REALLY JUST SAVE FOR A BETTER AND OR STAND ALONE CAMERA TRUST ME THE SPORTS AND HD HANDHELD ARE FOR THE MOST PART CRAP [...]""
"20120316","3.0","Unique idea","The lenses  for the IPhone are a great idea.  They do a pretty good job.  It's best if you leave the magnetic part on the phone.  It's fun to experiment with them.  Storing the lenses is a problem.  They don't have a case so one must be careful not to lose them.  They're not practical for everyday use.  It's best just to bring them along for special photo ops.""
"20120216","1.0","Take my advice, pass","I put this on my wish list this past holiday season. My wife got this for me and after I opened thought it was some kind of a joke. It does not work, the quality of the lens is crap and knew right a way that it was not worth anything. However the joke is on us. My wife returned it to Amazon and was refunded minus 20% for restocking. This is how this company makes money. Amazon says there is nothing they can do because it is sold through a third party. If you read this and buy, buyer beware.""
"20120211","5.0","Completely awesome..","These lenses are game changers for cell phone cameras.The fit on my HTC EVO is perfect.A few comments on the obvious: yes, of course, that weak adhesive they include on the mounting ring won't stick for more than a second. Take a few minutes and carefully super glue it to your phone so it holds permanently. Easy fix.Also, while the fit with my EVO and my phone protector is completely un-obstructed and required no modifications, you might have to custom cut your phone protector in order for the lens to sit flush with the mounting ring. But folks, if that is the only thing keeping you from turning your cell phone from being a viable alternative to lugging around a point and shoot or an SLR with a wide or fish-eye lens, a few minutes of using your hands and brain shouldn't be too much of a sacrifice.Understood that on some phones the mounting ring might block the flash. Simply look at your phone before purchasing, and again, use your brain.The quality of these lens is simply astonishing. Turns my 8MP cell phone camera into a SLR quality tool. Completely amazing.I have a Altoid-sized mint container that I store the lenses in, fits perfectly into my pocket, and the lenses stick magnetically to the metal. This is the icing on the cake.""
"20120126","1.0","3 in i camera lens kit","this is for the  3 in 1 Camera Lens Kit For Apple Iphone 4 ipad (fish Eye lens, Wide Angle + Micro Lens it is not worth the money you are asked to unscrew them to get to the other lens  I could not even get them to unscrew at all I did not want to use plyers and brake it so mow it just sits on the shelfnot good at all""
"20120123","1.0","Don't Waste Your $ - Go with Ollo Clips Instead","got this as a gift for xmas and was excited to check this out because of the potential combo of real iphone lenses (not apps) and the ability to pair with photo apps and what not...first off, the original package i got was missing the wide angle/macro lens. my dad tried to email the company and inform them about the missing lens and they NEVER responded to either him or amazon after multiple attempts. thanks to amazon for replacing it out of their pocket, but obviously the company (braingeeks.com or something) is poorly run.with that rant over, i finally got the lenses and they are just meh to me. the fisheye actually looks like it's out of a submarine with a major black ring taking up most the pic. i realize that's the point, but it cuts out so much of the actual picture i'm trying to get fisheyed, that it's pointless. compared to the ollo clip from photojojo.com, it sucks. the ollo clip was exactly what i was looking for in a fisheye lens. for the wide angle, it's ok, can't really complain, and the macro lens is pretty decent actually. haven't had much time to mess around with that one since i do concert photography.for the lens attachment process, i actually had to super glue the metal rings they came with to the phone because the adhesive it came with wasn't strong enough to keep the ring attatched to the phone when mounting the lens. almost broke the lens the first time because it fell right off. again, checking out my friend's ollo clip attatchment which is a simple clip on (where you can flip from fisheye to wide angle/macro with the same clip) wins over this metal ring process. i'm also hearing some people have rings that cover up the flash, but they do send a ring with a cutout for the flash so no problems for me there.hope this review is helpful. i wouldn't waste your money with these lenses and especially support a company that fails to respond customer with a shipping error. the ollo clip from photojojo.com is something i'm about to purchase and ship these back (or try to sell on craigslist). i take a lot of pictures for a music blog, personal use, ect. i know what i want and these lenses are not it.""
"20120116","4.0","Fun","Fun little lenses to have - only problem is my cover to my phone can't be on while I use the lenses bc the lense won't fit right - it gets pushed over and causes circle under the pic. :(Hopefully i can find a new cover for my phone that can accommodate these fun lenses. :)""
"20120116","1.0","GARBAGE!!!","Do NOT purchase from this seller. The product you receive will NOT be what's pictured. You will get a late package with missing parts and the parts you do get will not be of the same quality seen in these photos. A friend of mine has these lenses and they are awesome!!! JUST DON'T BUY THEM FROM LONG DEALS or you will be out money and very disappointed with a crappy garbage product.""
"20120113","1.0","SUCKS","This product does not work for the iPhone, at all. Not only does the lens cover the flash, but also the 'magnetic' force is not strong enough to hold the lens to the camera at all... I was very disappointed with the product but was able to return it.""
"20120102","3.0","Lens use with phone case","Using the lens with a phone cover is a challenge. You have to take the case off to put the lens on so I am not sure how often we will actually use the lens. We are looking around to see if there are cases with a larger cutout area for the camera lens corner of the phone.""
"20111202","1.0","I'm missing one of the lenses. NOT FOR IPHONE 4!","I only received two out of three lenses, the fish-eye and the wide angle. This is not compatible with iPhone 4 it covers the flash. Its a good lens, just advertised for the wrong phone.""
"20111201","3.0","Not great, but fun!","This does the job and the price isn't bad. The fisheye lens is a lot of fun and the wide angle definitely improves your flexibility. The macro is a little less impressive, but is good for bright, outdoor settings. My main problem is that the sticky little metal ring isn't very sticky. The magnet on the lens is often stronger than the sticky bond and it comes of with the lens. Not a great design.""
"20111128","1.0","Micro lens missing","The two lens that arrived were ok as advertized but the micro lens was missing.  I was very dissapointed because i am a long time customer and hardely have any problems with my orders""
"20111123","5.0","Phone camera lenses also fit Google HTC Droid Incredible 2","Wow! We're so happy that these tiny lenses also fit our Google HTC Droid Incredible 2 phones. You just attach the included metal ring to the phone around the lens and they work perfectly. We did have to modify one of our two rubberized plastic phone cases so the ring was exposed properly on each phone. We happened to have an old 35mm film canister and the lenses all fit neatly inside. So now they can easily be carried around anywhere we go. And the lenses are better than we expected. Nice depth of field too. And the micro lens is amazing. Fun, fun, fun!""
"20111123","1.0","Comically Unuseful","These lenses are so useless, it's funny.They require an iron ring to be glued around the camera lens: the special lens magnetically sticks to it.  Other reviewers have had problems with rings that obscure the iPhone flash, but mine came with two rings per lens: one perfectly round, the other with a notch in it that accomodates the flash on my iPhone 4S just fine.However:- The ring (which is 13mm across) is almost certain to get in the way of any case you might like to put on your iPhone- Much more importantly, _it does not stick_.  It slides around.  It comes off.  Half the time, the ring ends up obscuring the flash because it's spun and slid around the back of your phone and the notch is no longer lined up.  The other half of the time, it just _falls off_.  The special lens sticks to it just fine, but since it won't stick to your phone, it doesn't matter.I don't expect to get any use whatsoever out of these.""
"20111123","1.0","Doesn't stay on...","Lenses are nice. Problem is the magnetic ring that 'adheres' to the phone doesn't stay on. I have a aluminum bumper case and had room on the back to put the adhesive ring on. Took nice photosduring the 10 minutes the ring stayed on my phone. Since the back of my iPhone 4s is glass, the ring never really adheres properly, it will slide around. The package I recieved had two rings with cutouts to avoid covering up the flash. I really wanted this to work, I even went so far as to attempt to super glue the ring on the back of the phone, even that didn't work (glue wiped off with no problem). I did glue the ring on one of my cases, but then you get shadows from the distance between the back of the phone and the case (a small distance, but gives black borders on the edges). Worth a shot, but not pactical, the Olloclip sounds nice, but it's expensive and you cant use it with a bumper or case on the phone. I'll wait until something more practical that works with a case comes out.""
"20111117","3.0","ring comes off","I really like this, the fisheye is cool but I haven't used the others.  After about a week, when I would take the lens off, the metal ring would also come off my iPhone 4s. So after it got loose, the lens would slide around when I was trying to take a picture. Trying to find something that will keep the ring on permanently but won't hart the iPhone.  There was a little cutout in my ring for the flash.I would rate it higher if the ring would stay on; great for the price.""
"20111115","4.0","Essentially the same as Photojojo lenses","I lost my Photojojo macro/wide lens, so in ordering a replacement I decided that I'd both order a brand that seems to be Photojojo's OEM as well as an extra fisheye lens for comparison.It appears that these are almost exactly the same as the lenses that Photojojo is selling. The only difference that I see is that the lens coatings on these lenses have a different color sheen (glare reflection off the front of the lens, not any actual tint in the light coming through). My guess is that this means that the revision of the product that you get here vs Photojojo is probably just slightly different. The fisheye lens that I got here also was lacking a rim on its rear magnetic cap but this isn't a huge deal. (It just means the cap comes off more easily.) See the customer images for an image of what I received, with notes.One of these two lenses, I don't remember which, came with an additional special adhesive mounting ring for the iPhone 4(S) that doesn't cover the flash LED like the standard ring. They both came with extra rings as well. Unfortunately I don't know if you can depend on one of these iPhone-specific rings being included as they seem to have been added at some point in the product revision, so it probably depends on whether you get an older or newer version of the lenses.The wide angle x0.67 lens works well with slight vignetting on the corners on my iPhone 4S, and it has the expected barrel distortion but seems to lack much spherical distortion (which would result in out-of-focus edges if it were more prominent).The fisheye also works well. On my iPhone 4S (and probably the other iPhones) the corners of the image are 'chopped' off, but this is rather typical for a fisheye lens especially a cheap one for devices that weren't even designed for additional lenses.It is supposed to be possible to use these with some/most cases by adhering the mounting ring onto the camera lens hole on the outside of the case, but I haven't tried this myself.""
"20111111","5.0","amazing","These are great additions to any half decent camera phone. High quality, strong magnets, although did have to use the smaller magnetic ring on my Evo 4G. Great buy for anyone""
"20111109","1.0","Make a higher quality one yourself for less $","If you are only interested in a macro lens, print one yourself at Shapeways:[...]It takes a very high quality glass lens that costs only $4 so the total cost is under $15. Check out the metric ruler shot on the Shapeways page - no barrel distortion!""
"20111020","3.0","Not Worth it for iPhone 4 Get the Olloclip Instead","I bought this 3 in 1 lens kit thinking it would be a nice addition for my ipnone 4.  I was wrong.  First I would like to say that there is nothing wrong with the lens.  They are well made and do exactly as they are described to do.  The biggest issue with this lens kit is attaching the connector piece to your Iphone.  To allow full use of the lens and flash you need to cut the connector piece so that it doesn't block your flash.  Once that's done you now have to have this magnetic piece of metal attached to you phone.  I'm not sure if people know this but putting a magnet next to a hard drive can wipe it clean.  I'm sure this was tested to make sure that the magnetic connections does not effect your internal iphone hard drive, but it still makes me weary. As an alternative I attached the magnetic attachment ring on a case.  It works for the most part but you need to zoom in a bit.In all the product does what it says.  Is it worth attaching a magnetic strip on your iphone 4 that you have alter to make it work?  No not really.  Simple enough the olloclip is worth the investment.""
"20111006","5.0","Great Lens","These are great additions to any half decent camera phone. High quality, strong magnets, although did have to use the smaller magnetic ring on my Evo 4G. Great buy for anyone, except maybe those with an iPhone since I hear it covers the flash.""
"20111004","1.0","Disappointed. Not for iPhone 4.","I bought the 3-in-1 lens for an iPhone 4, and have to say that it was a disappointment. It doesn't make sense to me that the manufacturer would advertise this product with the iPhone 4, creating the illusion that it is compatible with iPhone 4, when it's not. In order to attach the lenses to the phone, you have to stick a magnetic ring to your phone, and this ring actually covers up the flash on the iPhone 4. This would be fine if it was a temporary magnetic ring that I could take off when I'm done with it, but it seems to be permanent. The one good thing I will say about it is that the lens quality seems quite good.Very disappointed because I bought this as a gift for my husband and wanted him to be able to use it right away. We will be returning this product and trying out the ollocip:[...] A co-worker has the olloclip and she really likes it. I wanted to try this magnetic one first because it seemed easier to take on and off, and the olloclip is quite a bit more expensive, but the flash cover-up is a deal breaker for me. Olloclip also states on its site that it doesn't use magnets in its lenses because the magnet actually interferes with iPhone functionality. Well, if this is true, it's another reason to stay away from the 3-in-1 lens, I guess.Another thing: the manufacturer of this product is a Chinese or Taiwanese company, so the instructions are really difficult to understand.""
