"20120525","5.0","Excellent for cleaning cellphones, tablets, glasses, monitors, and more!","An excellent product, just like the ones you find when you buy a pair of glasses...in fact, even better! These do a great job of cleaning my ipod touch and ipad. You may need to breathe on the glass to create some moisture, and then wipe away fingerprints and smudges. Gets the job done, with plenty to spare and share! Use on your cellphones, tablets, monitors, glasses, and more!""
"20120522","5.0","Great Product, Great Vendor","I received my MagicFiber Ultra Fine Goja Cloths in 2 days, much earlier than expected.  The cloths work like a charm easily removing fingerprints and whatever that was on the corner of my screen, while leaving zero lint or particles.  I could not be more pleased.  I ordered the 13 piece set so I can have a cloth in all my favorite locations, while still having enough left to share with my daughter.Seriously, order this product - you won't be disappointed.""
"20120521","5.0","Quality at a savings","Really a nice savings on this product vs. going to an optical (eyeglasses) store or a camera shop. I enthusiastically recommend this product from this seller.""
"20120521","5.0","Awesome value!","Awesome cloths and awesome seller! I have nothing negative to say. These are great microfiber clothes at a low cost and shipping is very fast.  Each cloth is soft and individually wrapped.  I will be using these on my camera lenses, lcd monitor, and eyeglasses.""
"20120516","5.0","Quality microfiber","Wow, are these cloths nice! It's like holding a plush fabric like felt but also silky smooth.These don't clean everything off of my cheap glasses, but do get most everything. So far, simple shaking the first cloth off has kept it clean. These are going to last a long time for me.""
"20120513","5.0","Excellent product, Excellent Merchant","The Goja cleaning cloths work as advertised. They come individually packaged. They seem to remove body oils rather than just smearing them around. The seller provides personal contact information and guarantees 100% satisfaction. One of the most ethical sellers I've come across. This is made easier by delivering a product that exceeds expectation.""
"20120510","5.0","Look no Further.","Usually the good quality microfiber cloths from the local camera stores run 3.95 to 7.95 each.  These are the exact same quality yet you get them for under $1.25 each.  This is the best deal I've seen and the cloths are the tight woven camera lens cleaning quality.  I may buy another set and this should last me a lifetime.""
"20120508","5.0","Smudge cleaned & order received before it was promised","Got 13 as described. Arrived 4 days earlier than I expected. I tried one on my Canon Vixia HFM-300 camcorder LCD screen and lens. It cleaned the smudge off the screen easily.""
"20120430","5.0","Best purchase I've made in weeks!","I am very pleased with this product - the quality is better than the clothsI've gotten with my glasses or from local retail stores. Service was very quick,packaging was great.  I'd be happy to recommend this company and product to my friends.""
"20120423","5.0","High Quality at Low Price","Very impressed with the cloths. They are excellent for cleaning my eye glasses with anti-glare coating. These cloths are a little thicker than the cleaning cloth I received from zenni that came with my glasses. Better than expected and seems like you don't have to wash it quite as often since they are thicker. They feel durable and are great for the price. I definitely recommend to anyone.""
"20120423","5.0","A+","Great product and price. Have already used some cloths to clean my Nintendo 3DS and they work like a charm.""
"20120412","5.0","Must have product.","Amazing product! I bought the 13 pack and was so glad I did. Worth every cent. Went so far as to throw away all my other microfiber cleaners as these blow them all away. Don't know how but they are the best I've ever seen. Seller is also truly committed to product and service. Well beyond almost all I have ever done business with.'""
"20120410","5.0","Great microfiber!","It really does It's job! Perfect cleaning tool for my lenses,glasses, LCD - screens and phones.This microfiber is the best I've ever tried, It's not very silky, so It really removes fingerprints,oils from glass surfaces and doesn't leave smudges.""
"20120410","5.0","Perfect cleaning cloths","These cloths are excellent for cell phones, iPads, eyeglasses and LCD screens - we have used them on all of these devices in the first day.  They are better than any other cleaning cloths we have tried before and that they come in a 13 piece set, each individually wrapped, makes them perfect to have at work when everyone is ALWAYS in need of one.  Thank you GOJA !""
"20120409","5.0","No more smudges!","'Exactly what I needed for my 405374559834 screens! Perfect service. Highly recommended. These cloths work wonderfully and there so many included I passed them out to family and friends.'""
"20120330","5.0","Just what I was looking for","I was pleasantly surprised by the quality of these micro fiber cleaning clothes.  I was looking for  something to clean my phone, camera equipment and tablet.  The clothes are good without having to buy a liquid cleaner.""
"20120330","5.0","Best cleaning cloths ever!!","'Great price & product arrived sooner than expected. Best cleaning cloths I've ever used!!! I thought my eyeglass lenses were defective, because no cloth or cleaner got them crystal clear. I reluctantly decided to try this cloth & I'm still shocked...lenses were crystal clear!! So then I tried it on my iPad, and once again, the smudges just glided off leaving that clean new finish! WOW!'""
"20120325","5.0","Worth every penny, better than others I own","These have to be the best cloths I own. I have wasted more money on microfiber cloths  than I care to admit. I have purchased high end ones (Lacoste, Chrome Hearts) only to either a) lose them or b) be totally disappointed in the actual cleaning that the provide. These were larger than I expected, and shipping was fast. Thanks for a great product, at a great price. As I lose these ones, I won't freak out as much, knowing I can get great cloths at a price I can deal with.""
"20120317","5.0","Better than expected","These cloths are AWESOME! Thicker than most, but work just the same.  Each cloth is individually packed in it's own little wrapper so they store nicely and stay perfectly clean until you need them.""
"20120315","5.0","Love these cloths!","Love these cloths, they are soft enough not to scratch the lenses, and durable enough not to bunch up or fold awkwardly during cleaning like other cloths I've used. Did not have to use any liquid to get the smudges and prints off my glasses, or thunderbolt or laptop screens either. I would highly recommend these!""
"20120310","5.0","Perfect!  One for each electronic and then some","Very soft, very well made.  Great value for the price given the quality.  Does the job perfect on my tech gear.  I am going around using them everywhere.  Highly recommend!""
"20120309","5.0","Great little cloths for fine cleaning","I purchased these cloths for a variety of purposes. In the past I didn't really see a need for special microfiber cleaning cloths, but in the last year I've purchased a new SLR camera with 3 lenses, a smart phone, and an iPod touch. Additionally I have been cleaning up some old game discs and needed something to remove cleaning solution residue from the discs without damaging them. These are great and were a much better price than the other versions I looked at (granted I didn't put a huge effort into the search but I am on a budget).So far I am very happy with them. They clean quite well and I think they were worth the price. They may be smaller than others out there but for my purposes they are perfect. I may even devote one just to cleaning my glasses, which I've never done before, but it seems lately that anti-scratch coating isn't much good.""
"20120308","5.0","Great Product! Great Service!","'Items as described and delivered promptly. Am very pleased with quality of these cloths. Am sharing with family members and placing them strategically about my own home for iPad. Kindle, camera and Droid use. Will recommend to others. Thank you'""
"20120306","5.0","Smart Buy","This is a great value for the buck. I occasionally lose my microfiber cleaning cloths after spending 3-4 dollars on one, then I just decided to go ahead and buy a 13 piece set for an excellent price. It is a smart investment and buy. The fiber works just as fine as the other 3-4 dollar microfiber cleaning cloths so basically you are getting a 39 dollar value for cheap.""
"20120305","5.0","So handy and convenient to use!","Items were as described and will be used mainly for eliminating fingerprints on the Kindle screen as well as our computers and cell phones.  Perfect solution to smudges and fingerprints.""
"20120305","5.0","Great Micro Fiber Cleaning Cloths!","Just spent quite a bit of money on 2 new pairs of glasses and I wanted a quality micro fiber cloth in each glass case as well as at home, car and office. Each came individually wrapped and in my opinion is better than the ones that came with the glasses! I also shared them with my daughters who love them as they fit neatly in their purses.""
"20120304","5.0","For a clear view!","These Microfiber cleaning cloths are individually packed. The quality of these cloths are nothing short of a miricle! No smudging (which I found on many of the others I've tried). I have used the same cloth for about two weeks and it still is smudge proof!""
"20120223","5.0","awesome cleaning cloth","I bought these for my kindle fire, and they work excellently. The cloth quickly removed all smudges on the screen. May have to keep one on me for my glasses too.""
"20120223","5.0","Fantastic Microfiber Cloths!","Product exactly as described. Works better than expected! I use them on my iPhone, iPad, eyeglasses and computer screen.  What a GREAT product!!  Have tried other microfiber cloths and they are no where near as good as these! Great seller. I highly recommend this seller.  Fast Shipping!""
"20120220","5.0","Great Product","I very rarely make any comments on products.  These are good and a good deal.  I actually bought two sets so I will have these everywhere.""
"20120216","5.0","terrific product - a bargain","Lots of individually wrapped cloths. I had been hating all my other cloths--they were too 'silky' and just weren't absorbent enough, especially for the Ipad. These cloths work so well--and quickly. So many cloths came in this packet that I can send a few to my parents...the cloth brand's name is on each cloth, so they will know where to get more!""
"20120215","5.0","Pretty good cloths; pretty good price","Good: Excellent screen cleaner, either dry or with cleaning fluid.  Work well on sunglasses and reading glasses. Good price.Bad: A little on the coarse side.  I would be reluctant to use these regularly on camera lenses or coated eyeglass lenses.For my purposes, however, they work quite well, and aren't nearly as expensive as the drugstore variety.  Five stars.""
"20120214","5.0","Work Flawlwssly","Cloths work flawlessly..Plasma screen, laptops, cameras. Just moisten with 70 per cent (NOT 90 per cent) alcohol for tougher stains. No need for expensive sprays, etc. Delivery was fast, description accurate.' This is a simple item so there is not much to say except that this item works so well. While it can be used dry, I simply moisten a cloth with some 70% alcohol for the tough spots (do NOT use typical 90% rubbing alcohol). I use them on both my plasma as well as my LCD TV's, laptops, camera screens and even the lenses and have not encountered a single problem...no streaking, no after marks and NO scratching. Each cloth is rather small, similar in size to the cloths that optometrists give you for a new pair of glasses, but they have proven adequate even for my 65inch TV. Each cloth is good for multiple uses so I expect this one order to last a very long time. I really have no complaints on this purchase.""
"20120213","5.0","Great way to keep the lint off my Nook case","I have a black rubber ballistic case for my Nook.  I love the case, but I hated the white lint that was always stuck to it after using other cleaning cloths.  These cloths are great, clean my screen very quickly, and do not leave any of the annoying lint.  They are a nice size and last a long time.  I also have good results using them for my computer and cell phones screens.  A great buy for the price.""
"20120213","5.0","These are really quite incredible","'These are really incredible. I've been using 3M microfiber lens cleaning cloth for a few years, but these are much better.'  I waited a few weeks to review these so I had time to use them several times, and they do a fantastic job on my glasses which is why I bought them. I keep one at work, one by my computer, one by the TV, etc.""
"20120209","5.0","Great multi-purpose cloths!","The cloths are great for all kinds of screens. Will be giving them to my family members for their iPads, computer screens, cell phones, etc. Thanks for a great product and prompt delivery!""
"20120209","5.0","Cloths work great on any device.","I use these cloths on my tablet, phone, laptop, camera, and TouchSmart desktop. I've even tucked a cloth into my glasses case. You can't beat the price. I'll definitely be stocking up on these cleaning cloths as needed!""
"20120206","5.0","Great Product!","'These microfiber cloths really work well to remove fingerprints and other smears. I've found that it works great cleaning my new Thrive tablet. I highly recommend them. '""
"20120206","5.0","Exactly what I was looking for","Very good service from DigitalGoja. Cloths are nice and large and do a good job cleaning my eyeglasses and device screens""
"20120131","5.0","Great Deal!","These cleaning cloths are the real deal. Exactly what I was looking for. The ideal cleaning cloth for my glasses as well as my phone & laptop screens. Highly recommend! Seller shipped fast and was responsive when asked about cleaning the cleaning cloth. Couldn't be happier!""
"20120131","5.0","Best value for microfiber I have found...","The cloths are large enough for any job, are individually wrapped(essential practice for film handling and cleaning), and having a dozen of them around makes it easy for me to always be using a clean one. I particularly like the fact that even the edges are are soft - no brittle threads or seams to scratch my film or glass. They are shipped very quickly too! High quality and quantity for a great price. Very satisfied.""
"20120131","5.0","WOW!  A cloth for every handbag","With these cleaning cloths, I now have one for every handbag and favorite gadget.  As I type this review, one is currently beside my recently cleaned iPhone and ipod Touch. These cloths are of high quality and quickly clean my reading glasses as well as my computer screen.  I now have no excuse for having prints or smudges on my dearly loved gadgets :)  Give them a try. I believe you will be thrilled with your cleaning cloths.""
"20120129","5.0","Cleans well even without liquid cleaner","These are excellent quality cloths, and they work well for cleaning smudges on eyeglasses, even without a liquid cleaner.  I've also found that they work well for wiping dust off surfaces, such as a laptop screen and keyboard.""
"20120128","5.0","Works Very Well!!","Product is as described -- works very well with my computer, camera and phone screens. To keep spares handy and save a little, bought this set instead of the 6 pack.""
"20120124","5.0","Great Product, Great Value- Goja Microfiber Cleaning Cloths","My wife and I are very happy with our purchase of your Microfiber Cleaning Cloths.  We use them on my Kindle Fire, her I pad2 and our Smart phones.  They easily clean smudges and fingerprints with very little effort and are well worth the price.""
"20120123","5.0","Good Deal","The microfiber clothes were as described and appear to work well. They were of descent size, compared to others I've purchased. Product arrived extremely fast from the seller. For what you get for the price (including free shipping), it's hard to go wrong with these clothes.  Seller also included a note saying you could return the product if you were not satisfied, at their cost.  You don't see that very often.""
"20120123","5.0","HIGH QUALITY & LARGE SIZED CLEANING CLOTHS!!","I ordered these cleaning cloths to use to clean I-Pads, Samsung Galaxy tablets, and cell phones.  I manage over 700 wireless devices so I needed quality cloths that would hold up to constant daily use.I used my first one today on a Samsung Galaxy tablet that looked like it was dropped in a landfill.The tablet screen looked brand new after using this large sized and great quality cleaning cloth.I have been using eyeglass cleaning cloths up until now to clean device, but they cloths are so much large and you can feel the quality.""
"20120123","5.0","excellent cloths, fast shipping, good value","Received order quickly, well packed. Exactly as described. Photos do not show this but each of the cloths in individually enclosed in a plastic wrap, protecting them for future use. Nice""
"20120122","5.0","NO need to hesitate","If you are looking for a supply of lens cleaning cloths of good quality at an affordable price, look no further.""
"20120122","5.0","Terrific Product - Great Value","Microfiber cloths are soft and highly effective.  Use them for my iPhone, IPad and Eyeglasses. I have placed them everywhere I might need them.""
"20120120","5.0","excellent micro fiber cloth","I am very pleased with these micro fiber cleaning cloths.I use them to clean a monitor and an smart phone screen.They are the best cloths I have tried and like that they clean well dry.I highly recommend this product from digitalgoja.""
"20120120","5.0","Goja-clean","With several tablets, laptops, Kindles, monitors and other fingerprint-friendly electronics around the house we needed 'lots of' good quality cleaning cloths and that's where these Gojas came to the rescue.We got a dozen black cloths plus one grey, beautifully and individually wrapped. The cloths are 6'x7' and they work best in 'dry' mode on small screens and gadgets. They make most fingerprints disappear after one swipe. They work with cleansing sprays and with larger screens as well but I prefer larger and more absorbent cloths for those tasks.We are very happy with this purchase and we are likely to order more.""
"20120120","5.0","Good bargin, great cloths","These cloths are a great value. I bought them so I could put one in all my cars, at home, at work. It's always nice to have one near by. Work great for cleaning iPads, smart phones and eye glasses.""
"20120119","5.0","Great Product!","The cloths work extremely well. Was skeptical with the price but got more than I expected in terms of quality! Definitely a great buy""
"20120118","5.0","Great Product for safely cleaning your precious items","Nice cleaning cloths I use for my glasses, watches and bracelets. Excellent product and excellent Customer Service. Thank you! -Marc""
"20120117","5.0","Nice kit for the money!","very nice selection of cloths, fit nicely in pocket,purse or case, great deal for these items. Would definitely purchase again from this seller""
"20120113","5.0","Love 'em!!","Fast shipping of an excellent product! We love them! Eye glasses, cameras, Kindle ?Fires became sparkling clean and stay that way longer. Love 'em!""
"20120112","5.0","Perfect for your Ipad","This product works great on my Ipad. Very fast delivery to an APO address. I think this is the perfect size for an Ipad it fits right inside my case. I would by this product again and have given several to some coworkers.""
"20120112","5.0","Great product!","Fast shipping. Very good quality cloth to wipe the dust and hand oil from my iPad. I would absolutely buy this product again, and recommend to friends!""
"20120112","5.0","Great product at great price","These cloths work very well on both the screens and the 'fingerprint magnet' bodies of my mobile phone and media tablets. I also use one for my laptop screen and another for my desktop PC monitor screen. Having this many lets me have one in the car, one in each case for each electronic device, one in my briefcase, one in my jacket pocket.""
"20120106","5.0","High quality, low price","These cleaning cloths are of excellent quality and are individually wrapped. You can pay much more to get the 3M brand name instead of Goja, but the quality is exactly the same. Excellent seller as well! Product arrived well ahead of schedule.""
"20120105","5.0","Digital Goja","Good bargain for this Microfiber Kit.  I am going to share them with my son and daughter, also, especially for use for cell phones, digital cameras, Ipads, and Kindles.""
"20120105","5.0","aMAZING gIFT","'Great Product... it was a great christmas gift to my coworkers who were using their sleeves to clean their Smart phones! A+'""
"20120104","5.0","Great Cleaning Product","The (13 Piece Set) 12 Black Premium Microfiber Cleaning Cloths are just as listed. My wife received a Kindle Fire for Christmas and I knew she would need something to keep it clean. After reading the reviews I placed the order. Received the cloths very fast and immediately started cleaning my family's touch screen electronics. Everything seems to wipe off fast and effective. They seem to work very well and would recommend these to anyone wanting to clean dust, smudges and fingerprints off their touch screen electronics.""
"20120104","5.0","Excellent","I ordered these clothes after I got a Kindle Fire for Christmas.  I really was not sure which ones were best but I read the reviews for Goja clothes and placed my order based on the reviews.  I received my order very quickly even though I ordered the day after Christmas.  I am impressed with the clothes and have placed one in my glasses case, my digital cameras case and my Fire case.  I like these clothes so much I have shared with family members.  I will definately be ordering more.""
"20120104","5.0","LOVE these Goja Cleaning Cloths","Ordered these cloths on 12/26 and received them on 12/30! WOW! Didn't expect them until first week in January. These cloths work great on my tablet, phone, glasses, etc. Couple of swipes and no more fingerprints! Great deal for the price. Love the note from Walter G., GOJA Pres asking for any feedback from the customer--will DEFINITELY buy from them again.""
"20120103","5.0","Great Product...Quick Delivery!","Excellent response time on this order not to mention you get a great deal on the microfiber cloths. I will no longer be purchasing this at Wal-Mart as it much more convenient and cheaper to purchase them through DigitalGoja.""
"20120102","5.0","Love these cleaning cloths","You just can't beat these.  Great price - great product - and it performs beautifully.  My glases, iPhone, laptop and more have never been so clean and streak free.  Really, if you have anything with glass that needs to be kept clean - you just need to get these.  You won't be sorry.""
"20111229","5.0","Super Service - Perfect Product","The lens cloths are great. Slippery when dry is exactly how they work. Items arrived much earlier than I expected - particularly during the December holidays. Thanks DigitalGoja.""
"20111227","5.0","Perfect and Convenient","These microfiber cleaning cloths come individually wrapped and are very soft.  There come in the perfect size to clean my phone, laptop, sunglasses, and a whole host of other items.  The cloths come in a very convenient set which I can leave then leave one in my car, office, media room, etc.  Great deal!""
"20111227","5.0","Great Value","I have looked all over for cleaning cloths for my Apple devices and this is the best deal I could find anywhere. When they arrived I was not disappointed.""
"20111223","5.0","Great set of cloths for all your microfiber cleaning needs","I ordered this set of microfiber cloths as I am constantly misplacing the small cloths that come with the various things I need them for. These are large, and substantial microfiber cleaning cloths for sunglasses, iPads, iPods, smartphones, all your needs along these lines. These are not the thin, cheap cloths either, they have real substance and will stand up to lots of use. The large number included makes it easy to have one in the car, one at the office, one in your briefcase, wherever.Well worth getting for your modern electronic portable devices.""
"20111213","5.0","Excellent cleaning cloth","These cloths are perfect for cleaning my glasses. They come individually wrapped and are excellent quality. Will definitely buy them again.""
"20111213","5.0","Highest Quality Microfiber Cloths","I purchased these hoping they would be ok and I was surprised at finding they are all nicely packaged and very high quality- not chintzy like this type of item tends to be- they clean all my electronic screens perfectly as if they were brand new and I am very picky about that.  I use them on my reading glsses as well.""
"20111212","5.0","Perfect for classrooms","I purchased these for classroom iPads at an elementary school. They are exactly what we expected. Very happy with the transaction.""
"20111207","5.0","Great cleaning cloths!","Great cleaning cloths . . . exactly as described. They work extremely well! I've already recommended them to several friends.""
"20111129","5.0","Perfect to stash where you might need them","These cloths are a very useful size for cleaning eyeglasses and camera lenses.  The package is inexpensive for what you get.  The cloths are heavy weight, come individually wrapped, and can be stashed where you need them; e.g., in the case with your glasses.  I have separate prescription sun glasses that I keep in each car, now along with their own individual microfiber cloth.  I also keep one with my iPhone and iPad.  They are just too convenient.  They also make great give-aways.""
"20111129","5.0","These cloths are awesome.","These cloths are awesome. Everything I've used them on (eye glasses, phone screens, computer screens, pad screens, tv's, watches, etc.) all look brand new in just a few seconds of rubbing. I've given these to friends and family as well as keeping them in my vehicles and on my desk. Each person I've given them to has enjoyed them just like me.  I'm thinking seriously about ordering another package of them The price was right and they work fabulously. You will like them. Thanks, Amazon, for including these in your vast array of offerings.""
"20111124","5.0","Excellent microfiber cloth","These cloths are terrific; I use them to clean computer screens, camera lenses, iPods, glasses, sunglasses, etc. My Macbook Pro came with a single microfiber cloth, which I loved -- and eventually misplaced.  Apple didn't sell them separately, and many stores didn't carry them.  These cloths are just like the one I misplaced - soft and scratch-free. Excellent-quality cloths for a fraction of the price you'd pay at a retail store.""
"20111122","5.0","Have to agree with the others great value","The size and quality of the cloths is great. No need to look any further if you need some I don't think you are going to find any better for the price.""
"20111109","5.0","Great Product Value","The 13 piece set arrived very promptly and appears to be of good quality and value. I am already using one and it works great. I can't see any reason to pay more, although I wish all of the cleaning cloths were white instead of black since I think it would make it easier to monitor their condition.""
"20111108","5.0","Good quality and great for cleaning iPad and screens","I bought these cleaning cloths to use with my iMac and iPad, theory are simply great and effective, I have used them to clean specially my iPad and it does a great job. I strongly recommend it.""
"20111106","5.0","more for your money","This is in all respects the same product for which people unaccountably pay $5 per wipe.Fine microfiber cloths are excellent wipes for high quality multicoated optics. I just ordered my second dozen because I was so pleased with these.If this seller offered the product in lots of $50, I would likely buy them that way.""
"20111001","5.0","A great deal.","These are high quality and great for fine cleaning. I was very happy to find they were so well made. They are not small, but around 7 by 6 inches. They come individually packaged in a resealable plastic bag. I am impressed and delighted with them. Highly recommended.""
"20110925","5.0","High quality microfiber cloth","A pack of 12 black + 1 grey microfiber cloths individually wrapped in plastic. Good value for money. Good quality material, I use them for for watch crystals, my specs, computer screens and other scratch-prone surfaces!""
"20110921","5.0","(13 Piece Set) 12 Black Premium Microfiber Cleaning Cloths For Electronic Devices, Cell Phones, Digital Cameras, Lens, Tvs, Ipod","'Wow i can believe it very fast deliver and i really enjoy the microfiber cleaning cloths trust me guys these is a good deal just as the seller promised high quality microfiber i am planning to order more. no need to look anywhere else and my monitor is like new. i love it'""
"20110903","5.0","Nice value...","The cloths were promptly shipped and their thickness was superior to the other cloths I currently own. I think for the money these are a good value. I really like the fact that they are individually packaged, too.""
"20110823","5.0","Wow this is a bargain!  Lots of cloths - indivdually wrapped!","I switch these out for cleaning my glasses about once every 3 weeks, and I just picked up an SLR Camera (so I needed something for lenses).  I was just looking for some cheap cloths, and I was rather surprised with the quality of these.  Each cloth is unfolded and individually wrapped in a plastic slip-sleeve.  These are as as good (or better) than those I get from Wal-mart or from my optometrist as a promo with new glasses. For the price, pick up 2 sets... and you'll be set for a couple of years.""
