"20120604","3.0","4 in 1 camera lens kit","i love the lenses. they are super quality. i just dont like how they attach. i love the stand for the telephoto lens.""
"20120405","4.0","Iphone Camera Lens","The Telephoto Lens and the Tripod are amazing, they work incredible! But I have to say that the other two lenses, they wont fit in the same case as the Telephoto, they just come with a sticker that doesnt stick! Plus you don't want that thing on your phone all the time... Or , the instructions are not very clear, so maybe I did it wrong. But if what you really want is the big one, and they sell it separate, just buy that one with the Tripod! That, I can say its great!""
"20120321","4.0","Lots of fun for the price!","I'm a serious photographer who normally totes around a Canon EOS 5D Mark II and a bag full of lenses and accessories, but the quality of my iPhone4 photos makes taking them irresistable. The lenses add to the fun. If I were engineering this, I would permanently mount the magnets to the lenses and phone back because I don't think the adhesive strips are going to last long. By far my favorite is the fisheye lens. (If I had it to do all over again I'd purchase the 3-in-1 lens kit because I'm not sure how much value I'll get out of the telephoto lens or the tripod. But, you never know...) If you have the money and it's burning a hole in your pocket, AND you love iPhone photography, go for it. You'll get a lot of enjoyment from your purchase.""
"20120314","5.0","Excellent Product and Shipping","This product was exactly as it was represented on the ad. I was buying it for my boyfriend who is a photographer and he was unbelievable impressed at the kits' versatitiliy. The shipping was right on time, which was awesome because I was buying it for him for Valentine's day. Overall great experience from this retailer.""
"20120303","3.0","Glue did not hold.  Lens should be screw type too","Good for the money.  The ring did not glue or attach well.  Now what do i do?The telephoto had a good screw type attachment that was the reason for 3 stars.""
"20120222","4.0","Very satisfied after a little modification.","All in all, I am very satisfied with these lenses.  I would like to address the issues from the reviewers that gave this product an unjust poor rating, so that you will not have to deal with these issues:* The metal ring covers the flash on the iPhone 4 and newer models - If you use the ring with the notch cut out of it, it will not cover the flash.* The ring won't stick to the phone - I used a very strong glue (Gorilla glue) to glue the ring to the plastic case that the Black Telephoto Lens attaches to.  This way you do not mess with the finish of your iPhone and the ring glued to the Telephoto case does not interfere with the use of the telephoto lens.* I only got 3 lenses, not 4! - HINT, the Wide Angle lens UNSCREWS and the smaller lens is your MACRO LENS, now you have 4 lenses!* Completely useless - well as they say about some people, you can't fix stupid.I am giving this product only 4 stars because of the issue of the rings not sticking to the phone as well as they should.  They should have been glued into the Telephoto Lens case originally.""
"20120221","1.0","Problem Seller, so BEWARE!!","I should have listened to other reviewers and their complaints, but I didn't so I'm learning the hard way.  Only 3 of the 4 lenses came, and the only option provided to me is to send back and reorder and hope for better outcome, but based upon other reviews this seems a chronic problem, so next I could get fewer or damaged lenses.  The lenses look fun, but they are very cheaply made, the rings don't stick well, and you also have to turn your flash off in order get a picture that is not destroyed by the flash.  My biggest complaint is NOT having gotten all 4 lenses and being in a growing list of customers with the same complaint.  If your thinking about buying this item...BEWARE!!!!""
"20120215","5.0","Top Notch","I love this product, the little camera len's attach so easy!The case & the little tripod are so easy to use. I'm taking themon my 1st trip out of town. I can't wait to use them there!Thanks, barry""
"20120213","3.0","could be better","lenses work as advertised.  metel ring to which the lense is held magneticly to need better glue already lost one and you only get one per lens.  overall i'd say this is a good product for once-in-a-while use as i purchased it for. fish eye lense is great fun with kids (and men)""
"20120201","4.0","Iphone  lenses","I order one set for me and another for my brother for Christmas.  They work as advertised, just take a little to get it right.  I definitely recommend.""
"20120124","4.0","Nice lenses","The lenses and tripod are very nice and good quality. The problem is, to use them you need to affix a little metal ring over your camera lense. The ring is stuck in place with some stickum on the back of the ring and then the magnetic ring on the back of the lense adheres to the ring. The stickum is not very good as when you attempt to remove the lense the ring usually comes with it.""
"20120120","1.0","Tripod is JUNK","I bought this for a Christmas present and received on time.We gently opened the tripod legs and one snapped off - looks like the hinge is made of really cheap white metal and nothing but junk.I asked for a return from Amazon and get a label from Amazon but decided to return to the merchant instead. Package shipped by Priority mail on 1/6/12 and received by the merchant on 01/09/12 3:19pm. Emailed merchant on 1/18 asking status. Was told they received the return but could not give me a refund because it has 'We already get your return ,but the item is artificial defect.We can't do the refund for you .' with no explanation as to what this means.Will never buy from this merchant again and recommend no one else does either. We expected an email immediately on receipt of the return with a prompt refund. So far have gotten neither.""
"20120119","1.0","Not Impressed","If I could I would not give this product 1 star! It was Suppose to arrive on December 24th.We received the product after Christmas.. The quality is definitely not worth the price. Very POOR QUALITY!""
"20120115","1.0","Useless","Completely uselessThis product does not work at allDo not buy itThe iPhone does not work with these lenses""
"20120114","5.0","really enhances the iphone camera!","This product is really cool.  It allows for terrific pictures and turns the iphone into a versatile camera! Good purchase!""
"20120114","4.0","I don't know why I have no option to contact the seller??","everything arrived on time and works great, but would have loved it if the telephoto lens came with a manual? I'm just guessing at how the settings work. :( even in bad english (as some people comment) would be better than none at all""
"20120113","2.0","Inadequate mounting for small lenses","The product is cheap. The lens mounting component is not adequate for use. The telephoto lens is really cheap. Amazon is requiring me to write more in order to submit this review.""
"20120112","1.0","What you see is NOT what you get","What I ordered was a 4-in-1 camera lens kit. This was supposed to have a telephoto, fish eye, wide angle and macro lenses.What I got was a telephoto lens. Period.The merchant did not respond to my inquiry, so I had to go through Amazon customer service, who handled the problem well, but I shouldn't have had to go there in the first place.""
"20120112","1.0","Not worth a penny!","These lenses might fit some phone, but not the iphone4...stick on adapter covers the flash and may or may not stick...the smaller lens may have some merit. It looks good and sounds good until you see it...""
"20120109","1.0","Buyers Beware!","This product is poor in design. One of the lenses covers the flash, and the others are cumbersome to attach. I opted for a return, and the seller charged a 20% 'restocking' fee. This was not made clear before the purchase so I emailed the company. I received no response. Terrible customer service, to say the least. Don't waste your time or money!""
"20120107","5.0",":)","HELLO SORRY NOT A VERY HAPPY CUSTMER AT ALL ONLT RECIEVED 2 pieces of my order paid full can not  get anyone to respond to emails ..... Don't buy from them at all just awful !""
"20120104","1.0","Bad Service","I have received my order a week ago. I haven't gotten all the lens to this order and my lens were damage and defective when I got it. I'm still waiting for the company to accommodate me but they fail to do so. Ordering this product comes with bad quality service.""
"20111231","3.0","Neat features, but","The telephoto and fish eye, are cool attachements. Simple set and your ready. It would be nice not to have to change to the hard case for the tele, but small inconvenience. However, the micro and close up lens did not ship with order and have to contact seller regarding missing peices.The fish eye makes great interesting photos from an I Phone.""
"20111230","1.0","Items good but delivery bad.. only half came!","Only 2 of the 4 lenses were delivered. I hope the rest come soon. The big lens is works but is not very practical (no one would really carry it around to use it but the other metal lenses are sweet! and they can easily be put in a purse or backpack so you can use them when you need to.""
"20111230","1.0","Lynn's review","Finally received this item from the seller on Christmas Eve...after ordering it on December 11.  Product is not even worth a nickel, much less $56.  My son gives it a big thumbs down...save your money and just buy a point and shoot camera instead!""
"20111229","5.0","Lens Kit for iPhone","My future daughter-in-law asked for this for Christmas, and I know she'll love it! She already takes crazy pictures with her phone and soon as the hetic holidays are over, she'll be sure to check them all out""
"20111227","1.0","does not attach","Its does not work. The lenses are good, but the ring keeps on falling and it does not stick to my iPhone 4s. Lost my money. DON'T BUY""
"20111227","4.0","Fun and it works","This is a great gift for your techno geek.  The telephoto lens is incorporate into a iphone cover that has a threaded lens attachment. The lens then screws into this cover. This makes it very stable. The wide angle lens attaches by first attaching a adhesive metal washer-like ring.  The lens then sticks magnetically  to this ring.Overall, the pictures are great.  Don't expect it to replace you high end SLR.""
"20111226","3.0","Just adequate lenses","Tripod included is nice as a stand for the iphone4.  Telephoto lens needs it for stability - don't try to take a picture with the lens on while walking or moving.  Instructions are very difficult to decipher and written by someone with only a marginal understanding of English.  Macro and wide angle lenses appear to be ok.""
"20111219","4.0","Nice. Does what it says","This is a cool little kit and a nice thing to have. Zoom lens works great. the other ones can be kinda hard to line up but not terribly. You do have to be very stable when shooting with the zoom. I would have prefered a little more zoom, but not bad for the cost.""
"20111205","5.0","Good value kit","Have tried all the fittings an image quality is generally good. Rather than sticking the magnetic ring to my iPhone, I stuck it to the black cover/telephoto lens mount that comes with it. Even with the extra distance to the lens, there is not a noticeable effect on the image quality. This kit would be fantastic for iPhone 4sand its 8 MP camera.""
"20111114","5.0","Great fun at a decent price","I am very happy with this set of lenses and mount.The wide angle, fisheye, and macro lens work great. Better quality than I expected for the price. The kit came with several metal rings to attach the magnetic lenses to, about half had cut outs to accomodate the iPhone flash. The metal ring fits fine on my phone case.The magnetic lenses hold fairly firmly to the ring, but I would not shake or jostle the phone too hard or the lens my come off.The telephoto zooms in about as much as my iPhone's digital zoom, but using the telephoto with the iPhone zoomed all the way out provides a better image. It is the cheapest built lens of the group, but works pretty good.The phone tripod mount is simple and versatile.  The tripod is tiny and may tilt over with the telephoto lens attached, but it did not in my quick test.My only small complaint is that all the parts cannot fit in the travel bag included.I feel I got a lot for the price.Seller shipped quickly and all arrived in perfect shape.""
"20110926","5.0","amaze fisheye and macro lens","I've purchased it and really happy with the quality of fisheye, and macro lens. The ring covers the flash but I don't use it much.Brainydeal ship it quick and support me much. thanks""
"20110916","5.0","iPhone 4 camera lens kit","Purchased this for my son.  He's thrilled with the options it gives him using his iPhone camera.  Reasonably priced, well-packaged, and it arrived exactly on time.  Highly recommended vendor.""
"20110816","4.0","Cool lens","This was a rare impulse buy for me.  I don't buy on a whim so I was nervous.I rated this a 4 star because the only way to use it with my iPhone 4 was to modify the stick on ring.  The ring covers the flash if you want the ring in the middle so the lens is centered.I ended up taking a pair of side cutters and cutting a small section out of the ring.  I stuck it on and it works great and does not impede the flash.Just keep in mind that the flash is still blocked when you use the lens but will not be blocked without the lens.  I use my phone's flash a lot for a flashlight so it was important that it was not blocked.Otherwise these are great little lens that can enhance your picture taking with a phone.""
