"20120523","5.0","Perfect fit!","I bought this for my 18-55 Canon lens. It fits perfectly with both caps. I like the material and the way you can close it. Great buy!""
"20120502","5.0","Works Great","Fits the Sony NEX-5N 18-55mm kit lens perfectly. Looks well made and holds the lens very securely. Drawstring and cord lock do the duty of sealing up your lens - works well. Was hoping the larger cousin to this one would fit my 55-210mm just as nicely, but is diameter is too wide. However, the extra small fits the E-Mount 18-55mm perfectly.""
"20120328","5.0","Fit Canon EF 35 F/2 perfectly","This fit the lens perfectly (without the lens hood) where it went in east but no extra room.  I guess I wish it would have been wide enough to fit the lens hood too but other than that it is a good fit and my initial impression of the materiel is good.  I store my lenses inside a bag so I doubt I'll ever test the amount of protection it provides.""
"20120229","5.0","nice case","love this case for the price.this case fits my lens securely and is easy to remove lens from the case.""
"20120202","5.0","Perfect for NEX lenses","I was looking for some small pouches for my Sony Nex-5N lenses (E mount), but had trouble finding ones small enough that would fit my lenses snugly. This pouch does the trick -- it is decently padded and fits both my kit lens + hood (18-55mm) or my wide angle + fisheye (sel16f28 + vcl-ecf1) with no wasted room.The only con is that I would be wary of dropping this pouch on a hard surface since the neoprene is slightly on the thin side. If you plan on carrying it on your belt and may drop it from time to time, I would prefer a hard case over a neoprene case. However, for my purposes, which is to throw the lens into a backpack for hiking, this pouch is perfect!""
"20111207","4.0","Nice lens pouch","Bought this for the kit lens that came with a DMC-G3 Lumix. It just barely fits the lens. An extra quarter-inch in length would make it perfect.""
