"20120601","1.0","cute, but it didnt work for me :(","The product was cute and we were hopeful. But it didnt work. Water barely made it in. The plastic snaps didnt appear to be a quality they kept sliding.Making it difficult to close. Fit was perfect for my camera, I was sad it didnt work it would have been wonderful.""
"20120511","1.0","Not that great","The closure wasn't nearly as good as it could be and the size would only fit the smallest cameras. It would be OK for rainy or misty situations but not for heavy splashing or submerging.""
"20120421","4.0","Great for diving","Take this diving with my Fiji fine pix camera. Works great snorkeling but even better at depth. Have to work with camera location in bag to get black lens part out of view. Not really a problem at depths greater than 20'. mine does appear to have slight mfg defect but hasn't leaked. Haven't contacted seller on it. Thinking about getting another for my hubbies camera!""
"20120411","4.0","Very pleased.","I was a bit nervous plunging my camera underwater in this bag (or any bag!)... but was very very happy with this product. Water tight! Worked great! I only sent it down about 10-15 feet - although it says it is good to 20 meters (I didn't test that depth).Used with Canon PowerShot SD1100IS (Compact camera) - There is plenty of extra space for a bit larger camera (see dimensions).PROS: Light, easy to use, inexpensive, extras in the package (cleaning cloth, clip, elastic wrist/arm band), photos turned out excellent (on auto - no flash, underwater, and movie settings), bag is very flexible - allowed me to change my camera settings (my camera has a slider between movie/photo/play), keeps water out!CONS: Easily scratched lens area, camera can shift around inside bag (I added 'stuffing' to position the camera better), working with a bag around a camera takes a little extra effort and can be a little awkward (nothing you can't quickly get used to, though). The manual has been translated from a foreign language (not very well), however, the manual is really unnecessary - use of product is self-explanatory.TIPS: Rinse (outside) of bag after each use - blot dry (to avoid 'spots' drying on the lens). Remove camera after each use. Open bag to air-out or condensation will accumulate inside. Add foam 'stuffing' around camera to help prevent camera shifting around and to help position camera lens in center of bag lens area. Squeeze out air, seal.Overall... I am very happy with this product and would recommend it!""
"20120328","4.0","Does what it says","The waterproof camera enclosure does exactly what it says it does.  It protects your camera underwater.  I used this on a recent trip to Guam, where I photographed some reefs in Tumon Bay.  The photos were taken at a camera depth of around 4 or 5 feet.  I had no water leaking in the pouch and the shots were just what I expected.  On a few shots the lens area got in the way of the shot so I had some black around the edge of the photo.  Not a big deal and easily cropped out.  Some camera controls are difficult to use (turn knobs) but that is expected given the type of pouch.  Overall it worked well and I recommend it as a cheap alternative to the expensive custom camera enclosures. My camera is a Canon Powershot  'Elph' 850is and it fit nicely.Kit included a pouch, a clip, and cleaning cloth.  The clip was very useful as I clipped the long string to my bathing suit and was able to let the enclosure float behind me as I was swimming back and had rough waves hitting me.""
"20120327","1.0","Don't buy","I used this on my camera at a depth of about 3 feet for just a couple of pictures and there was enough moisture inside that my camera stopped working and I had to let it dry out.  I am not sure if it was water that got in the pouch, I think it was condensation, but it was a lot.""
"20120306","1.0","HORRIBLE!","I bought this based on the previous reviews, and was EXTREMELY disappointed! My Nikon coolpix fit perfectly, and there were no leaks. But the plastic that covers the lens was wavy and all of our pictures came out distorted. It looked like we were looking at funhouse mirrors. Don't waste your money!""
"20120228","3.0","Not sure about this pouch for underwater...","I just got this case and I havent used it underwater long, I submerged it in the sink with a tissue in it as I didnt want to chance my nice camera, and when i took out the tissue it had a small wet spot, although I was holding it under water and squashing it, maybe that is why it leaked, I recommend testing out your case before placing an expensive camera in it.""
"20120124","5.0","Great Value","I used this case in both in the pool and at the beach. No accidents whatsoever. The pictures turn out way better than the disposable cameras. Definitely worth it!""
"20120111","4.0","great for the price","I used this case while scuba diving and the camera did not get wet. The only complaints i had where that the lens did not fit exact into the pouch so I had to keep readjusting it. Also, it would sweat so I would have to take it out of the case immediately after. But I would recommend it and I will use it again when the next opportunity presents itself.""
"20111109","5.0","very cool","This product allowed my husband and I to use our regular camera under water while on a cruise. My sony cybershot fit perfectly, and my pictures came out great. Only suggestion, don't use the flash. It reflects off of the plastic and doesn't turn out quite right. But in the carribean the water is clear enough for good pics!""
