"20120612","5.0","Phototaker","This lense is an excellent addition to your nex7 or other nex camera.  I have taken this lense to the zoo multiple times and with stabilization on got some incredible pics. In NYC the other day I was able to get a pretty clear shot of the statue of liberty from the top of 30 rock, pretty impressive capabilities.""
"20120610","4.0","Good lens... lacks sharpness at high end","This is a very good, compact lightweight lens for my Nex 5N. Also cozy feel and good looking. Great for outdoor/portrait. Nice stabilization too. At the dark side - this lens is not sharp wide open at the tele end. If you zoom more that 150mm or so then you have to step down the aperture and the image quality is so so. This is 210mm in APS-C so you can expect it to work as good as a 350mm full frame. But in reality it doesn't. If you plan to take nice bird or animal picture it is not the lens for you (probably nex series is not for you) but if you plan to take picture for normal outdoor or some long range portrait - its perfect.""
"20120602","5.0","Great lens, great price","I originally got this to just try and see how I liked it, but once I started using it I loved it and kept it.  For $350 you just can't go wrong.  It's nice and sharp and gets you close to the action!""
"20120523","5.0","Great Image Quality-Get It!","I love this lens. I returned the 75300 because the images were not very clear. This lens is great! Even though this lens has only 55mm-210mm it is much better quality to shoot at 210mm and crop to the 300mm with much better results than the 75300. Also this lens has auto focus and manual focus so best of both worlds. I can't believe the difference in quality because this lens is not very expensive. Highly recommend!""
"20120511","5.0","Sharp!","Photos are very clear. Nice companion to the 18x55. Small body works well with Sony nex5n. Lense focus is smooth and fast. It's a great low priced lense""
"20120504","3.0","Good price, but overall a soft lens","For the price, this seems like a good value, especially when compared to the 18-200mm lens for the NEX systems. However, at the longer zooms, IQ on this lens seems to be quite a bit softer than the more expensive 18-200mm. If you have the money to invest in the 18-200, I'd recommend that over this lens but this lens is a good value if you stay under 185mm for most of your shots.""
"20120428","5.0","I love it!","I bought my SONY NEX5N in March and could not wait to add more lenses to my collection, today I purchased the 55-210mm lens at a local electronics store. As soon as I returned home, I immediately began to take pictures. The lens is totally silent when zooming in/out. The pictures were beautiful. There were no problems 'focusing'. I took pictures of my garden from inside my home, and I also took pictures of birds in trees, and things on other streets, all from my front step! I think this lens is great and I highly recommend it to anyone who wants a new lens for their Sony camera.""
"20120425","4.0","Good lens compared to the alternative.","Overall I think it's a good lens for what it's intended to do. The NEX series as a whole is meant to bridge between point and shoot's and DSLR's and feed people who are just getting into photography. I fall into that category.Pros: It is a lot cheaper than the other zoom lens offered by Sony. So far I've used it for closeups on wildlife and better shots at a baseball game. It works well for both of these, and the image stabilization that my NEX 5 offers kept the images nice and clear. While it is fairly large compared to the body on the NEX 5 it doesn't unbalance the camera overall. It also has a very solid feel and fits snugly with the camera.Cons: While it doesn't unbalance the camera it is a lot longer. I can still one hand the camera, but it's not like the 18-55mm, and if it's zoomed in the image stabilization won't compensate, two hands is always the best with this lens. The F stop on the lens is a little high, so low light conditions are going to be a little problematic, but I didn't have too many problems at a night Cards vs. Cubs game.It's a good lens, and maybe I'm just being picky and keeping it from getting a 5 star rating. It does fulfill all the needs that I require of it, just not as well as I would like.""
"20120421","5.0","Fabulous lens.  Extremely sharp and functions perfectly.","I love this lens. It is a joy to use and the photos are extremely clear even at the maximum focal length.  The lens is slow (F4.5-6.3) but one can deal with that with a camera like the Sony Nex 5N that handles higher iso levels with little noise.  Extremely quite when the xoom is operating so videos are largely free of xoom noise. Perfect combo with the kit lens (18-55mm).""
"20120416","4.0","Good quality lens","For those wishing to add range from the 18-55mm kit lens this is a great option. It is relatively light and compact for this type of lens, as you'd expect for the NEX system, but still offers good image quality. It is better (and faster) than the kit lens at 55mm, and still good at 210mm. While you can get the 18-200mm lens to have all in one, I think this lens is a better option as it is much cheaper and lighter, which fits well with the NEX range. I highly recommend it.""
"20120401","4.0","Not bad out door","Not bad out door, but indoor not so good.  I would recommend this lens anytime. Taking pictures of two kids under 5 years old, the nex 7 and this lens auto focus can not keep up.  But I still believe this lens is a must have.""
"20120306","5.0","A modern lens for modern times","Modern design and production techniques have made it possible to mass market complex, automated lenses like the Sony E 55-210. But, can a modern consumer lens compete with an old legend? Gots to have a test...I have a 40 year-old Leica Elmar-C 90mm, off of the 'entry level' compact Leica CL of the day. And while it is old, nothing is really all that new in the actual optics, especially in this focal range. Even the coatings were just fine then. It is a heavy little sucker, made of glass and brass, and nearly the same weight as the far bigger Sony.Nothing like the Big Sur coast for photos of rocks and water. Perched on a rock above a cove where the ancients once gathered abalone, I shot away with all of my lenses and my newly arrived Nex-7 from Amazon. Yay! Not a horrible way to spend an almost 75 degree sunny day in early March.After downloading and enlarging the results at 100% it was evident that at 90mm the Sony was just a hair less sharp in the center than the Leica. At the edges, the Leica was clearly superior. Wow! To me that is both a testament both how good Leica was making entry level lenses 40 years ago and how an affordable, automated zoom can compete with a quality prime lens at the length and sunny lighting conditions that the Leica was optimized to work at! Awesome.I believe that even a laboratory sort of test would find the same results. It was pretty clear in a real world sort of way.And, in the real world the Sony goes way beyond what any prime can do. You can zoom in and fill the frame, avoiding cropping. This will equalize the sharpness factor in many cases. It can focus automatically, has optical stabilization so that even the longest telephoto shots are sharp. It can be hand-held and allows for high shutter speeds, an aid to sharpness in itself of course. It is capable of fully being controlled by the camera and in essence becomes one with the camera in a way that is different than the past when you manually operated your camera, then manually operated whatever brand lens was on it.In video mode it tracked a big buzzard as it flew by. It focused well on waves coming at me, with the sun glaring from directly behind them.It worked well with a 49mm polarizing filter.The manual focusing is very smooth and precise, with a decent feel to it. It is a very good looking design, again modern in look as well, but the turned aluminum parts are more likely to be scratched than the rubbery, plasticy lenses on my old Nikon D40. I really need to get a decent little divided case. You can't just throw these new Sony lenses into a pile.In the end, this is a quality, useful and well-priced lens, one I will always have with me when I go shooting around. You can get good results with the old technology, but modern lenses like this, mated to the cameras they were designed to work with, are just another thing altogether. The five-star rating reflects the value and utility of this excellent lens.""
"20120213","5.0","Quite pleased","Being accustomed to pro-level gear, I bought this consumer-grade lens with some trepidation, but it really delivers the goods on my NEX 5N. Sharpness is excellent at the shorter focal lengths and very good at the longer. Chromatic aberrations are present but well controlled (shoot in JPEG with auto-correct on and you won't see them). Barrel/pincushion distortion is a little high at some focal lengths but nothing that can't be dealt with (and again, shoot in JPEG with auto-correct, and you won't notice anything). Flare resistance is excellent! I have pro glass that flares worse. The OSS works very well, I can hand hold at unexpectedly low shutter speeds. Build quality is also a pleasant surprise, yes, there is plenty of plastic but the crucial parts are metal. Zooming and focusing are very smooth and there is a quality feel to the lens. Yet, it is lightweight. It makes a nice, compact and lightweight kit with the NEX 5N and the 18-55mm zoom. I think it is a well-priced and decent quality lens with lots of capability.""
"20120212","3.0","Light and Faster than 18-200mm","SONY SEL18200 E-mount 18-200mm was my telephoto zoom lens, and it's very heavy making me feeling like to carry pervious Nikon DSLR when it plugging on NEX5N.  After I received this E-mount 55-210mm len, I would say that SONY got the right point to create this len for working with 18-55mm kit lens.1. Lighter, it's the most key point to use NEX5N instead of tranditional DSLR.2. Faster, auto focus is faster than SEL18200.3. Cheaper, the price is reasonable.4. Easier to carry, LCS-X20 can handle NEX5N mounted 18-55mm kit lens and this E55-210mm together.-------------------------------------------------------------------------------Update 3/6/2012Found internal dust inside the len after taking less than 50 pictures.  I called SONY and they arrange me RMA.1. They asked me to pay for the shipping, so I have to talk to the customer service to discuss for SONY taking the responbility for the shipping.2. They charged me $82 for labor of the DOA product and their on-line customer serivce cannot do any thing, but asked me to call their customer relationship department.Good concept and idea for NEX e mount product, but super bad customer service and unreasonable charges again and again.So, I would like to change review to 3 stars...... Because you will have nice idea product with poor customer serivce.""
"20120123","5.0","Great lens","I purchased this lens with some trepidation since i was unsure of its performance.  Was I surprised!  This is one of the best lenses I own and I do own two Sony-Zeiss lenses.  Its performance is outstanding.  It delivers very sharp images and exceptional contrast and color.  It's a bit long when mounted on my NEX-5 but handles quite well.  I use it on the NEX when I am carrying my A850 with the 24-70 Zeiss.  This gives me coverage out to 310 mm.""
"20120115","4.0","Works with Sony NEX-3 (first version)","For those who were asking if this lens is compatible with the first Nex-3 version.. answer is yes.... in regards of the product; it is almost everything I expected; it is not that heavy (overall I would say), size is good, looks super cool in the camera and very well manufactured; also the auto focus is good and works with every feature my camera has (or at least all I know so far)... the only reason why I didn't give it 5 start was because the zoom did not blow my mind; I was expecting closer zooms, but anyway and overall is a great product and totally recommend it..""
"20120113","5.0","A Sweet Tele","I had some apprehensions as to whether or not this lens would satisfy my sharpness desires. Whether or not I got a good copy all I can say is it is a superb little lens. I say little as I've been used to DSLR telephoto lenses and this is so much easier to cart around. It is considerably smaller in diameter and length but the build is solid as a rock reassuring milled aluminum and grippy rubber. Very precise and smooth extension as well. A great balance on a NEX-5N to be sure. Sharpness on my copy is very comparable to a Canon mid level lens but most thankfully sharpness is equally excellent across it's ENTIRE range even at 210mm which is rare in a tele. Usually they are compromised at the long end. The OSS is nothing short of stunning as I am a shaky shooter and it sure saves the day hand holding. I can't recommend this lens MORE highly. It is so nicely priced as well.""
"20120109","5.0","Best Happy end of year 2011.","If Sony don't invention this lens lightw.smooth shuttle,more sturdy pix.(compare w.last zoom lens and another brand are rustic,ugly, heavyw.look like adapter w, Sigma,cannon zoom lens) for amateur like me it'll conceivably model encounter by gone..but after Bought this lens I go back happy as couple years ago I took new Nex on hand,now more convenience goods more pretty nice,more enhancement value.""
"20120106","5.0","Great lens for the Nex Series...","I bought this lens for my wife's Sony Nex 5, I really wanted a reasonable zoom lens that would work with the Nex Series cameras that wouldn't cost me an arm and a leg, as far as lens go. This lens blew me out of the water on how well it auto-focused, how quiet it was during focusing, and the crispness of the pictures. No need for adapters, this is a great lens built for the Nex series cameras.I am not a technical photographer, so I won't be able to provide a technical review of the lens. Just a novice photographer that doesn't want a DSLR camera.I love this option for a camera, detachable lens that provide you with a wide range of options; depending on how/what you want to shoot. I've only had this particular lens for about a week. We took it on our annual trip to Disneyland, we had a blast with this lens. I believe we will post another review once we're able to take on a true trip and am able to really get used to the lens. Currently practicing with F-stop and apperture...All in all, if you're looking for a light, very well built zoom lens for a Sony Nex camera, this is the lens for you.""
"20111213","4.0","Sony E 55-210 lens for NEX, good purchase","I recently bought the Sony E 55-210mm lens and am completely satisfied with it. I already had de 16mm and the 22-55mm but I needed a bigger one. It works very nice, the zooming is perfect and for videos it works silently as well. It is very recommendable. Is a pity Sony haven't made a bigger yet. A 300 or 400mm would be terrific for the NEX users.""
"20111207","5.0","Incredible","This lens is a fenominal deal. It is excellent quality and arrived very fast and well packed. I am extremely impressed with this item.""
"20111205","4.0","image quality and light weight strong suit","It's a variable aperature zoom at F4.5 - F6.3 lensit's workable in bright conditions really due to it's f-stop ratings, in low light you'll need to bump the ISO sensitivity with the expense of loss of quality or what I would suggest is to add a flash.It's the only native e-mount telephoto at the moment so there's no other choice.build quality is top notch, magnesium and rubber zoom and focus rings, it's lightweight and silent. The color signature is same as the kit 18-55mm lens.I'll continue to test it in various situations but so far I'm very pleased with images I've taken from 55-170mm paired with my Sony Nex 5N, the optical stabilization works and the zoom lens does not creep. Looks like a bazooka on the small body, some may not like it, but it's functional. ;)""
"20111204","4.0","SEL55210","I always wanted a zoom lens for my NEX5 which was incomlete without one.I however did few try's on the substitutes or 3rd party one's but did not have that satisfaction or confidence in investing on the lens.I wanted to try my luck with this one which is a bit more expensive than sigma or tameron lenses of this kinds..First feel it is a damn neat and decent ones..got few pictures on the sunlight and seemed extremly nice..however had to work a bit on low lighting.The only compromise is its rubber finish compared to metal finish on SEl1855On the whole NEX is incomplete without this lens... :)""
"20111117","4.0","preferred choice over the 18-200","I tried the 18-200 lens from Sony for the NEX. It's a good lens, quick, but it has a major drawback: too heavy.So I ordered this one 55-210, and I'm pretty happy with my choice.It's light, well balanced, and you can use the camera without holding the lens.And furthermore, it's the same diameter (49mm) as the 16f2.8 and the 18-55, so it's compatible with my polarized filter (opposite to the 18-200).Obviously the AF is not quick at 210mm, which may be bothersome for movie shooting, but it's still fully acceptable for me.Good choice, good value for money, I'm a happy customer.""
"20111107","5.0","Sony E 55-210mm F4.5-6.3 Lens","Sony E 55-210mm F4.5-6.3 Lens for Sony NEX Cameras was a welcome accessory that makes the NEX-5 camera complete. You need this lens to zoom in on the subject of your interest. (This lens, the Sony microphone, extra batteries and fast SDHC memory card are the other required accessories.""
"20111104","4.0","Yes","When this lens arrived I really did not realize it would be so compact ! Plenty of focal length in a small package , its  great to work with.  A similar focal range span in an SLR would be at least 3xthe sizeof this beauty.  The  movements are very smooth and , it is sharp.  The only negative thing I would add is that it was not available in black which I prefer.""
"20111031","5.0","Good OSS even at focal length 210mm","Took a few night shots at focal length 210mm, and found the excellent OSS reduced the requirement of a fast shutter speed. It is able to take sharp night time photos even with a shutter speed of 1/3~1/10 sec at ISO 800. However, if you are very picky about pixel qualities, at ISO 3200, I noticed its pixels are less satisfying than those made with SEL1855 kit lens, even in day time shooting. Stay with lower ISO, and you will be still able to take good night shots with the good OSS capability.""
"20111027","5.0","Sony E 55-210mm F4.5-6.3 Lens","This is one awesome lens for people who own a Sony NEX camera, good product for good price, NO TAX  and FREE SHIPPING""
"20111020","5.0","you cannot go wrong","I received this lens 1 day ago and did a quick test comparing it with a canon 100L and a canon 70-200 IS on 60d.To my surprise contrast, definition, IQ are very comparable if not identical (at same apertures, 4.5-5.6-6.3)Optical Steady Shot also works well, the smoker and coffee drinker that I am was able to go as low as 1/30 sec at the 210mm extremity.The zoom is very light, and balance is not that bad on the Nex5. It does extend at long range about 2' but you can still hold the camera by the grip and do not need to support the lens with the other hand if you want to do so.Focus is admittedly not that fast, but positive nonetheless (progressive in good light, no hesitation and going back and forth).Built is good (plasticky metal?), there is no indication (distance, OSS on/off) on the lens itself, except focal range.For all purpose, due to the limited choice on Nex mount, you cannot go wrong with that choice. I used a FD 50mm, FD 135mm and a FD 200mm  previously with an adapter but even the 135mm seems heavy and none of these obviously do AF.I was concerned mainly with the size of this zoom on the tiny Nex5 body more than anything and the IQ was a nice surprise (of course 4.5 - 6.3 is slow).Hope this will help in your decision because there are samples on the web but not any review yet.A pity that Nex7 is delayed and probably not available before months. This zoom will balance better on the slightly larger body of the Nex7.UPDATE 10/25/11: COMPARED TO CANON 70-200mm/4 ISSoon, experts will be testing this lens shooting  charts on tripods with elaborate measures, which will be good for all of us to know. I've compared it today with a 70-200/4 IS directly on the Sony Nex 5 body only to find out that for practical purposes my manual focusing (with peaking and 7x handheld) is poorer (and way slower) than the 55-210mm in many cases.When focus is manually nailed , at same aperture (6.3) there is no real difference I can notice (on screen display at actual pixels), except in color and exposure (for which you  can adjust). Definition on contrast are on par and i cannot be more happy with the Sony although I'll have to bear with the slow maximum aperture and kick up the ISO.(to keep my Canon at 6.3 on the Nex, I first set it on a Canon body, hold DOF button while dismounting it. Lens will hold that aperture when you mount it on the Nex adapter but that is a lot to bother with. I also have an adapter with built in aperture for Canon EF but I have no idea how this does or does not affect IQ, bokeh vs the aperture in the lens itself).UPDATE 11/3/11: COMPARED TO CONTAX G 90mm/2.8Color is different, looks more natural to me with the Contax G.Bokeh is different as well, more pleasing to me with the Contax G.Definition is also superior with the Contax, at 100% when peeping.The Sony zoom is behind but it is Optical Steady and AF.I would  prefer the Contax only when conditions are optimal, tripod, wide opening and time to manual focus (7x-14x) on a still subject. Convenience dictates the Sony otherwise (central AF. You can always tweak the color to your preference and there is no discernable difference in IQ at usual size display/print.In my particular case, I'll not be able to nail focus most of the time with the excellent Contax, and in outdoor/bright situations, I'll need to use a LCD Viewfinder to start with and not rely 'blindly' (pun intended) on the AF.UPDATE 5/3/12: COMPARED TO CANON FD 135mm/2.5 on Nex 7The Canon is about the same size but much heavier and you might as well to hold the combo with both hands because you'll have to focus manually! At the same aperture (5.6) IQ is better with the Sony zoom but the zoom does not have the shallow DOF at 2.5 of the prime. At 135mm magnification is bigger (focusing distance is closer) with the zoom so it compensates for DOF if your subject is small and if you can get closer. Also you can zoom in all the way to 210mm (at 6.3 though) if you want bigger magnification/shallower DOF.Convenience wise, there is no contest, the zoom is faster, easier to use and has better IQ at same aperture. Stabilization also helps indoor and negates the 2 stops advantage of the prime (i.e. you can handhold the zoom 5.6 and 1/30 sec or the prime at 2.5 and 1/125 sec). You can get the Canon 135mm for under $100 though (+ the $25 adapter for Nex)and it may be fun to to play with DOF at 2.5.UPDATE 5/3/12: COMPARED TO CANON FD 50mm/1.8 AND SONY E 50mm/1.8The Sony 50mm/1.8 ($300) is a worthwhile addition to this zoom IMO due to the almost 4 stops difference, better IQ at same 4.5 aperture and same convenience (OS and AF).The Canon prime is admittedly small and beats both of them at IQ with a small margin. It is also cheap to get (as well as all the standards 40-50mm out there you can use on a Nex with the proper adapter) If you don't mind manual focus one of these will complement your 55-210mm zoom for only some $50 and minimal extra weight/space in your bag.""
"20111019","5.0","Solidly built and does what it is supposed to do","Sorry this is not a jazzier review but as a total novice I don't really feel I can put this lens through its paces and give a great review. What I will say is as far as my limited knowledge on higher end photography this is a great lens. It is built extremely well in my eyes (I recently went out and took a look at some of the cheaper DSLRs thinking I may have made a poor choice with the NEX system but while handling these cameras and especially the cheap lenses I have decided it was the right move) and the few pics I've snapped look quite good to me. I bought the NEX-5N right when it came out and have been thrilled with the pics but was looking for more zoom. I started looking at getting some adapter and going with a different companies lens since the only tele from Sony at the time was the 18-200 for $800 bucks but was concerned about lack of auto-focus and possible damage due to the adapters not fitting well(something I have read more than once). Anyway I noticed the 55-210mm was coming out soon so that made me decide on this lens.Sorry I can't be more articulate about pros and cons on this lens but i'm sure quite soon there will be plenty of those reviews to check out.""
