"20120612","4.0","Good for the price","Pros:This lens can get VERY closeDoesnt require too much light.Crisp imagesGreat for the priceZooms a littleCons:The auto focus is REALLY slow and gets 'confused' easily. It will zoom in then out then in and be blurred if you are shooting something that is not macro, before it eventually focuses.Requires more light then my 50mm 1.8I have added some review photos to demonstrate.""
"20120607","4.0","worth every peny, but not for macro","This NIKKOR lens is really great, however, it's not that perfect for macro photography, but its performance otherwise, is more than great and i still recommend it, it really worth every penny""
"20120405","5.0","Nikon 40mm Micro NIKKOR Lens","I purchased this lens used, but it arrived in mint condition in its original packing. The lens is absolutely great to use and fills my need to photograph nature. The lens focuses with the Nikon quality, and the detail are terrific.""
"20120331","5.0","Wow!  This is My Favorite Lens","I'm an all around photographer whose interest is in photographing whatever captures my eye.  It could be portraits, landscapes, florals, art, and wildlife.  For the last year or so, I've been interested in getting a macro lens for my Nikon D7000.  I've read many reviews on the Nikkor 40mm Micro and decided to give it a try.  The price was within my budget.I ordered this lens two weeks ago and have been using it non-stop with wonderful results.  I've set aside my 18-200mm, 35mm, and 50mm lens. That's how good this 40mm lens is.I received this micro lens in time to capture the early Spring flowers.  This 40mm micro lens does a great job capturing close-ups of flowers and plants.  My pictures are coming out sharp and clear.  Do you hear a 'wow' from me?I have taken a close-up picture of my Citizen watch with no flash.  Another wow!  I've included a picture in the gallery.This lens also does a great job in capturing non-macro shots.  I've used this lens indoors with no flash and have captured some amazing low-light pictures.  Yep, another wow!There is no VR on this lens.  Not necessary to have as this lens is lightweight and with much practice, hand held shots are easy to take.  For low-light photography, I do recommend using a monopod or tripod with this lens.  Reality check:  you can only hand hold a camera for so long before you get some camera shake and resulting blurred pictures.  As I get older, I've come to the realization that I can no longer hold the camera perfectly still.For macro shots, I primarily shoot in Aperture mode.  I've found my sweet spot to be around f/4 and f/8.  For normal shots, I tend to switch between Program and Aperture modes.I use the included lens hood 100% of the time.  Within the first few hours of using this lens, I accidently bumped the front lens against the door.  Good thing I had my hood on.  Lesson well learned.Need proof?  I have posted two floral pictures (Pink dogwood and helleborous) along with the photo of my watch in the photo gallery.  Seeing is believing.This is a great fixed lens that does double duty for macro and normal shots.  I'm glad I trusted the reviews and my instinct and purchased this incredible lens.""
"20120314","5.0","Love this!","I was thrilled when this lens was released.  I don't use it as frequently as I would like, but I have not one single complaint.""
"20120312","5.0","Great 40mm 2.8G Micro!","I've only had this lens for two weeks and used it a few times.I do have the 105mm 2.8D Micro, but this is a great lens as it serves double duty. It gives me a good walkaround lens view and it doubles as a good macro! I don't worry about how close I get to plants or flowers with this lens at all. Also, because I'm closer to the subject my on camera flash does really well for lighting.Overall I'm very happy with the colors, sharpness and viewing angle of this lens. Also, it focuses quickly and has the focusing limiter switch as well.A keeper and twice as versatile than the 35mm 1.8G and the 50mm 1.8D.""
"20120309","5.0","Good alternative to the 35mm 1.8","Like many here I suspect I tripped across this lens when looking at the 35mm 1.8 option.  After reading the reviews I opted for this one.  I borrowed a friends 35mm 1.8 for purposes of comparison, and my main task was attempting to take close-up photos of my 9 month old daughter indoors and low light.  Overall I preferred this lens based solely on the quality of images I was getting.  I think the macro function is a big plus, and I didn't perceive any issues the auto-focus (although I mainly kept it in manual and moved around rather than trying to refocus in low light on a moving target).I guess my thinking is that this gives you almost everything you'd get out of the 35mm 1.8, but is more flexible.  The are comparably priced.  Also I've found it is generally easier to pick up a used 35mm cheap than this lens (or at least that is what I've seen on ebay).As with all Nikkor lenses I think the build quality and everything else is great.""
"20120303","5.0","Non-technical review written in plain language.","This lens has razor-sharp focus but it takes some practice if you turn off AF, which is necessary to get really close. The detail it captures is incredible.  I have generated some eye-candy that I am addicted to...it's that good.  It is a wonderful general use lens, too.  The overall appearance of the lens says quality.  I was really torn between the 35MM and the 40MM Macro and I am glad I got the 40MM.  Although, I cannot say why other that I am truly satisfied with my purchase decision.""
"20120227","5.0","by far my favorite lens right now","this lens is perfect.  its fast enough that i can use it inside my house where lighting is never perfect and i can take it out to my local greenhouse and get amazing macro shots.  i cannot say enough good things about this lens.  before owning this i bought the cheap macro filters that screw onto any lens and they were ok.  they served their purpose, but after having this lens, its totally different.  the filters only allow you to do macro shots, i'd have to take it off to do a regular shot and its not the case with this lens.""
"20120131","5.0","Best lens I've owned so far...","I've been a a photographer for 9 years so far, and I really loved my 50mm I owned. I didn't think any lens would out-do that lens. I was wrong. I bought this micro lens as my first micro lens to just play around with and do some fun macro work away from my business photography. Well, now I have used it at every since portrait shoot I've done since I bought the lens. This lens is SO much more sharp, colorful, and detailed than the 35mm 1.8 I own, and even the old 50 1.8 D i owned. The portraits it has produced, and also macro work it has produced, is STUNNING. I highly recommend this lens. And for the price? It is seriously a steal.""
"20120130","5.0","Excellent","I needed a little wider angle lens next to my 60mm macro. I compared both lenses by shooting a dollar bill and both images looked sharp.""
"20120129","4.0","A great macro lens for amateurs","This is generally a good lens for amateurs but it tends to be too soft.  Pictures at infinity are sharper and the lens is quite good for portraits.  Focus at macro level is very hard to achieve especially with multiple subjects.  Even a single small object which is irregular in shape will cause the lens to focus on the nearest point.  Otherwise, the lens takes great pictures and overall a great buy especially for amateurs.""
"20120122","4.0","Macro lens","First macro lens I've owned, I've took some great photos with it. Seems durable and the auto focus or manual focus options are great. My only complaint would be that it does not focus on things as closely as I would like sometimes.""
"20120118","5.0","excellent!","This product arrived super fast which was wonderful since I ordered it just a few days before Christmas.  Super service, thanks so much!  Highly recommended merchant!""
"20120107","5.0","Nikon 40mm f/2.8G AF-S DX Micro NIKKOR Lens for Nikon Digital SLR Cameras","I am always a little confused about writing these reviews; some believe that the review is on the delivery service of the vender, and others on the quality of the product. I am going to do both here, but since this review is about a brand named quality lens I will start with the delivery.I was excited when I ordered this and felt I couldn't wait for it to come in, and much to my surprise when I placed my order on Amazon, the vendor just happened to be offering free next day shipping, I ordered the lens late morning Friday and it came before noon Saturday, (yes, not only free next day shipping but free Saturday delivery as well) just as they promised, and in well padded packaging.As for the 'Nikon 40mm f/2.8G AF-S DX Micro NIKKOR Lens for Nikon Digital SLR Cameras' I first tested the lens on taking a picture of gold cross chain laid out on a page of my bible, and was impressed with the supper focus I was able to achive the ability to fine tune the depth of field (Selective focus)is impressive. you can realy get in close, the ability for this lens to achieve close up images is superb. I was able to fine tune it to limit the in focus section to just a part of the cross and a couple of lines of scripture.I later used it to take a close up picture of my daughter's eye while she was focusing on a picture of a rose from a computer screen and the reflective image of the rose in her eye came out great. I would recomemd this lens to anyone who wants to do macro photography.""
"20120104","5.0","This Is A Great Lens","Took it out of the box, let it warm up, and proceeded to shoot some the sharpest images ever to come out of my D7k.  Without post processing.  Thank you, Santa.  Thank you, Nikon.Update: A month + later, I love it more now that I've had a chance to use it--and I use it for everything.  Nikon really got it right with this one.""
"20111227","5.0","Nikon 40mm f/2.8G Micro Nikkor","Originally I was interested in the 35mm f/1.8 Nikkor lens that just came out when shortly afterward this lens was introduced and it suited my needed better. I read many reviews and was not bothered by the critism of fucusing too close since that would be a plus in the way I wanted to use this lens. I also own a Sigma 50mm f/2.8 macro lens which worked very well for me, I'm not entirely sure if one is better than the other, I give the Nikon the slight edge in optical quality. The Nikon is faster, lighter and quieter though, all qualities I like a great deal. Being aware of the close focusing critism I immediately started shooting close up shots to see if this would be a problem and it's not. Maybe if I were a pro macro shooter (I can be considered semi-pro) I might find this troublesome, but at this price I doubt anyone would argue that this lens is well worth the money.I had a specific use for this lens which most people wouldn't make use of (and is not worth trying to explain here), but as it turns out I find I'm keeping this lens on my camera for more than I would have expected. The light weight and speed, and compact size makes this a pleasure to carry around.The only negative I can come up with is that the autofocus can hunter around occasionally ( I experienced this with the Sigma as well). The autofocus can be confused when it encounters bright spots or transparent surfaces again I find this something of a non issue, I simply adjust my approach/settings and there is no problem. I gave this 5 stars based on quality vs. cost.As I wrote earlier - this lens is well worth the money.""
"20111221","5.0","40mm","The lens arrived fast came well packaged. Was exactly as described price was right. Just started using it too early for performance review .""
"20111218","5.0","Amazing Product","Went to Butterfly Pavilion in Westminister,Colorado. Took some stunning pics using this lense, not to forget used Ring Flash on my Nikon D 90 as well. Have posted my pics in amazon gallary. I found it little slow in focusing but it was manageable.. I own 35mm 1.8 as well and would rate this one more as it has Macro as well..So go for it guys..""
"20111217","5.0","Great lens!","I just got this lens and I really love it.  I needed a good mid-range lens for jewelry photography and this one fits the bill perfectly.  Sharpness is excellent with no perceivable distortion around the edges.  Focusing is smooth and consistent. This complements my other lenses for my D200 without breaking the bank.  My for use, the lack of VR on this lens is definitely not an issue.  We'll see when I use it for hand-held portraits.""
"20111130","5.0","My Nikon","This lens make me fill like a pro.  I have had more fun using this particular lens than the one that came with it.  The pictures I have taken with it have come out so clear and life like, can't wait to use it for my Christmas dinner with my family.  Will be taking a lot of photos especially close-ups.  Thanks to all the prior reviews, I believe I have the perfect lens for the exciting trips I plan to take useing it.""
"20111127","5.0","Great multi-purpose lens.","I bought my first slr, a D3100, in May and have been extremely happy with the kit lens. It's sharp, has accurate colors, versatile and can produce some really pleasing bokeh at times. Decided to get a prime and read reviews on the 35mm, 50mm and then stumbled upon this new lens.I decided against the 35mm because of it's issues with Chromatic Aberration (though I understand my camera should correct it automatically) and I saw a lot of pictures with really poor bokeh. Most people seem to rave about it but I felt uneasy and didn't want to end up disappointed. The 50mm really does appear to be a great lens but was going to be a little too close for a walk around all-purpose lens in my opinion. The initial response on the 40mm was almost unbelievable, plus I found solid reviews on Photozone (resolution test particularly), DigitalRevTv, Fro Knows Foto and by Ken Rockwell.This lens really is a jack-of-all-trades and possibly outstanding in some. Editing my first batch of pictures I instantly noticed I didn't need to increase the sharpness at all or at least not more than half as much as I was with the kit. I took photo's of the same object with both lenses and found that the colors on the 40mm are quite noticeably more vibrant, contrasty and saturated. The bokeh is so good with this lens also, I love it. Micro is another cool option and has been fun shooting flowers, food, coins, peppercorns and anything else you can imagine getting close to. I do enjoy shooting insects and don't expect to get within the 1/1 distance with most but have no reservations thinking this Spring will be nothing but amazing with the ones I can get 1 to 10 inches from because it's so sharp and really quite an upgrade over the kit in all respects but zoom. I have found a couple issues... I've shot a few sunsets and have noticed at f/2.8 there was noticeable falloff in the corners but step down and there really isn't any, none I could see at f/5.6 and I haven't noticed falloff in any of my general indoor/outdoor mostly closer subject shots or daytime landscapes at f/2.8. The only other minor annoyance is sometimes it will attempt to focus in the wrong direction and it does seem to take awhile to then cycle through and find focus, this can be easily fixed if you utilize the manual override and focus it close first yourself.Overall I am extremely happy with this lens. It is truly so very versatile and I have no problem finding a couple minor inconveniences when everything else it does so well. If you're itching to get a prime then do not hesitate to buy this lens.""
"20111125","5.0","The Real Deal","I recently purchased this lens. It is truly amazing.The quality of my photos with this lens is simply staggering. I encourage you to  consider adding this lens to your bag!""
"20111118","5.0","You could spend $2,000.00 and not get more","If you only bought one lens for a D7000 this would be it. The D7000 has more pixels per given area than any other Nikon and therefore demands the best glass. This lens stopped down to f4 gives the highest measurable sharpness that is possible. CA is extremely low. Contrast is amazing. Flare is well controlled. Colors are accurate and alive. Nature looks like nature and people look like people should.If an FX camera had 36MP and was sporting a Nikon 24-70mm f2.8 you might have a winner. But for now this fine lens and a D7000 give the most any DSLR can possiblty offer. Bokeh is amazing by the way.This lens and the nikon 50mm f1.8 are among the best Nikkor lenses and the price is a real deal maker.""
"20111103","5.0","Nikon 40 mm lens","This lens is terrific! It is reasonably priced, and does a very credible job shooting macros. It is small, which is a benefit and sharp. I am enjoying it very much!""
"20111005","5.0","Great for all around lens and good for Macro as well. Autofocus will also work with D40, D60, D3000, D3100, D5000, D5100 cameras","This Nikon 40mm f/2.8G AF-S DX Micro lens produces sharp pictures and great color and contrast. It is also perfect for portrait and many other general purposes. It's biggest feature I think is the macro capability (1:1) hence called Micro lens (Nikon terms for Macro lens). Overall, this is a very versatile lens. On a non full frame DSLR (such as D40, D40x, D60, D5000, D80, D90, D200, D300 etc), this 40mm focal length is equivalent to about 60mm which close to a normal lens which is 50mm (normal as to being close to a person eye viewing angle perspective).This lens should be able to replace the 35mm f/1.8 (with the extra macro flexibility) unless you are specifically using this for low light environment and would need the extra speed of the 35mm f/1.8 lens (and a second reason if you really need the extra 5mm wider angle).The biggest drawback for this macro lens is actually (and sort of ironically) when you need to do professional macro work, this lens is just ok (since at the closest distance which is about 50mm between the lens and the subject, and often block important lights to the subject. Additionally some subjects will not be easy to get too close to (insect, birds, butterfly, etc). Basically, more professional macro work, the 105mm or 200mm macro lenses would be a better choice/investment.Another drawback of this lens is as you focused closer (which is true for all macro lens), the lens becomes slower, and at the closest focus 35mm (1:1), the maximum aperture is f/4.2.This lens has AF-S feature which is auto focus system that is internal to the lens which means this lens auto-focus will also work on cameras that doesn't have internal auto-focus motor such as D40, D40x, D60, D3000, D3100, D5000 and D5100.This lens also has manual override on auto-focus mode (M/A mode), which will allow us to change the focus without having to change the mode to manual mode (this is pretty standard to most Nikon newer lenses but it's quite new for Nikon prime lens series)This lens doesn't have image stabilization (VR), but that is kind of expected as Nikon also doesn't include VR on their other prime lens (35mm and 50mm). It would certainly be nice to have VR (for longer exposure hand held operation, and for people with less stable photography technique) but it will probably increase the size, weight and cost of this lens.Here are the summary of pros and cons for this Nikon 40mm f/2.8G AF-S lens:Pros:1. AF-S (internal focus, and very silent. focus works on D40, D40x, D60, D3000, D3100, D5000 and D5100 cameras)2. M/A mode (manual focus override available on autofocus mode)3. Relatively fast lens (f/2.8), though not as fast as 35mm f/1.8 or 50mm f/1.84. Very sharp pictures5. Good for most macro shots6. Great for portrait7. Bokeh is good8. Great focal length (40mm). About 60mm equivalent which is close to a normal lensCons:1. Being prime lens, you need to move your feet a lot to adjust/compose2. No VR (VR will be useful for taking hand held shots on low light)3. Not designed for full frame cameras (FX or Film) where there will be significant light fall-off.4. Though it is a macro lens, it is not great for serious macro work and/or if it is done in low light (105mm or longer macro lens works a lot easier/better since you can be further away from the subject)5. As you focus closer, the lens slows down (the maximum aperture gets smaller, and at 1:1, the maximum aperture is f/4.2)Bottom line: This lens is very versatile and I think most people should be able to use this lens as all around lens (and also probably replace use the 35mm f/1.8 and 50mm f/1.8 unless speed is the essence). Being a macro lens, this 40mm f/2.8, will allow you to take most of the macro shots that you need (except when the light is low or when it is hard to get very close to the subject).Happy Photographing!Sidarta Tanu""
"20111003","5.0","Lense is great, but 1:1 magnification is hard","The lens works fine and photos are sharp wide open, but getting to 1:1 magnification with the short working distance is very difficult. As a jack of all trade alternative to the 35mm 1.8 it is a good choice, but I would opt for the 60mm micro (nanocoat) or 105 2.8 VR micro if you are looking to really get to 1:1 without bringing your own light.I ignored the advice about working distance due to the low cost, and kind of regret it because I now have a lense that is redundant to my 35mm 1.8 DX in most cases. I will end up purchasing twice and get the 105 2.8 VR.""
"20110928","5.0","Buy this instead of the 35mm f/1.8 DX","Many forum threads have pondered whether to choose the 40mm micro of the 35mm 1.8. I have owned both, used them extensively and can safely conclude that the 40mm micro/macro is the better all-around lens. It can do most the 35 can do, but offers the added bonus of macro and superior sharpness and resistance to chromatic aberration.Here are the pros of the 35mm 1.8- affordable prime lens- fast 1.8 aperture makes it potentially wonderful for indoor and low-light shots when flash is not available or permitted- extremely sharp if you get a good copy (I've owned two copies. One was tack sharp all the way down to f/1.8. The other had a lot of chromatic aberration and purple fringing wide open).- great starter lens for a photo classHere are the cons of the 35mm 1.8- purple fringing wide open- blurry wide open (what's the point of 1.8 if you can't use it?)- lens hood is way too small- build quality is plasticky (but this applies to 40mm micro as well)Here are the pros of the 40mm micro- A great lens for amateur food photography (at the actual restaurant/kitchen with actual food)- Nikon's most affordable macro lens- f/2.8 aperture is still very good for general photography- Macro feature works like a charm- Lens is lightweight enough that you can get away with handheld shots- 40mm focal length (60mm on full-frame) makes it good for product photography of larger objects- has focus limiter switch to disable macro and speed up autofocus- great manual focus feelHere are the cons of the 40mm micro- autofocus hunts more than a regular af-s lens- you're way too close to subject if you want 1:1 magnification (where 24mm wide object fills length of frame)- Max aperture is f/4.4 at 1:1, but that's normal for all macro lensesBecause both lenses produce the equivalent of 52/60mm on a film camera, neither is appropriate for head & shoulder portraits, unless you shoot in landscape orientation. Both are great for full body or waist-up portraits. I like shooting up close, so I think you can fit a maximum of two or three people in the shot with these lenses. I would go wider for group photos.Overall, though, I would choose the 40mm macro lens. It's sharper overall, focus is pretty fast (even when it hunts), and has the added value of close-focus/macro ability. Great for food & product photos.""
"20110927","5.0","Great Bang for the Buck","This is a great lens.  I do mostly toy photography and needed something for up close shots.  This lens is fast and highly detailed.  I have used it over the past week or so as a walk around lens and got some great shots.  Crisp and clear, it makes my 18-70 nikkor look like a toy.  Sometimes it takes  a bit of work to focus but most of the time it is fast and dead on.  Since I shoot mainly in by basement light is always a problem and the 2.8 gives it enough light to get the shot 9 out of every 10 times.  I find myself not wanting to take this lens off the camera at all.  If you are looking for a good fast Prime that can double as a Macro, this would be a great choice.""
"20110927","5.0","Nikon 40mm","I really like this lens! It gives good bokens and really clear shots. I would recommend this to a friend. I use the nikon 40mm for portrait pictures also.""
"20110906","5.0","Buy and enjoy","Purchased this lens for my wife to use on her D3100 camera. She has beautiful indoor and outdoor plants. The very first pictures she has taken are stunning. Her new hobby has now taken on a whole new level of fun. I can't wait to see the Christmas cards she'll create this year. Can't say enough good things about this Nikon offering. Maybe one day she'll let me take it for a spin on my D60 !! On second thought, maybe I'd better just buy one for myself !! A great piece of glass for the money.""
"20110904","5.0","Macro on a budget","I purchased this at the local camera store.  I have to say for the price this lens is great. I have it mounted on a Nikon D7000 and have produced some stunning macro shots. I can't believe the clarity with the lens only inches away from the subject. Also takes great portrait and landscape shots. I am well pleased with this recent offering from Nikon; they truly make great lenses.""
"20110901","5.0","Excellent alternative to 35mm slide scanning","This lens used in conjunction with the Nikon ES-1 35mm slide mount makes perfect copies of 35mm slides on Nikon DX camera's. Takes great sharp pics, feels well built as expected from Nikon and the price is great.""
"20110830","5.0","Affordable all-purpose prime Micro Nikkor lens for Nikon DX DSLRs","The AF-S micro nikkor 40mm f2.8G is moderately fast or bright, contrasty and extremely sharp lens,just like all its siblings in the Nikkor Micro (Macro for other brands) interchangeable lenses. It appears that Nikon has consistently improve and exceeded expectations in this 'special purpose lenses' category. Historically, every Nikkor (brand name for Nikon lenses) which are stamped with 'Micro-Nikkor' are stellar performers and tops its class versus the competition, this new AF-S DX Micro Nikkor 40mm f2.8G is no exception.This lens is the latest of the lineage dating from the Micro Nikkor 55mm f2.8 AIS mount manual focus lens of early 1980s, its FX-format (35mm film) equivalent is the higher specs current model Nikon AF-S Micro Nikkor 60mm f2.8G ED N which works as a 90mm on the smaller DX-format DSLR. This is an interchangeable bayonet Nikon 'G' mount single focal length (prime) DX lens designed for Nikon DX-format APS-C sensor based Digital SLR cameras. It has a 'standard' angle of view that is close to 'human eye perspective' as proclaimed by SLR camera manufacturers.Officially it is not designed for and recommended for use with older Nikon 35mm film (FX) cameras without a body aperture control dial. However, when mounted on my compatible film Nikon F5,this lens retains full function and it works like a 40mm f2.8 micro lens at closest distance only,the edges darkens further from the subject. Though seems workable using 'DX crop function' it is not recommended for the professional Nikon FX series digital SLRs (Nikon D700, D3 series)which the AF-S micro Nikkor 60mm f2.8 is designed for FX-format sensor.I have been waiting for a lens like this AF-S DX Micro Nikkor 40mm f2.8G ever since Nikon released its older brother, the AF-S DX Micro Nikkor 85mm f3.5G VR. I did not find the earlier release suitable because I am not into close-up macrophotography shooting bugs and butterflies which the Micro Nikkor DX 85mm f3.5G VR is the most suitable specialist's tool for 'bug jobs'.My purchase is made-in-China and the lens came supplied with  both front and rear lens caps,the HB61 bayonet lens shade (hood) and a black lens pouch together with a user manual and warranty card in a golden box.The lens mount is metallic and the feel is typical and standard high Nikon quality although the package is made of metal and plastic. According to Nikon, this is a new design and it really handles well and balanced with my Nikon D5000. However, owner should have the supplied HB61 lens shade mounted to protect the lens as the front lens element extends out of the barrel at nearer to closest focusing distances typical of micro lenses.Auto Focusing with Nikon's AF-S technology is silent, smooth and accurate, while the manual focus ring is tactile but responsive for manual override focus at close range. There is also a distance and reproduction scale window plus a focusing distance limiting switch.Being a moderately bright lens, this lens when partnered with the higher ISO Nikon DSLR like the D7000 will perform respectfully under available or low light at the maximum aperture of f2.8 from ISO 1600 to 6400. Recommended body match for this lens is of course, the current D7000/D5100/D3100 or at least D90/D5000/D3000.This is a great compact and light weight lens to bring on a walk-about when paired with the light weight Nikon D3100 and a great affordable upgrade for D3000/D60/D40x/D40 series of Nikon DSLR camera bodies.This lens lacks a VR (vibration reduction) mode unlike its 85mm f3.5G VR sibling, but it does not seems to be a handicap as owners would soon find out as it performs excellently at f2.8 maximum aperture which more than compensated for the lack of VR. If your dSLR has low noise ISO 1600-3200 sensitivity, close up photos could be taken at moderate handheld speed of 1/20s - 1/60s without flash and under natural existing indoor light condition with some practice.Noted that at close distances my Nikon D5000 appears to select program aperture at f3.2 to f4.2, on auto ISO 1600-3200, to optimize depth of field, which seasoned users of micro lenses would know is critical at close range, awesome! It seems that Nikon has built-in some 'fuzzy' logic into its firmware. I noted that it is not possible to manually set the aperture to maximum aperture of f2.8 at minimum focusing distance when the lens is fully extended at 0.163m, it could also be due to the optimum design of the lens that this is the case, otherwise, my copy could be defective.In the DX single 'prime' focal length lenses line-up this special purpose 'prime' lens does not pair up with Nikon's other offerings, the lens which comes close as competition is the excellent and cheaper AF-S DX Nikkor 35mm F1.8G which should be the better choice if you need the f1.8 aperture to do low light/existing light photography most of the time and do not need close focusing micro/macro function.In terms of practicality of use and value, the Micro Nikkor 40mm f2.8G is an affordable and excellent multi-purpose lens and would be a special and exciting addition to your DX format Nikon DSLR system as a second lens with added versatility for close-up macrophotography and some low light photography at high ISO.Image quality and resolution is superb although no special 'Nano' lens coating or ED (Extra Low Dispersion) glass element in its design. Samples of first shots with this lens is impressive and would meet all expectations because all of Nikon's proven technology like Close Range Correction (CRC) and Super-Integrated-Coating (SIC) went into this new lens design.For 'bokeh' lovers,this lens produces a pleasing out-of- focus 'pastel'  background effect at maximum aperture of f2.8 which is quite nice to my subjective liking.Please also see the unretouched natural lighting pictures taken by myself and uploaded into the image gallery with my TIMEX watch as the main close-up subject. I hope it could give you an indication of what this lens could do for you and your photography, together with all the other images I have uploaded.I rate this five stars for a highly recommended purchase for Nikon DSLR DX series users who needs one and its excellent performance. Personally, I am very satisfied with this item purchased from a reputable retailer in Singapore, therefore I cannot comment on experience of purchasing photographic equipment from Amazon.com.Thank you for reading my non-technical end-user review and hopefully it is useful and of help to you.""
