"20120610","5.0","Great!","This product is well worth your money and really everything I expected. Great product and just awesome to use and have around whenever you want to take some cool pictures!""
"20120519","4.0","Great product for cheap","First off this is a lens that has two parts: A Fish Eye Lens and a Macro Lens. The lens that I received is definitely not a true 180 degree fish eye, I'd say it's closer to about a 150 degree lens. Second, the adhesive that is on the ring WILL NOT stay on your device. I have the iPhone 4S and have tried to use 2 of the rings, which do not block off the flash, but they will not stay on. The magnet on the lens itself is much stronger and pulls it off every time. The lens does block the flash when on the iPhone, but that's not a big deal. For less than $20, this is an excellent buy for a pocket lens that you can pop on your phone for some cool fisheye pictures and also some close up macros.Overall 4 Stars due to the magnet (I'm going to use some krazy glue to keep it on now).""
"20120518","4.0","180 fisheye for ipod touch 4th gen","Bought this for my son, for his skateboarding pics and he loves it!  Though the double sided tape that holds the magnet that aids the lense to stay on is kinda week.  We just bought some stronger 3m tape, trimmed it and its all good now.""
"20120503","5.0","Great little Fisheye Lens","I was looking for two small Fisheye lens to fit on my Sony 3-D Bloggie camera and this worked perfect for my needs.The price of $14.00 each is very reasonable and it includes a couple of rings that glue on the front of the lens for Magnetic mounting which easily removes.You must be careful not to shake the camera as the lens will fall off but this is the only way you can have a wide angle view for this type of camera.I have also used this lens on other cameras and camcorders with similar physical measurements for mounting and it works great.Don't expect to compare this lens with a $300.00 Fisheye lens.If you want the best see my review on the Micro four thirds Panasonic format camera.Pat Maestro""
"20120410","4.0","Not bad at all.","I was skeptical about purchasing this lens, mainly because I have a Samsung GSII not an IPhone. Decided to take the risk, and was happily surprised that the metal ring fits perfectly against the GSII's rear 8MP camera. The rings have a notch in them so they do not interfere with the flash (when you line it up correctly). The lens does cover the flash when attached, but it's not a show-stopper for me since it's easy to snap off when flash is required. Using the lens and flash simultaneously would be great, but this is not the lens manufacturer's fault, but rather the fault of the flash being in such close proximity to the aperture.Quality of the lens seems fine for amateur usage.. My expectations weren't that high for a $14 phone camera attachment, but I was again happily surprised when I saw it. I believe these are glass lenses not plastic -- still trying to figure out if the body is plastic or aluminum, either way it looks cool and feels solid. The metal ring attached to the phone camera isn't exactly fashionable. This doesn't bother me though since practicality is more important than appearance.The reason for 4 stars (some might argue 3), is because the lens has it's own metal ring at the bottom which separated from the lens body on the first day. Seems like they didn't apply enough glue.. Since I'm a bit of a handyman and had some 2 part epoxy laying around, it was a simple fix and now it won't be separating any time soon.It's a fun toy, takes cool pictures.. recommended.""
"20120119","5.0","Great Item!(don't know what the other guy was talking about)","The previous reviewer said that this was not a real fisheye,incorrect.It may be a cheaper fisheye than what a professional photographer uses but it is indeed a fisheye lens. It brings in all 180 degrees of sight with the added fisheye effect. I currently have this on my Xperia Play and it works great! And he also said the magnets are weak....wrong again they are strong enough to hold it on and but when it comes time to pull it off,just slide it down and off. I am very pleased with this lens and heck $20 is a reasonable price for something this cool.""
"20111104","1.0","Poorly design","The fisheye lens is unusable for iphone 4. With the phone case, it doesn't stay securely on the phone because the magnet is weak. Even without the phone case, there is a problem -- namely, the lens blocks the flash from the phone. This makes it unusable.Furthermore, the fisheye is NOT really a fisheye. It is merely a slightly distorted image with a circle border.That's why I give a poor rating.""
