"20120604","4.0","Nicely made, but its smaller than I expected!","After reading the other reviews, I ordered this case to hold my Olympus 35-100mm f2.0 lens. It sounded like it was a bit larger than what the manufacturer described. I am disappointed to report that it is certainly longer than what the manufacturer states, but is nowhere near wide enough to fit this piece of glass. Working interior diameter of my case is approximately 3 1/8' and the length is just under 9 3/4'. I was hoping that the lens with its inverted hood attached (4' diameter) would fit in the case, but I can't even get the lens without the hood attached to fit inside.Beyond the size problem, it is high quality. I am not sure what I will find to use it for, but am not going to return it yet. Now I need to look for a bigger case of this style.""
"20120601","5.0","too large for Sony nex lenses","Otherwise a sturdy case. The small case work very well for the 55-210 lens.The large case can be used for other cameras or other series lenses.""
"20120229","5.0","great product","this case fits mt tamron 60-300 lens securely and it is easy to remove lens from case and the sun shade fits in case too.""
"20120220","5.0","Does what a lens bag should do","I got this pouch to supplement the inadequate padding in my new Case Logic sling bag's extra lens pocket.  The pouch itself was around 1.5' - 2' too long for my Canon 70-300mm IS USM lens, but that's not a fault; it's just the dimensions of the bag.  Otherwise, the pouch is very well made out of what appears to be cloth covered neoprene. It is reinforced where necessary. The stitching is very neat and sound.  The top of the bag is reinforced with some kind of leatherette so the string tie doesn't prematurely wear it out. The tie itself comes with a quality string lock.  Lastly, it has a handy hook, as do most others.  I'm going to get a medium size pouch now to fit my lens/sling pack situation better, and use this pouch for another lens.  You can't beat the price.PS. It comes with a velcro 'cable tie' which I find useless because it can't attach to the cable.""
"20120112","5.0","Great pouch at a very good price","I have a variety of pouches from both Cosmos and the more expensive brand name.  There is no major difference in quality, just price.  We use them for everything from camera lenses to batteries, tissues, keys, pens, and other small items that can get lost in a bag.  So convenient and much better then stumbling through your bag for that item that always gets lost. Also for those items you need close the hook is great because it clips to your belt loop.Overall would recommend this bag as a great buy and must have for busy people.""
"20120102","5.0","Great lens pouch!","I bought these pouches in all 3 sizes - small, medium and large.The large works for my Nikon 70-300mm lens.  There is some extra room at the top of the bag with this lens, but it's better to have extra room than not enough room.Great added protection in my backpack (sometimes it is not practical to lug around a camera bag).""
"20111227","4.0","Too big for Canon EF 75-300mm Lens","I got this for my new Canon EF 75-300mm lens, in the tech details at the product page it says 'Approx Interior Dimension:Cannot over 7.9''(L) x 3.9''(Diameter)', when I got it..it looked way more that....when I measured the inner dimension it actually it is 10''(L) x 4''(Diameter)....the length is 2'' more than what I expected....it is too big for my lens....still thinking to keep it or return it....""
