"20120313","4.0","Cosmos Black Medium DSLR Lens Pouch Bag Cover for Canon lens","The LENS CASE WAS WHAT I EXPECTED. IT WAS DELIVERED PROMPTLY AND SEEMS TO BE SUFFICENTLY MADE FOR MY USE.IT COULD BE USED FOR A NUMBER OF DIFFERENT LENSES.""
"20120307","5.0","Perfect for protecting my Canon EF-S 55-250mm lens while walking around","for the price this pouch is awesome! my canon ef-s 55-250mm lens with the hood on backwards fits perfectly!thick padding and the clip attaches to a belt loop so the lens is within easy reach when i need it.""
"20120207","5.0","Great little cheap cases","I bought four of these and couldn't be happier for the price I paid. I fit a Canon ef 70-300mm in the medium bag, a 50mm 1.4 fit perfectly in the extra small, and a ef 10-22mm and a ef 17-55mm fit in the small bags perfectly as well. The only complaint I have is there was some frayed fabric on the inside of the case at the seam line, I cut it out and problem was gone. They also will add a good bit of size to your bag so make sure you have the room.""
"20120102","5.0","Great lens pouch!","I bought these pouches in all 3 sizes - small, medium and large.The medium works great for my Nikon 18-105mm lens.Great added protection in my backpack (sometimes it is not practical to lug around a camera bag).""
"20111206","4.0","Inexpensive find that's better than nothing, i guess","I have a case that holds my DSLR & 50mm/1.4 lens. I wanted something small to drop down in my purse that would protect my second lens - Tamron 28-75/2.8. This works okay. The bag still has a lot of empty space between my lens and the neoprene all the way around (maybe 3/4' all the way around lens). The first time I tried to tighten the drawstring, the black plastic tip that holds the strings together flew off. I nearly dropped the case with $$$ lens inside. I'm not going to bother returning/exchanging seeing as how it was so inexpensive (sixUSD) so I just put the pinch clip back on the strings & tied a knot. Broken plastic piece in the trash. It's not the end-all-be-all of lens cases for sure but for the price, I can't really complain.""
"20111203","4.0","very good","el articulo es muy bueno. De buena calidad y el precio es magnifico. Protege el lente como si fuera el original.""
"20111202","5.0","Great quality, great protection, great price!","Great quality, great protection, great price! Nice, high quality neoprene. You can even use your cloth bags inside these for dust protection. Best lens protection purchase I have ever made. Bulky, but that's one of their best qualities in impact protection.""
