"20120608","5.0","Great product","Great product is all I use on tv, pad, iPhone anything glass electronic I have! Would definetly buy more when I need them !""
"20120607","5.0","Great buy","I bought this so that I could have many different micro fiber cloths spread out, one in my car, one in my work bag, one at work, one in my pocket. Great buy!""
"20120607","5.0","Love these cloths","These cloths are the best I have ever used for my eyeglasses!  They do not scratch and they remove every smudge easily.  Others I have used in the past always leave smudges or scratch on my glasses no matter how carefully I use them.  I highly recommend them.""
"20120605","5.0","Can't not like...","These work well for glasses. I work outside and am fighting sweat and dirt all day long on my lenses. These work great at cleaning them without scratching. I keep them in my pocket without the pouch and wash when needed. They do however, seem to get lost(like the occasional sock), and when I need more, I will be back.Mark""
"20120605","5.0","Satisfaction Guaranteed","As of right now, the first day at which I received the item and already having used one of the cloths, the quality is sufficient for its wide spectrum of uses, including tablets that require extensive cleaning. The size of the cloths are acceptable, especially to get deep into the corners hidden due to a case. To conclude, I recommend this product to individuals who prefer their hardware clean.""
"20120603","5.0","Great little cleaning cloths!","The cloths are just the right size to keep in a tablet or e-book case; they work well on anything with a glass screen. They're also great for cleaning glasses.""
"20120528","3.0","Good clothes, but not so good as everybody says","First of all, I was looking for a cloth that it is similar to the ones that comes, as an instance, with a new tv. This clothes (the one that comes with tv) are awesome. When I receive this ones (goja's clothes) I thought that it will be the same, but it does not.In favor, goja's cloth are not small, also they look great. But, the big flawless is that doesn't clean so well as the previous that I mention. Goja's clothes leaves a mark throught the pattern where you clean it, and if you stop to check, it really noticeable.In contrast, I cleaned my iPad 3 with the unic cloth that I have that comes with a new tv that I bought and the screen looks like if I have just unboxed the iPad.In the other hand, the customer service from Goja is something to,really highlight. Due to the 3 star review and explaining my case, they refund me $3, asking me to improve the seller review. The product arrives on time and it is well packaged.""
"20120526","5.0","Great Cloths","These are the best cloths for cleaning your device screens.  And with a 6 pack, I can now keep a cloth with each cell phone, kindle fire, and tablet that we have and always have a clean screen for work or play.  Perfect size for carrying around in your device cases.""
"20120521","5.0","Just About Perfect","I guess I'll just echo what everyone else has said.  These clothes are great.  I use them to clean my glasses, smartphone screen and camera lenses.  They quickly and easily wipe away fingerprints, grime, dust and other particulates without scratching or damaging the lenses or screen.  For just everyday maintenance cleaning they work better than anything else I've tried.The clothes are well made.  I've had these for almost three months now, use them daily (often multiple times for cleaning my glasses) and they show no signs of wear or tear.The price is right.  I've got enough that I can keep one by my computer, one in the living room, one at the office, one in the car and still have couple spares.""
"20120515","5.0","Excellent Cleaning Cloths","I thought these were going to be like a lot of other microfiber cloths but was willing to give them a shot.They feel well made not flimsy or cheap and have some body to them but very soft.I just wiped my ipad with one and the prints just disappeared along with the little tiny specks that always seem to give me a hard time.These really do work well and the company that sells them seems to really care about their product and customer service.If I need more I will not hesitate ordering again.""
"20120202","5.0","Great product Great company","I ordered these cloths for the price, but the quality is excellent, the company top-notch, and super affordable. I keep one with my Kindle, one with my phone, and gave the rest to my family with glasses. Thanks for a great product!""
"20120202","5.0","Smooth as silk","'awesome quality and just the right size - love the etched logo on the cloth - good product and prompt service'Some microfiber cloths are a bit nappy or rough, but these feel like silk. Tried others but I will buy more of these when they wear out or get too dirty.""
"20120131","5.0","Great buy","These are a great value. My wife uses them for her glasses, I use them for my iphone and ipad, my daughter keeps a couple for jewelry and a Blackberry. One pack's good enough for the whole family, I couldn't be happier with the purchase.""
"20120129","5.0","Keep it clean!","This product does a great job keeping my iPhone screen looking like new. The soft microfiber cloths are really good quality. And with 6 cloths in the pack, I can have one with me whenever I need it (in the car, my briefcase, etc.). Fantastic product at a great price.""
"20120126","5.0","Great Microfiber Cleaning Cloths","Great products! Works 10X better than anything else I have tried. Easily removes those annoying smudges off of an iPad screen with minimal effort. Been using the same cloth for weeks now and it still works as good as the day I got it. Also, lays flat so you can store it under your smartcover (or any other case) and the cover still stays closed. Works great on my phone as well. Highly recommend.""
"20120126","5.0","Goja Great","I had been searching for a microfiber cloth that would be large enough to clean my glasses and easily fit in my pocket. The manufacturer recommends using microfiber to clean the lenses and discourages using soap. The microfiber cloth that came with the glasses was OK, but had a slightly ridged texture that got a bit nappy and held lint to it. I used several other products and they were too big or too small, or too thick. The Goja cloth is the perfect size and shape, incredibly silky texture, cleans wonderfully, and sells at an unbeatable price with no shipping fee, plus comes with a 100% commitment to customer satisfaction.""
"20120126","5.0","Excellent cloths and can't beat the price","I purchased these to clean my tablet screen and camera lenses...these are just the right size and of excellent quality, and the price is great. It seems like such a simple thing but I looked at others which were either too small, too big, or too expensive, and these are just right in every respect. And most importantly they do a great job of cleaning, a fine enough cloth to use on my expensive camera lenses.""
"20120125","5.0","Love These Things!","I purchased these cloths based on the reviews I read and I wasn't disappointed.  Fast delivery and wonderful product. Highly recommend these affordable microfiber cleaning cloths!'""
"20120123","5.0","One Word - AMAZING!","As my title says - Amazing. I love the quality. Just everything about it. I have lots of gadgets that needs cleaning and this cloth does the job well done. I quickly used this to my 3 yr. old laptop (Now looks like new) HAHA! Overall I love this and will buy again next time :)""
"20120121","5.0","Great Microfiber Set","These microfiber cleaning cloths worked great on our Kindle, Kindle Fires, computer monitors, TV's, cell phones, ipads, laptops and camera's. Highly recommend purchasing these from GOJA.""
"20120116","5.0","Great service, Good produc","Extremely quick service. Items exactly as described. Great price. The cloths are large enough to be easy to use, but not overly large and bulky. I have found many uses for them, including cleaning my mobile phone, my Kindle Fire, my computer screen, and my eyeglasses, to name just a few. I would definitely buy from this seller again.""
"20120116","5.0","Excellent product and value","These are really good microfiber lens cleaning cloths. The Ultra Fine cloth is particularly good for my pro Nikkor lenses. The blue cloths clean my Kindle and smartphone glass rather nicely.  I've also thrown one of the cleaning cloths in with my bicycle gear to clean my glasses.""
"20120115","5.0","Excellent value","This is my second purchase of these items.  They are nice, sturdy but soft and silky cloths that do a very good job.  I now have a cloth to go in every glass case, to sit by my computer at work and, of course, to live in the case for my Kindle Fire.  They came promptly, and I am happy to buy again from this seller.""
"20120111","5.0","Work great. Awesome price","Bought these for my iPad to get the fingerprints off the screen and these cloths work great for that. The cloths are super soft and I plan on using them for cleaning my sunglasses as well.""
"20120109","5.0","Great for camera lenses","As a photographer I have used many types of lens cloths over the years.  This cloth is probably the best I have ever used.  The cloth is very smooth and tightly woven.  Also, they have 'pinking shear' type edges, unlike some cloths which have sewn edges, which could make marks on expensive lens.  You really can't beat the price either.  Highly recommended!""
"20120104","5.0","Goja Cleaning Cloths","The cleaning cloths came on time and work great. I have already recommended them to my friends. Perfect for iPads, iPhones, iPods, or other digital devices.""
"20120104","5.0","Great value!","My order of microfiber cleaning cloths arrived on Jan. 3rd (expected on or before Jan. 9th). Very prompt shipping. The product is very good quality and come individually wrapped to use as needed. I purchased them to keep the screen clean on my macbook pro. Great value for the cost""
"20120104","5.0","Love these microfiber wipes","I got a new kindle fire for Christmas and I hate fingerprints on my devices. I bought these and they are great for my kindle, my phone, camera and even my glasses. I keep one on me all the time.""
"20120103","5.0","Great cloths","These microfiber cloths are great. Sturdy and lint free. Shipping was fast. Great size for iPad. Order these without reservations. I will be coming back for more.""
"20111229","5.0","Great Cleaning Kit","Great cleaning item to have with you when you have tablets and wear glasses. The cloth cleans well gets rid of smudges and lints I have three tablets (samsung galaxy, kindle fire and hp touchpad) and the hardest one to clean is the samsung, I don't know if it's the screen protector that makes it so tough to clean but when I use this cleaning cloth it cleans it well, it really gets rid of those hard to clean smudges!""
"20111223","5.0","Just Perfect","This item is an approximately 5' x 6' dark blue microfiber cloth. It works very well for cleaning small objects like glasses, iPhones, Ipods, Kindle Fire, computer screens, etc. The package includes five blue cloths plus one even softer light grey cloth all by Goja. The price is right at $5.99. I purchased the cloths to replace a lost cloth for my husband's eye glasses. We now have enough to share!""
"20111223","5.0","Great product at a great price","These little cleaning cloths are awesome! It makes your devices (such as an iPad) and your glasses look brand spankin' new and oh-so-clean. I will definitely be ordering more once I've used these up. And the price is pretty spectacular too. AND on top of that, it shipped very quickly!""
"20111216","5.0","Quality cloths","I purchased these microfiber cloths primarily for cleaning stubborn deposits from my Digital SLR lenses. Each microfiber cloth comes individually packaged and protected, so you get a pristine cleaning surface right away. The microfiber cloths are actually well sized so I think I will only need several for my lenses. The rest I will use for cleaning things like smartphone glass etc. The price is perfect.""
"20111214","5.0","Great Product!","5 great microfiber cloths and a bonus grey one. Excellent quality, used for wiping my iPhone screen, wipes grease, oils and dirt off with ease. Great product, fast shipping.""
"20111211","5.0","Great to tuck away for use...and great value","I bought my kids Touchpads during the great closeout sale, and bought these so that they will each have one to keep the screens clean.  Let's face it,  any touch screen tablet, regardless of the brand, is going to get fingerprints...that's just a fact of life.Each tablet they have is in a leather holder, and these fold so flat it is easy to keep them tucked away in the holder, behind the back of the tablet.  So, they're easy to pull out, clean the screen with, and then tuck back behind the tablet.In shopping around, these seemed to be the best value considering price and quantity.  They do a great job on the tablet screen and on the shiny border around it as well.  I also use them on my Blackberry phone and on my reading glasses.While you don't get prime shipping (as of this writing), the shipping charge was really cheap and I had them in a few days (in South Florida).  I hope my comments were helpful to you in making your buying decision....I highly recommend these cloths!""
"20111203","5.0","Quality Cloths at a Great Price","These microfiber cloths are high quality, and have been doing a great job on my two tablets, my glasses, and one of my cameras. For the price, this is pretty much unbeatable.""
"20111202","5.0","Works great to clean electronics screens !","The Microfiber Cleaning Cloths work excellent to clean phones, glasses, LCD screens, etc. The cloths are of great quality and I received the order only after a few days.  I will buy again!""
"20111117","5.0","Great for cleaning!","I looked all over for decently priced lint-free (microfiber) cloths in stores (and online) and these are the best ones I've found!First off, they're a great price! Secondly, they work extremely well! (I use them for my phone, laptop and galaxy tablet!)And finally they're really quite stylish! love the blue color!Great product, great price!""
"20111114","5.0","Excellent!","We are using these for our glasses and it does the job.They feel good and work good, wife happy!""
"20111114","5.0","Serves its purpose","5 excellent microfiber cleaning cloths for less than $4.00.  If you're looking for just microfiber cloths alone, you get a better deal here rather than purchasing them in stores.  Highly recommend purchasing from this seller.""
"20111002","5.0","Good","Ordered these since i only needed new cleaning cloths for my glasses and saw how cheap they were so i had to get them.I am pleased with what i have gotten the description says 5 microfiber cleaning cloths (blue) + 1 ultra fine goja microfiber cleaning cloth in the pic i assumed it was the white one and would be the white one when i got it, I currently have 6 blue cloths from my order i dont know if one of them is the 'ultra fine' goja microfiber or not but i dont really care i just got them because they are cheap and they are what i needed to clean my glasses and other electronics that i have.Anyway good cloths to use for cleaning electronics so get them.""
"20110818","5.0","Excellent!","These cloths are a screaming good deal. 6 NICE Goja microfiber cloths, 5 blue one beige. Ideal for touch screen phones, tablets, cameras, handheld GPS units, etc. I put one on my desk at work, one in the car, one beside my bed, one beside my favorite chair, and even one in the bathroom - any place I ever want to clean the screen of my phone or tablet. I like these so much, and this deal (as of 8-18-2011) is so good, I ordered another set just to keep on hand, or give away.""
"20120515","5.0","Great Product, Great Price!","These are a great size, not too small, actually bigger than I expected. They're great for my husband's big hands! I bought a bunch because the kids always steal mine for their iPod Touches and they clean very well. And for this great price, now I can leave them wherever I need them to clean my iPhone, my iPad, even my eyeglasses. Love this product, and they arrived fast too!""
"20120514","5.0","Excellent Cloths!!!! Period.","I bought these cloths after reading several reviews on a variety of different cloths.  These cloths seemed to have the best reviews, and I wanted something that was going to work well for my new iPad, so I bought these.I have to say that I have used the cloths for several days now.  Even on the first day my iPad had significant finger smudges for not having been cleaned for a while.  I pulled out one of the cloths and wiped the iPad.  WOW!!! Instantly the smudges were removed and left the screen looking great.  I tilted the iPad in the light to indeed make sure the smudges were gone and that the screen had not be scratched.  Like I said, no smudges and there were no scratches.  These cloths work fantastic.  I keep one with my iPad at all times and when the screen is looking a little smudgy, I pull out and the cloth and BAM, good as new.  They shipped quickly and they even arrived in decent time, even though the were shipped via the USPS.  Overall, I would HIGHLY recommend these to anyone looking for a great cloth to use on their electronic devices.  I have a Cannon Camera and a Sony camcorder that I will be using these cloths on as well.Love 'em!""
"20120514","5.0","Great Experience","I was happy to get my order early. I liked the clean packaging since this is a cleaning cloth.... Exactly what I need for my Droid and both glass & plastic lens glasses. Great price, I recommend this company highly.""
"20120514","5.0","Great product","I love these microfiber cloths - they do a good job cleaning, and are a good price.  Goja ships their products very quickly, and they didn't charge for shipping these cloths.""
"20120511","2.0","Not that great for me.","Let me first start off saying that I am a cell phone salesman. I have put on a whole lot of screen protectors on in my days. The most important part of that is starting with an absolutely perfect screen. I recently began my search for a better screen cloth because of the abnormal amount of used phones I have been putting screen protectors on. These had the best reviews.These do NOT take fingerprints off completely as others have said. If you are using these for personal reasons, they are probably fine, but that is a big problem for me. One other thing, these things LOVE dust. If you know anything about screen protectors, the smallest speck of dust will create an unbearable bubble.Disappointed. Not the worst but far from perfect. I will keep looking.""
"20120505","5.0","Highly Recommended","These are excellent cleaning cloths. I use them for my ASUS Transformer Prime tablet. Cleans fingerprints and grime easily with no scratching. The black cloths have a heavier weight of fabric than normal and a very tight, soft weave. I've used a lot of microfiber cloths over the years for my glasses, professional DSLR lenses, and now my new tablet. These are the best I've used by far.""
"20120504","5.0","The best cleaning cloths for electronics I have ever owned","Awesome cleaning cloths. They came individually wrapped in their own plastic and feel super soft. They get the job done as I have used them to clean my LCD TV, Playstation Vita, and Cell phone. The cloths wipe away finger prints and smudges from the screens like they were never there. They also were delivered really fast, much faster than I normally get my amazon packages. I would definitely buy this 6 pack of cleaning cloths again.""
"20120504","5.0","Excellent service and product!","I got my items earlier than I expected, and they work perfectly! Fantastic for my phone, tablet, laptop. Excellent. Also, they're packaged well, so I can reuse them more easily than other cloths I've purchased.""
"20120503","5.0","Great Product!!!","The cloths work great on any glass or delicate surface.  I have used them on camera lenses, computer screens, sunglasses, and other glass surfaces.  These cloths are big enough to clean a large screen but small enough to keep in a camera bag.  Great quality and value.""
"20120503","5.0","Best cleaning cloths","I use these cleaning cloths on a variety of items around the house and office. From cleaning my glasses, iphone and ipad to cleaning my camera lenses it always leaves surfaces clear of fingerprints, smudges and dirt. You can tell right away the material is durable by the feel of texture. I find the six pack offer to be a good deal as for me it's been convenient to leave cloths in the car, in the house, in the office in the camera bag, basically having one handy for whenever I might need it. Two thumbs up!""
"20120502","5.0","Great Cleaning Cloths for my new iPad","Received cloths quickly. Price was reasonable.  Cloths are good quality and would buy again if I lose them.  I plan to take a few with me when I travel.""
"20120501","5.0","Not what they seem","I bought two packs of microfiber cloths--these and some of the chamois type--for use at work. I thought I'd prefer the chamois type because they were larger, more substantial, and had a stitched edge. Turns out the Goja cloths work twice as fast as the others. I'll be using these until somebody finds me something else that works as well at this price point.""
"20120430","5.0","Goja","'These cloths work very well. I have used them on an iPhone, iPad, and camera and have removed all of the fingerprints and smudges.''""
"20120430","5.0","Great product.","The estimated delivery date was between April 26 and May 1, and they arrived April 26 in perfect condition. On top of that, the product itself is fantastic, and it's a lot cheaper than the other screen cleaning products on Amazon. Great deal and service.""
"20120430","5.0","Just What I Needed","I got exactly what I ordered and promptly. It was just what our household needed, with 6 cameras, 2 ipads, 4 computers, multiple pairs of sunglasses and 3 smartphones. A good product at a reasonable price.""
"20120428","5.0","Can't Go Wrong","You really can't go wrong with these. I was a bit afraid at first that these might be similar to the tiny microfiber cloths that come with screen protector nowadays, but I was completely wrong. First, their size is just right, not to large and not to small. Thickness is just right, it isn't like those thick towel microfibers, but neither super thin where it offers no protection. Material is pretty good too, could be a bit more silky feeling, but it isn't cheap feeling either, just feels 'solid' for a microfiber cloth. I'd easily recommend these to anyone looking for some cheap, but quality feeling microfiber cloths. Oh, another added touch is the logo on these things doesn't get in the way like I've seen with some others where you're afraid that it might actually scratch what you're cleaning; it's pretty soft as well.""
"20120428","5.0","A must for DSLR","Bought from DigitalGoja. Fast shipping. Very happy with the purchase. FYI. The cloth is very fine and ~3 time thicker than the average MicroFiber that came with most sunglasses.""
"20120428","5.0","Happy customer","''Good product for a good price. Got it in a very reasonable amount of time. Keep up the good work!''""
"20120427","5.0","Great Value and Excellent Service","I bought these microfiber cloths to keep at the office, in the bed side table, and in my travel case.These are great to use when cleaning eyeglasses, iPads, iPhones, computer screens and camera lenses. Highly recommend this seller!""
"20120427","5.0","Great product","It was a shot in the dark for me, I needed a wipe or some kind of soft cloth for my camera lenses and quickly found this Goja cloth which works pretty well. It's really nice and soft, kinda equivalent to an Oakley micro bag that they offer for their sunglasses. You can use it not just for your camera lenses but for your phone, gaming devices, and tablets. I got the product really fast so that's a plus. I'm looking forward to buying another set soon.""
"20120427","5.0","Good Deal","Items arrived quickly and were exactly as described. Can't do better than that.  You can feel safe about ordering this product.""
"20120426","5.0","Great","Great item. I use one for my iPhone, one for my iPad, one for my sunglasses and my wife uses one on her phone. I hope they last longer than the last set I bought from another company.' They do exactly what they say they will.""
"20120426","1.0","Do you know why there isn't a single negative review?","Because the seller offers a FREE set of 2 more cloths in exchange for a 5 star review! Well, here's my review:That's not how you do business, DigitalGoja. These microfiber cloths aren't as good as I wish they were. I lost my microfiber cloth that came with my Emporio Armani sunglasses and it was much better than these. Yes, GOJA still do a pretty good job, but they don't stick to my hand like my cloth used to and they slide off my hand easily, which is a little annoying.""
"20120425","5.0","These come in handy!","I bought these to use with my my Kindle Fire. I bought a Marware case for the Fire that has a spot to let you hold the Fire one handed and since I don't use it for that I thought it would be a good place to keep one of these microfiber cloths.These work perfect for that! They are a great size, not too big like most other and fairly thick compared to cheaper ones that I have tried. I am really impressed with the quality of the cloths. I really didn't need six of them but I stuck them in places where I thought I might need them (one in my purse, one in my office, one in the glove compartment) and I find myself using them quite often. Only takes a couple swipes and my Fire is completely clean. I can't say enough about these, I love them!""
"20120425","5.0","Absolutely Fantastic Product!","These cleaning cloths are truly fantastic. I bought them mainly for my iPad, but found that they are great for camera lenses and eye glasses as well. The cloths did a fantastic job removing smudges and fingerprints, and left the glass looking like new. The size also seems just right for me - not too big to be a pain to carry around, but not too small to make them difficult to use. Though the product was not covered by Amazon Prime, the shipping was free and the cloths arrived earlier than expected - great service.""
"20120423","5.0","Great cleaning cloths!","I searched for a good hour on finding screen cloths for my electronics. I decided on these since they're a great deal for a 6 pack. They arrived in the mail very quickly. The first thing I tried them on was my cell phone. The screen was full of fingerprints... but after a quick swipe of the cloth, the screen looked as though I just pulled the phone out of the box!! These cleaning cloths are awesome!! I use them on all of my electronics! My PSP, PS Vita, DSi, Kindle Fire, my cell phones, etc... They clean everything to the point where the screen looks brand new. I haven't needed to wash them yet, but if something happens with them in the wash, I will be sure to update my review (as they say they are machine washable.)I highly recommend these cloths to anyone that needs to clean their electronics' screens.Thanks GoJa for your high quality, aggressively priced product!""
"20120423","5.0","Magicfiber ultra fine Goja microfiber cleaning cloths","Received my order of 6 Goja microfiber cleaning cloths approximately 4 days early from scheduled delivery window.Each cloth was individually packed in its own plastic sheath.  Quality and number of items met expectations, no defects noted at this time.I immediately tried out the cloths on some sunglasses, eyeglasses and laptop screens.I had no high expectations of performance as I had been using lens cloths from optometrists and camera supply stores and figured my lens and screens couldn't get much cleaner.Holy Cow!  I had no idea how much more effective these microfiber cloths were.  The difference in cleaning results were very obvious.  I've just thrown away my old lens cloths as the trash that befits them.  I thought all my glasses and screens were clean before, now I know better.A person could go nuts cleaning everything within reach with these cloths.Recommend these to other people?  Heck!  Not only would I recommend these, I'm going to get more as gifts for some people.PS:  I know realize that I should have looked for different colored cloths, I can't tell when these black colored ones have been saturated and need cleaning.  Oh well, just schedule once a week hand washings.""
"20120422","4.0","good, but more of a silk feeling than I was expecting","I think these microfiber cloths will work well, but I've been very happy with a couple of free Pentax microfiber cloths that I got from an eyeglasses store about 10 years ago, so I've been trying to find very similar replacements.  The Goja cloths have a slightly stiff and silky feel (possibly made from polyamide?), while the old Pentax cloths have a softer cotton feel (possibly made from polyester or a polyester-polyamide blend? And yes, I have access to Wikipedia, haha).  The Goja cloths don't have any lint issues, but neither did my old Pentax cloths, so overall I think they're good cloths but I might look around a bit more to try to find some with a little softer and more cotton-like feel (without lint issues).  I've heard good things about Pentax Supaclean microfiber cloths, but I'm not sure if they're still available for sale.  Disclaimer: I'm not affiliated with Pentax in any way, I just haven't found any microfiber cloths that match the quality of the free ones I got ages ago (IMHO).""
"20120419","5.0","Great cloths at a great price","Decided to order these cloths beacause they had such a high rating. Now I know why. They shipped and arrived in record time and are a quality product. I bought them to remove some stubborn smudges from my plasma tv and it worked as advertised. Will definately buy from this company again.""
"20120419","5.0","Exactly as expected","I keep a lens cloth handy because my antiglare lenses attract dirt like a dark suit attracts lint.  These are the perfect size to keep in my pocket with my keys.""
"20120419","5.0","Exceptional Cleaning Cloths","'Very pleased with the product, low price, and speed of delivery. Would do business with again.'The cloths do a great job removing fingerprints from my expensive camera lenses.""
"20120419","5.0","Great cleaning cloths, I gave mine away and need more","I am very pleased with my new cleaning cloths from DigitalGoja.  They each come in their own little bag so your cloth will stay clean until it is needed.  These are a great value and they are really nice, thicker than ones I have used in the past.  I think the thickness makes them easier to use because the thin ones bunch or fold up and I accidentally smear my fingertips on the screen as I wipe -not with these Goja cloths.I've already given mine away so I need to purchase more.  I will get extras next time so I can give them away as stocking stuffers or anytime I see a friend using their Tshirt to wipe off their glasses or gadget.""
"20120417","5.0","Love it.","These are great!  They take greasy finger prints off in a second.  I love them.  I was thinking of buying more cause they work on everything!  Would highly recommend them.""
"20120416","5.0","You won't be disappointed.","I waited a little while to review the cleaning cloths because everyone spoke so highly of it...and there's a reason. These cloths are fantastic. They clean real well and hold up quite good. I've used only two thus far for the past few months and the quality is truly there. High, HIGH recommendation for these. Really, you won't be disappointed.""
"20120414","5.0","Amazing Product","The MagicFiber cleaning cloths are worth buying for your kindle, iphone, ipad, glasses and so on. It does work as advertised. Great cloth for cleaning gadgets!""
"20120412","5.0","Excellent product","I bought these cloths for the specific purpose of cleaning my iPad and iPod touch.  They work very well and remove all traces of smudges and fingerprints.  They don't smear and they seem to be made of a high quality cloth.  I haven't used them for other products but they seem as if they would clean cameras, laptops and other products equally well.""
"20120411","5.0","Beautiful cloths","The product is of surprisingly excellent quality--each cloth is individually packed and has a very silky texture. It's quite a bit nicer than the cloth that came with my ipad case.  Holding in your hand you can immediately tell this isn't made of some cheap material. Its also the perfect size for cleaning my ipad, neither too big nor too small.  I will continue buying from digital goja in the future.""
"20120410","5.0","Quality","These aren't as thin or as 'soft', perhaps, as some of the fancier ones, but they do a great job as a microfiber cloth. I find them to be quality (no fraying or loose threads, nothing to be concerned about) and I use them extensively. Best if used with a lens cleaner solution, of course.""
"20120409","5.0","Excellent Microfiber Cloths","These microfiber cloths work with little effort to clean the screens on both my HP Touchpad and Motorola Xoom. I will recommend these affordable cloths to others.""
"20120409","5.0","Great cloths for new iPad...","These cloths arrived exactly as described. They are perfect for my new iPad. I use one in my Zaggfolio keyboard case as a protector between the screen and keys. They were delivered quickly and are individually packaged. Great buy!""
"20120409","5.0","Great product, great service!","Wow! What a great product! My glasses have never been so clean. And this came FOUR DAYS before the expected date. I am so impressed. If you are in need of cleaning cloths for your glasses/LCD screens/etc this is where you need to go. I'm definitely going to use them again, instead of my local optometrist.""
"20120406","5.0","Excellent Product.","Excellent product. Sheet is nice size. cleans my iPhone & iPad beautifully. Good value and fast shipping. What more could you ask for?""
"20120405","5.0","Great product and Great Customer service","'Quality cloths better than expected. Very fast service. These cloths do an excellent job cleaning ipads, iphones and glasses. It is hard to find outstanding customer service, this company goes above and beyond to provide the high level of service so rare today. Please purchase the cloths you won't be sorry.""
"20120402","5.0","Goja Cloths","Wow a product that works!! I desperately needed a cleaning cloth for my 'Nook' and my cellphone. I was a little skeptical when I ordered it but I figured if I didnt like them I could always return them. I will not be returning these cleaning cloths they work so well!!! I used it for my Nook, my cellphone, my cameras. You will not need any other cleaner this cloth does it! Thanks""
"20120402","5.0","Better than expected","Items are better than expected. I cleaned my Maui Jim and Oliver Peoples sunglasses with the Goja cloths. It did a much better job than the thin ones I got from the sunglass manufacturer. I have a set of pro Nikon lenses, I will be cleaning that next.""
"20120402","5.0","Outstanding","I bought these for my camera lenses but tried them on my glasses first and was amazed how well they worked. I then used them on my Canon lenses and was startled to see them clean away 'stuff' that my other cleaning cloth had left behind. Glass is absolutely clean with no traces of microfiber hairs left behind. Terrific product.""
"20120401","5.0","High quality, low price","These Microfiber cleaning cloths are a phenomenal value compared to what one might pay at an electronics retailer or local store.  They are very sophisticated-looking and are a great accessory for everyone's favorite shiny electronic products! My iPhone and Macbook Air are never more than a foot away from a cleaning cloth from Goja!""
"20120329","5.0","A MUST have on hand item!","These are great wipes and are the right size for glasses, sunglasses, smartphones, and tablets. The multipack is a convenient way to get one for every member of the family. Be warned ... everyone who sees you use it will want to borrow it.  A quick wipe and your screen is smudge and print free!""
"20120328","5.0","Outstanding product!","Incredibly speedy delivery!  This is an excellent product--I useit to clean my iPad screen--and would readily recommend it.""
"20120326","5.0","Toolman","'WOW!!! This was super shipping!!! Cloths are thicker than the ones you get from Apple, but not bulky at all. They seem to be great.'I already had fellow associates at my job look at them, and they said that they would be ordering some too.""
"20120322","5.0","Perfect in every way.","These babies are perfect. they're soft and very gentle on my Samsung Galaxy S2 and Tablet 7plus. They even fold nice and flat so you can place them in the same case you're using for your tablet without it taking up space.Plus, I Got them faster than I expected.""
"20120322","5.0","works great","Arrived on time and having tried the cloths on several items, I am pleased how well they clean each surface; the sunglasses were cleaned quickly and efficiently and the electronics' screens have been cleaned from smudges and fingerprints; had question about how to use and received prompt response""
"20120322","5.0","Handy little cloths at the right price","Very soft cloths at a good price. I bought them to use on glasses, LCD screens, for my iPhone, and camera lenses. The fact that the company owner sent a letter along with them was a nice touch!""
"20120319","5.0","Works Great","I just got the new iPad, and wanted to get a good microfiber cloth to clean the screen.  These are the perfect size and great quality.  I also keep one in my car for my touchscreen navigation.  A great value for the price!""
"20120310","5.0","Microfiber cloths","Very nice!  The price is great.  The cloths are as described.  Each is individually wrapped in plastic.  They ship and arrive quickly.""
"20120310","5.0","just buy them","These are THE BEST glasses cloths you can buy! If you're reading this, just buy them. No lint on these glasses anymore""
"20120307","5.0","Perfect!","These cleaning cloths are perfect, just what I was looking for.  (Hopefully now my husband will stop leaving strips of slightly windex-misted paper towel around the house!)  My order arrived very quickly, in about two days.""
"20120307","5.0","great lens wipes - just buy  'em","'These are THE BEST glasses cloths you can buy! If you're reading this, just buy them. No lint onthese glasses anymore'""
"20120307","5.0","Best of Breed","Arrived quickly and even better than described - superior to name brand products costing much more. Love the generous size and elegant look. Most important - low surface friction and thorough cleaning every time. So happy I found these. At this price, I can have one at every desk and workspace.""
"20120305","5.0","As good as the "high-priced brand!"","I had been disappointed with all microfibers I have tried over several years, which cost less than those generally sold at opticians and camera stores. They would generally get oil, grease, etc off OK, but all of them left a fine lint behind, even after numerous washing/drying cycles. I would use them initially for heavy soil and follow with one of the precious ones to get the residual lint off. No more need anymore to carry more than one. Cleans fast, thoroughly, and doesn't scratch.These are wonderful, and 6 cloths cost the same or even less than one of the 'high priced brands'- you can't go wrong!""
"20120305","5.0","Great cleaning cloths","These cloths are great for cleaning my iPad and can be used for other products as well, like my camera screen.  Also great for cleaning glasses.  Plus, it's handy to have one in several different places so one is not always searching for 'where did I put that cloth?'  I love this product.  This company has great customer service as well.""
"20120304","5.0","Excellent - Pleasantly Surprised","These Goja cleaning cloths work great.  I really wasn't expecting much but thought I would give them a try based on the reviews.  I was not disappointed.  They remove fingerprints, smudges, etc., from my Kindle and iPhone with one wipe.""
"20120304","5.0","Excellent, better than expected","Even with all of the positive reviews, I was still surprised at how well these cloths work.  I bought them for my new Galaxy tab.  With other cloths, I had to wipe repeatedly to get rid of all of the smudges.  With these cloths, a few swipes with the cloth, and the surface is perfectly clean and shiny.  It now resides permanently inside the case.""
"20120302","5.0","Great deal on a great product","Great product and a great deal. I will not have to purchase cleaning clothes for very long time. I imagine that these will last for years and years. They do a great job of getting the finger grease off of my tablet, smartphone and even DVDs and CDs""
"20120302","5.0","Nice microfiber cloth","This microfiber is good stuff. I just got it and used it and it is neatly wrapped in it's own. Excellent service and would recommend their products.""
"20120228","4.0","Excellent product!!","Great company to do business with.  The product is awesome and a steal of a deal!  I would definitely recommend !""
"20120226","5.0","Best Microfiber Set Deal","Great deal on this 6 pack of Microfiber cloths. I've been using them for several weeks now and so far so good!""
"20120225","5.0","Ultra Fine Goja Microfiber Cleaning Cloths","I'm very pleased with how these microfiber cleaning clothes perform!  My phone screen cleans up instantly, and of course they work very well on my glasses!  Definitely a first class product.""
"20120224","5.0","very good product","I got the '6 Pack of Ultra Fine Goja Microfiber Cleaning Cloths'.I expected them to arrive this week as they said in the estimated delivery but they arrived earlier (very fast shipping). They clean easily my phone screen, my tablet and my laptops. The size is the same as in the product description. I like them very much.Thank you DigitalGoja""
"20120222","5.0","Finally something that works!","I have tried about a dozen different microfiber cleaning cloths but only this one comes close to getting those really annoying smudges off. There is definitely some room for improvement though: while the smudges are almost completely gone after couple of swipes there still remains a thin layer of oil that could be bothersome under certain lighting conditions.That said, I am still giving this product 5 stars because of them being the best of the breed. Plus, the price is reasonable. Not sure why others think they can charge twice for a piece of cleaning cloth!""
"20120220","5.0","Just as described...","Looks as described. Seems great. We'll probably use for the iphone/ipad as well. Seemed like the best deal when we ordered it.""
"20120217","5.0","6 Pack: Ultra Fine Goja Microfiber Cleaning Cloths","Excellent product, great price and super fast shipping! The Goja cloth is the perfect size and shape, incredibly silky texture, cleans wonderfully, and sells at an unbeatable price with no shipping fee - it comes with a 100% commitment to customer satisfaction.""
"20120214","5.0","Great product!","Received these handy clothes in record time. Wonderful for removing those pesky finger prints from my IPad, it even wipes out the truly awful greasy hand lotion smears. I am pleased as punch.""
"20120210","5.0","Delivered as promised; works great keeping 2 iPhones and 1 iPad clean.","Delivered as promised; works great keeping 2 iPhones and 1 iPad clean. Having used the cloths successfully for several weeks now, it seems to be a quality product.""
"20120210","5.0","Great Cloths","These are great little (actually not so little) cloths!  I use them for anything electronic, iPad, smartphone, LCD TV, monitors, etc.  I never have to worry about scratches and they wash even easier!""
"20120207","5.0","Goja Micro Cloths","Items are larger than I expected and work terrifc, they remove all finger prints and make my device look new again. Thank you for a great product!""
"20120207","5.0","Awesome product!","Awesome product! Exacty what we need for our mobile devices. Will order more. Little bag they come in great to keep them in and fits nicely ith ipad in it's sleeve""
"20120206","5.0","HIGH QUALITY microfiber cloth","Just as others reviewers have stated, HIGH QUALITY microfiber cloth. Works great...left some in all my sunglass cases, and enough for spare ones at home and work! When the time comes that I need more, I'll be placing a repeat order here!Great price and top notch quality you can't beat!""
