"20120524","5.0","Great Product/Great Company","Once we got the size right, this works great!  Be sure to order the size of your lens cap and not your lens :)  They were so quick and easy to deal with on the exchage.""
"20120523","4.0","Nice product","This is a nice accessory to have.  Gives a place to keep the camera cap.  Sometimes seems a bit fiddly to get the cap on, compared to just dropping it into a pocket, though.  Also bear in mind that only two of the sizes are on the front, and the other is on back, between the buckle and the strap.  Still usable, but you have to slip the cap behind the buckle.Because it fits on the wide part of the strap, I find I have to have it too high up on the strap.  I would prefer it fit lower on the strap, but this is more the fault of the strap design than it is this buckle itself.I will keep using it for now, but I suspect it will turn out that I'd just as soon drop the lens cap in my pocket, than take the time to clip it to this buckle.  Time will tell, and I'll try to update my review after I've used it more.""
"20120522","5.0","perfect and out of the way","many people have stopped me saying how neat this is and how it is better than the lens covers that are on a string. it is a tight fit on my camera strap...but i need a new camera strap anyway so i'll just make sure it fits better on the new one :)""
"20120511","5.0","great product","This is a great product! Even though I haven't lost a camera lens cap yet, I could never find an ideal place to put it when I take pictures. This lens cap holder is very easy to use. I would say it's a great investment for anyone who has an SLR camera.""
"20120202","5.0","Genius - Why didn't I think of it?","Awesome product - much needed.  It's too bad I lost 3 lens caps before this was available.Make sure you read the dimensions on the inside of your lens cap before purchasing.  I could see how someone might easily order the wrong size.""
"20120130","5.0","Does what it's supposed to do","This camera lens cap holder is just that, a camera lens cap holder.I currently have two different size lenses for my Canon T2i, a 67mm lens (Canon EFS 18-135mm f/3.5-5.6) and a 52mm lens (Canon 50mm f/1.8).  What's great about this lens cap holder is that it can hold different sized lens caps, and for me with the lenses I own, it works perfectly.I believe there are similar products out there that I have seen, but for the price (~$20), this product is great.""
"20120116","5.0","Why didn't I think of this!!","Bought this for both my mom and sister for Christmas! Now buying one for myself!! Ingenious!! no more looking for the lens cap!""
"20120104","5.0","Exactly what I was hoping for !!!","I have been taking pictures with digital cameras for at least 15 years now, and it was only recently that I purchased an SLR camera.  I love the step-up in quality and it was certainly a great thing to invest money on with a new baby in the house.  But I have lost too many lens caps, so I thought I would try some products to keep them from disappearing.After trying a couple of the cheap ones on here, I found the Camera Buckle.  And it is AWESOME!I use it all the time.  I always know where my cap is.  And what is even better, I can wear it on my belt!  I don't think that is in the advertising, but it should be.  I wear a belt with my shirt tucked in all the time, and i always have a place for my cap holder, so I never lose it.  GREAT product.  I can't say enough about it.""
